sample_id,true_label,custom_predicted_label,custom_confidence,builtin_predicted_label,builtin_confidence,custom_prob_0,builtin_prob_0,custom_prob_1,builtin_prob_1,custom_prob_2,builtin_prob_2,custom_prob_3,builtin_prob_3,custom_prob_4,builtin_prob_4
9037,People & Occupations,People & Occupations,0.9998331069946289,People & Occupations,0.9997157454490662,1.6700154446880333e-05,3.0264044426076e-07,5.977083492325619e-05,0.0001441189378965646,0.9998331069946289,0.9997157454490662,9.006907203001902e-05,0.00013980480434838682,2.5218093924195273e-07,4.224441596534234e-08
8682,People & Occupations,People & Occupations,0.9997492432594299,People & Occupations,0.9996392726898193,1.5456258552148938e-05,3.1302093361773586e-07,0.00012073764810338616,0.0001783028565114364,0.9997492432594299,0.9996392726898193,0.00011429727601353079,0.0001821397599996999,2.804425776048447e-07,4.366351902262977e-08
1272,Nature & Space,Nature & Space,0.999824047088623,Nature & Space,0.9997350573539734,9.45354770465201e-07,5.902262500967481e-07,7.060559710225789e-06,2.39239227539656e-07,7.432391430484131e-05,0.00011118621478090063,0.999824047088623,0.9997350573539734,9.35706339078024e-05,0.00015293106844183058
8124,People & Occupations,People & Occupations,0.9998270273208618,People & Occupations,0.9997156262397766,1.4264002857089508e-05,2.4647164309499203e-07,7.931178697617725e-05,0.00016258274263236672,0.9998270273208618,0.9997156262397766,7.909945998108014e-05,0.00012158504250692204,2.410839954336552e-07,3.894470168575026e-08
6661,Nature & Space,Nature & Space,0.9998091459274292,Nature & Space,0.999721109867096,6.42186705590575e-07,4.5778284629705013e-07,8.09235825727228e-06,2.018560678607173e-07,4.186187652521767e-05,0.0001591668842593208,0.9998091459274292,0.999721109867096,0.00014014294720254838,0.00011908788292203099
3092,Nature & Space,Nature & Space,0.9997377991676331,Nature & Space,0.9996548891067505,1.3207288702687947e-06,7.121673775145609e-07,1.0987726454914082e-05,3.184414083534648e-07,0.00012618779146578163,0.000186885692528449,0.9997377991676331,0.9996548891067505,0.00012369400064926594,0.00015723718388471752
9901,Animals & Pets,Animals & Pets,0.9998376369476318,Animals & Pets,0.9997019171714783,0.9998376369476318,0.9997019171714783,6.720508099533617e-05,0.0001148010342149064,9.646631951909512e-06,3.792833354054892e-07,7.540363640146097e-07,3.9281985664274544e-07,8.472346235066652e-05,0.0001825990475481376
1216,Animals & Pets,Animals & Pets,0.9997857809066772,Animals & Pets,0.9996300935745239,0.9997857809066772,0.9996300935745239,8.454320050077513e-05,0.00020757604215759784,1.0889266377489548e-05,4.282923669052252e-07,1.190362013403501e-06,5.632772399621899e-07,0.0001176544392365031,0.00016126279660966247
4643,Food & Fruits,Food & Fruits,0.999881386756897,Food & Fruits,0.9997653365135193,6.258452049223706e-05,0.00010313044185750186,0.999881386756897,0.9997653365135193,5.156714905751869e-05,0.0001312360545853153,3.788476305999211e-06,1.995208265270776e-07,6.411083859347855e-07,9.42041893381429e-08
1708,Food & Fruits,Food & Fruits,0.9998658895492554,Food & Fruits,0.9997168183326721,7.027792162261903e-05,0.0001423545036232099,0.9998658895492554,0.9997168183326721,5.975153544568457e-05,0.0001405612420057878,3.508886493364116e-06,2.415629865026858e-07,6.025267680342949e-07,7.91156580248753e-08
4654,Food & Fruits,Food & Fruits,0.9998503923416138,Food & Fruits,0.9997116923332214,6.869386561447755e-05,0.00013289725757203996,0.9998503923416138,0.9997116923332214,7.541315426351503e-05,0.00015503029862884432,4.891875505563803e-06,2.1414845718936704e-07,6.147685667201586e-07,9.241063736453725e-08
3168,Food & Fruits,Food & Fruits,0.9998409748077393,Food & Fruits,0.9996859431266785,7.380031456705183e-05,0.0001609299797564745,0.9998409748077393,0.9996859431266785,7.874786388128996e-05,0.00015267029812093824,5.589986358245369e-06,3.0019302243999846e-07,8.30770318316354e-07,1.0590235177687646e-07
10342,Animals & Pets,Animals & Pets,0.9997811317443848,Animals & Pets,0.9996736645698547,0.9997811317443848,0.9996736645698547,6.691613089060411e-05,0.00015464372700080276,8.557792170904577e-06,4.238268331846484e-07,9.878136779661872e-07,4.466533312097454e-07,0.0001424454094376415,0.00017064819985534996
10943,Food & Fruits,Food & Fruits,0.999796986579895,Food & Fruits,0.9996473789215088,8.702089689904824e-05,0.00016885715012904257,0.999796986579895,0.9996473789215088,0.00010973449388984591,0.00018322959658689797,5.338194569048937e-06,3.594078918922605e-07,7.911223747214535e-07,9.789337696020084e-08
9493,People & Occupations,People & Occupations,0.9998670816421509,People & Occupations,0.9997732639312744,1.1687817277561408e-05,2.4017242594709387e-07,6.242690869839862e-05,0.00013970596774015576,0.9998670816421509,0.9997732639312744,5.8570261899149045e-05,8.676692232256755e-05,2.1894290114232717e-07,3.203022558295743e-08
8191,People & Occupations,People & Occupations,0.9998462200164795,People & Occupations,0.9996995329856873,1.7163652955787256e-05,3.032500615063327e-07,6.152194691821933e-05,0.00012505684571806341,0.9998462200164795,0.9996995329856873,7.485153037123382e-05,0.000175072971615009,2.786108268537646e-07,3.589516950341931e-08
2732,People & Occupations,People & Occupations,0.999832272529602,People & Occupations,0.9997172951698303,1.5403653378598392e-05,2.6989826551471197e-07,8.071569027379155e-05,0.000151201180415228,0.999832272529602,0.9997172951698303,7.134603220038116e-05,0.00013118020433466882,2.166443522355621e-07,4.027246447435573e-08
3757,Animals & Pets,Animals & Pets,0.9997238516807556,Animals & Pets,0.9996167421340942,0.9997238516807556,0.9996167421340942,0.00014939358516130596,0.0001831612753449008,1.5648274711566046e-05,5.517475756278145e-07,1.0988437679770868e-06,5.087717909191269e-07,0.00011001020902767777,0.00019902322674170136
3459,People & Occupations,People & Occupations,0.9998475313186646,People & Occupations,0.9997350573539734,1.4894550076860469e-05,2.7151011749992904e-07,7.427082164213061e-05,0.0001517913187853992,0.9998475313186646,0.9997350573539734,6.301738176262006e-05,0.00011282045306870714,2.9222746888990514e-07,3.862476916083324e-08
9366,Animals & Pets,Animals & Pets,0.9997953176498413,Animals & Pets,0.9996529817581177,0.9997953176498413,0.9996529817581177,7.618992094649002e-05,0.00014515734801534563,1.0500385542400181e-05,4.2726102833512414e-07,8.98851169495174e-07,4.490289882141951e-07,0.00011706416262313724,0.00020095930085517466
2551,Food & Fruits,Food & Fruits,0.9997604489326477,Food & Fruits,0.9996562004089355,9.825282904785126e-05,0.0001499444042565301,0.9997604489326477,0.9996562004089355,0.00013622788537759334,0.00019335807883180678,4.313306362746516e-06,3.571842341898446e-07,8.539398663742759e-07,9.080508789338637e-08
10173,Emotions & Actions,Emotions & Actions,0.9998290538787842,Emotions & Actions,0.9997157454490662,7.364798511844128e-05,0.00015753899060655385,1.3553355984186055e-06,1.029596887747175e-07,3.429551895806071e-07,7.206825358707647e-08,9.559450700180605e-05,0.00012647995026782155,0.9998290538787842,0.9997157454490662
751,Food & Fruits,Food & Fruits,0.9998188018798828,Food & Fruits,0.9996879696846008,8.069335308391601e-05,0.00015623639046680182,0.9998188018798828,0.9996879696846008,9.435854008188471e-05,0.0001554088230477646,5.365531251300126e-06,2.690646283554088e-07,6.812587685089966e-07,9.981868487329848e-08
762,People & Occupations,People & Occupations,0.9997709393501282,People & Occupations,0.9996422529220581,2.4234035663539544e-05,3.2470248356730735e-07,9.616022725822404e-05,0.00018417996761854738,0.9997709393501282,0.9996422529220581,0.00010838622256414965,0.0001732578530209139,3.633621759036032e-07,4.5777273527392026e-08
8500,Food & Fruits,Food & Fruits,0.9998757839202881,Food & Fruits,0.9997246861457825,5.891715773032047e-05,0.00013050086272414774,0.9998757839202881,0.9997246861457825,6.077707439544611e-05,0.0001444754161639139,3.901857326127356e-06,2.092079967042082e-07,5.651366450365458e-07,8.057798339677902e-08
206,People & Occupations,People & Occupations,0.9998525381088257,People & Occupations,0.9997225403785706,1.6161951862159185e-05,2.752169621089706e-07,7.224836008390412e-05,0.00015010760398581624,0.9998525381088257,0.9997225403785706,5.879006494069472e-05,0.00012703894753940403,2.6870245051213715e-07,3.601498121952318e-08
6346,Food & Fruits,Food & Fruits,0.9997699856758118,Food & Fruits,0.9996722340583801,9.753565245773643e-05,0.00014374124293681234,0.9997699856758118,0.9996722340583801,0.0001266127947019413,0.0001835628063417971,5.075947683508275e-06,3.24634839898863e-07,7.977878908604907e-07,8.764735781596755e-08
1349,People & Occupations,People & Occupations,0.9997720718383789,People & Occupations,0.9996585845947266,1.49832621900714e-05,3.4050381714223477e-07,9.332257468486205e-05,0.00018402180285193026,0.9997720718383789,0.9996585845947266,0.0001191621195175685,0.00015710151637904346,3.489980997528619e-07,4.7257483259954824e-08
5036,Food & Fruits,Food & Fruits,0.9998161792755127,Food & Fruits,0.9996644258499146,8.959541446529329e-05,0.0001577851508045569,0.9998161792755127,0.9996644258499146,8.670239913044497e-05,0.0001773364783730358,6.695986485283356e-06,3.660138361283316e-07,8.677774872012378e-07,1.2362943380139768e-07
8056,Emotions & Actions,Emotions & Actions,0.9998408555984497,Emotions & Actions,0.9997511506080627,6.853264494566247e-05,0.00015449163038283587,9.207548146150657e-07,9.093521669001348e-08,2.790454232126649e-07,6.828683751791687e-08,8.93574979272671e-05,9.416796820005402e-05,0.9998408555984497,0.9997511506080627
4719,Food & Fruits,Food & Fruits,0.999894380569458,Food & Fruits,0.9997318387031555,6.198055052664131e-05,0.00011551657371455804,0.999894380569458,0.9997318387031555,3.91429421142675e-05,0.00015233784506563097,3.907187419827096e-06,2.1878450695567153e-07,5.909996616537683e-07,7.824568371006535e-08
4314,Nature & Space,Nature & Space,0.9998319149017334,Nature & Space,0.9997233748435974,6.903692337800749e-07,5.220911702963349e-07,7.245665074151475e-06,2.1365200097989145e-07,6.576464511454105e-05,0.00013795890845358372,0.9998319149017334,0.9997233748435974,9.441909787710756e-05,0.00013793469406664371
5393,Nature & Space,Nature & Space,0.999757707118988,Nature & Space,0.9996362924575806,1.4042201428310364e-06,8.992037123789487e-07,1.1183632523170672e-05,3.4137607940465386e-07,0.00012153266288805753,0.00011642299796221778,0.999757707118988,0.9996362924575806,0.00010820126044563949,0.00024608938838355243
11386,Animals & Pets,Animals & Pets,0.9998522996902466,Animals & Pets,0.9997461438179016,0.9998522996902466,0.9997461438179016,5.9044577938038856e-05,0.00010928006668109447,8.495873771607876e-06,4.4575037350114144e-07,6.605544058402302e-07,3.541813953233941e-07,7.951699808472767e-05,0.00014376791659742594
9198,Food & Fruits,Food & Fruits,0.9998065233230591,Food & Fruits,0.9996804594993591,7.4570401920937e-05,0.0001587060105521232,0.9998065233230591,0.9996804594993591,0.0001138089137384668,0.00016027934907469898,4.030622676509665e-06,2.9934057010905235e-07,9.096979169953556e-07,1.1608438654775455e-07
391,Nature & Space,Nature & Space,0.9998346567153931,Nature & Space,0.9997233748435974,7.426306751767697e-07,5.564546654568403e-07,6.975295036681928e-06,2.0187771099244856e-07,5.070593397249468e-05,0.00015796429943293333,0.9998346567153931,0.9997233748435974,0.00010693270451156422,0.00011790295684477314
7203,Nature & Space,Nature & Space,0.999849796295166,Nature & Space,0.9997437596321106,9.039015367307002e-07,6.051948275853647e-07,8.099937076622155e-06,2.1264810357024544e-07,7.10442618583329e-05,0.00012773483467753977,0.999849796295166,0.9997437596321106,7.008705142652616e-05,0.0001276639522984624
11407,People & Occupations,People & Occupations,0.9997356534004211,People & Occupations,0.9996704459190369,1.8345290300203487e-05,3.0579508347727824e-07,0.00013962943921796978,0.0001860217598732561,0.9997356534004211,0.9996704459190369,0.00010596181527944282,0.0001431134296581149,3.287979950528097e-07,4.370421535782043e-08
1017,Animals & Pets,Animals & Pets,0.9998462200164795,Animals & Pets,0.9997300505638123,0.9998462200164795,0.9997300505638123,3.7521342164836824e-05,0.00011862025712616742,9.524628694634885e-06,4.1780197079788195e-07,8.142260412569158e-07,4.02517656539203e-07,0.00010588515579001978,0.0001505288964835927
1263,Food & Fruits,Food & Fruits,0.9998793601989746,Food & Fruits,0.9997329115867615,7.249462214531377e-05,0.0001069477220880799,0.9998793601989746,0.9997329115867615,4.364010601420887e-05,0.00015979004092514515,3.958828983741114e-06,2.145352482330054e-07,5.755528604822757e-07,8.148308694444495e-08
38,Nature & Space,Nature & Space,0.9998165369033813,Nature & Space,0.9997377991676331,9.375991680826701e-07,5.824164759360428e-07,6.50991660222644e-06,2.0687197377355915e-07,7.748539064778015e-05,0.00013684538134839386,0.9998165369033813,0.9997377991676331,9.846884495345876e-05,0.00012450292706489563
4844,Food & Fruits,Food & Fruits,0.999885082244873,Food & Fruits,0.9997466206550598,6.447350460803136e-05,0.00011590008944040164,0.999885082244873,0.9997466206550598,4.606501170201227e-05,0.00013713532825931907,3.870783075399231e-06,2.1951190376512386e-07,6.041788651600655e-07,8.221012137710204e-08
1102,People & Occupations,People & Occupations,0.9998646974563599,People & Occupations,0.9997634291648865,1.3811236385663506e-05,2.414954849427886e-07,5.8664092648541555e-05,0.00012949724623467773,0.9998646974563599,0.9997634291648865,6.25523243797943e-05,0.00010673752694856375,2.1612267175896704e-07,3.4256409264799004e-08
4626,Food & Fruits,Food & Fruits,0.9998003244400024,Food & Fruits,0.9996039867401123,9.893704554997385e-05,0.00018769314920064062,0.9998003244400024,0.9996039867401123,9.487645729677752e-05,0.0002078237448586151,4.842920134251472e-06,3.6860478758171666e-07,9.997143024520483e-07,1.2014669437121483e-07
1889,Food & Fruits,Food & Fruits,0.9997875690460205,Food & Fruits,0.9996699690818787,7.995049963938072e-05,0.00016746493929531425,0.9997875690460205,0.9996699690818787,0.00012583739589899778,0.00016201703692786396,5.775197678303812e-06,3.256983802657487e-07,7.790384870531852e-07,1.0668647121292452e-07
81,Emotions & Actions,Emotions & Actions,0.9998552799224854,Emotions & Actions,0.9997348189353943,6.806867895647883e-05,0.0001475677127018571,1.1664022849799949e-06,9.56749133251833e-08,3.4349542943346023e-07,6.661132090357569e-08,7.508714043069631e-05,0.0001174413991975598,0.9998552799224854,0.9997348189353943
7747,Emotions & Actions,Emotions & Actions,0.9998294115066528,Emotions & Actions,0.9997174143791199,0.00010964850662276149,0.0001396029256284237,1.1489946700748987e-06,9.501511755161118e-08,3.889425386205403e-07,7.478747221512094e-08,5.936992965871468e-05,0.0001428445684723556,0.9998294115066528,0.9997174143791199
8123,People & Occupations,People & Occupations,0.9997367262840271,People & Occupations,0.9995883703231812,2.1376430595410056e-05,3.785865487770934e-07,0.0001298401621170342,0.00021407111489679664,0.9997367262840271,0.9995883703231812,0.00011162433656863868,0.0001971028686966747,3.5720617574952485e-07,4.6079826176992356e-08
4373,Food & Fruits,Food & Fruits,0.9998272657394409,Food & Fruits,0.9996921420097351,6.661453517153859e-05,0.00012995180441066623,0.9998272657394409,0.9996921420097351,0.00010079956700792536,0.0001773960393620655,4.54571318186936e-06,2.984649825066299e-07,7.699268849137297e-07,1.0372597358809799e-07
3663,Food & Fruits,Food & Fruits,0.9998689889907837,Food & Fruits,0.999701201915741,5.774552846560255e-05,0.0001296882692258805,0.9998689889907837,0.999701201915741,6.814228981966153e-05,0.00016877174493856728,4.5857273107685614e-06,2.3047171282541967e-07,6.501451252916013e-07,1.0183013898767967e-07
3633,Emotions & Actions,Emotions & Actions,0.9998515844345093,Emotions & Actions,0.9997528195381165,7.458535401383415e-05,0.0001435609010513872,1.007525156637712e-06,8.966858189296545e-08,2.719883127610956e-07,6.170576227759739e-08,7.252697832882404e-05,0.00010341309825889766,0.9998515844345093,0.9997528195381165
3696,Food & Fruits,Food & Fruits,0.9997625946998596,Food & Fruits,0.9996583461761475,0.00010297566768713295,0.00014109653420746326,0.9997625946998596,0.9996583461761475,0.00012822827557101846,0.00020013739413116127,5.186874659557361e-06,3.606492668950523e-07,9.314971975982189e-07,8.965206887978638e-08
3363,Emotions & Actions,Emotions & Actions,0.9997793436050415,Emotions & Actions,0.9996438026428223,8.796547626843676e-05,0.00020601024152711034,1.9904573491658084e-06,1.3738802806528838e-07,3.4488596156734275e-07,9.284178759116912e-08,0.00013033064897172153,0.00014998258848208934,0.9997793436050415,0.9996438026428223
3808,Emotions & Actions,Emotions & Actions,0.9998204708099365,Emotions & Actions,0.9997442364692688,5.648333171848208e-05,0.00013007897359784693,1.1674188726829016e-06,1.0010438700192026e-07,2.707565158743819e-07,5.5151144096043936e-08,0.00012155199510743842,0.00012555887224152684,0.9998204708099365,0.9997442364692688
6002,Food & Fruits,Food & Fruits,0.9998687505722046,Food & Fruits,0.9997748136520386,7.81023409217596e-05,9.254802716895938e-05,0.9998687505722046,0.9997748136520386,4.890951095148921e-05,0.00013222801499068737,3.59132332050649e-06,2.1014854212353384e-07,6.707667807859252e-07,7.753119746212178e-08
11254,Emotions & Actions,Emotions & Actions,0.9998162984848022,Emotions & Actions,0.9997139573097229,8.110939961625263e-05,0.0001635963999433443,1.4079230368224671e-06,1.1053635518010196e-07,3.275206665875885e-07,6.730994073222973e-08,0.00010078827472170815,0.00012225024693179876,0.9998162984848022,0.9997139573097229
3589,People & Occupations,People & Occupations,0.999874472618103,People & Occupations,0.9997573494911194,1.0817082511493936e-05,2.0505713393959013e-07,5.404880357673392e-05,0.00014087882300373167,0.999874472618103,0.9997573494911194,6.039524669176899e-05,0.00010159001976717263,2.003919803428289e-07,3.1447491721792176e-08
11335,Nature & Space,Nature & Space,0.9998058080673218,Nature & Space,0.9997043013572693,1.1817260201496538e-06,8.04797650744149e-07,7.59035583541845e-06,2.571400159467885e-07,0.00012187220272608101,0.00014744055806659162,0.9998058080673218,0.9997043013572693,6.358444079523906e-05,0.00014718668535351753
10753,Emotions & Actions,Emotions & Actions,0.9998011589050293,Emotions & Actions,0.999630331993103,9.02050087461248e-05,0.00021922920132055879,1.438543904441758e-06,1.0428530572426098e-07,3.3683431865938473e-07,8.170068355184412e-08,0.00010679612751118839,0.0001502136146882549,0.9998011589050293,0.999630331993103
2337,Nature & Space,Nature & Space,0.9998232126235962,Nature & Space,0.9997089505195618,9.013356248033233e-07,6.587518441847351e-07,8.254135536844842e-06,2.1923378312749264e-07,6.623948866035789e-05,0.00010679534170776606,0.9998232126235962,0.9997089505195618,0.00010125487460754812,0.00018339490634389222
11761,People & Occupations,People & Occupations,0.999850869178772,People & Occupations,0.9997170567512512,1.4290906619862653e-05,2.941144430224085e-07,5.780729406978935e-05,0.00015221055946312845,0.999850869178772,0.9997170567512512,7.677052053622901e-05,0.00013043617946095765,2.548251814005198e-07,3.531617309704416e-08
4928,Animals & Pets,Animals & Pets,0.999765932559967,Animals & Pets,0.9995964765548706,0.999765932559967,0.9995964765548706,0.00011264932254562154,0.0001710752840153873,1.2384036381263286e-05,5.327332246451988e-07,1.1757649645005586e-06,6.376894248205645e-07,0.00010780375305330381,0.00023123274149838835
123,People & Occupations,People & Occupations,0.9998418092727661,People & Occupations,0.9997573494911194,1.4121699678071309e-05,2.2329838600398944e-07,7.030391861917451e-05,0.00015103616169653833,0.9998418092727661,0.9997573494911194,7.348504004767165e-05,9.140229667536914e-05,2.2519330400427862e-07,3.6690320115440045e-08
147,People & Occupations,People & Occupations,0.9998286962509155,People & Occupations,0.9997337460517883,1.315089230047306e-05,2.6063446512125665e-07,5.9057714679511264e-05,0.00015714015171397477,0.9998286962509155,0.9997337460517883,9.877138654701412e-05,0.00010885713709285483,2.039594590996785e-07,3.7278038433896654e-08
3455,Nature & Space,Nature & Space,0.9998131990432739,Nature & Space,0.9996957182884216,8.708697691872658e-07,6.692584975098725e-07,7.166316208895296e-06,2.2233227525703114e-07,7.219199324026704e-05,0.00011896975775016472,0.9998131990432739,0.9996957182884216,0.0001065555916284211,0.00018435713718645275
7048,Food & Fruits,Food & Fruits,0.9998548030853271,Food & Fruits,0.9997227787971497,6.337498780339956e-05,0.00011925378203159198,0.9998548030853271,0.9997227787971497,7.639840623596683e-05,0.00015758187510073185,4.742203600471839e-06,2.489420296569733e-07,6.469691129495914e-07,8.891856850823388e-08
10885,People & Occupations,People & Occupations,0.9998447895050049,People & Occupations,0.999751627445221,1.5974967027432285e-05,2.5514492563161184e-07,8.194019756047055e-05,0.00012526652426458895,0.9998447895050049,0.999751627445221,5.7074659707723185e-05,0.00012281729141250253,2.1158686536182358e-07,3.8632926191439765e-08
6092,Emotions & Actions,Emotions & Actions,0.9998401403427124,Emotions & Actions,0.999748170375824,7.12488908902742e-05,0.00012294237967580557,1.1335907856846461e-06,9.690411673091148e-08,3.195269187017402e-07,6.71888500392015e-08,8.717325545148924e-05,0.00012871515355072916,0.9998401403427124,0.999748170375824
2766,Emotions & Actions,Emotions & Actions,0.999723494052887,Emotions & Actions,0.9995982646942139,0.00012209120905026793,0.00017830338038038462,1.9368058019608725e-06,1.3795708753150393e-07,4.109188012080267e-07,7.502199395048592e-08,0.00015209036064334214,0.00022312847431749105,0.999723494052887,0.9995982646942139
3093,People & Occupations,People & Occupations,0.9997599720954895,People & Occupations,0.9995999336242676,1.9573813915485516e-05,3.6177596030029235e-07,0.0001143396002589725,0.0002154246612917632,0.9997599720954895,0.9995999336242676,0.0001056792025337927,0.00018426019232720137,3.335493943268375e-07,4.873614045663999e-08
2113,Nature & Space,Nature & Space,0.9997950792312622,Nature & Space,0.9996805787086487,7.552255283371778e-07,5.636732680613932e-07,7.762429959257133e-06,2.053351124686742e-07,4.967161294189282e-05,0.00020737480372190475,0.9997950792312622,0.9996805787086487,0.00014669346273876727,0.00011116128007415682
11122,Food & Fruits,Food & Fruits,0.9997771978378296,Food & Fruits,0.9996833205223083,9.010277426568791e-05,0.00016098342894110829,0.9997771978378296,0.9996833205223083,0.00012654213060159236,0.0001552184985484928,5.227293058851501e-06,3.0216722279874375e-07,8.203605830203742e-07,9.928655941848774e-08
11498,Food & Fruits,Food & Fruits,0.9998259544372559,Food & Fruits,0.9996963143348694,7.923813973320648e-05,0.0001457918551750481,0.9998259544372559,0.9996963143348694,8.920171967474744e-05,0.00015755021013319492,4.894668109045597e-06,2.7789511136688816e-07,6.789092594772228e-07,9.34339681180063e-08
2680,Nature & Space,Nature & Space,0.9997848272323608,Nature & Space,0.9996811747550964,6.768643174837052e-07,4.6561228828068124e-07,7.411224032694008e-06,2.1746811285083822e-07,3.848008782370016e-05,0.00019627666915766895,0.9997848272323608,0.9996811747550964,0.0001685344468569383,0.00012180937483208254
3962,Animals & Pets,Animals & Pets,0.9997793436050415,Animals & Pets,0.9996374845504761,0.9997793436050415,0.9996374845504761,9.056334965862334e-05,0.00016460358165204525,1.1808481758635025e-05,4.5967772166477516e-07,1.2188932032586308e-06,5.709025572286919e-07,0.00011703840573318303,0.0001968377473531291
5871,Food & Fruits,Food & Fruits,0.999885082244873,Food & Fruits,0.9997395873069763,5.8827423345064744e-05,0.00011318651377223432,0.999885082244873,0.9997395873069763,5.096739187138155e-05,0.00014679362357128412,4.390951289678924e-06,2.1893251300753036e-07,5.473631858876615e-07,7.428840120837776e-08
6135,Food & Fruits,Food & Fruits,0.9998530149459839,Food & Fruits,0.9996829628944397,6.261396629270166e-05,0.00017374989693053067,0.9998530149459839,0.9996829628944397,7.818099402356893e-05,0.00014278270828071982,5.4193942560232244e-06,3.05573848891072e-07,7.767792453705624e-07,1.2016167261208466e-07
7111,Nature & Space,Nature & Space,0.9997744560241699,Nature & Space,0.9996629953384399,1.2925274859298952e-06,7.723941166659642e-07,1.1732128768926486e-05,3.204516190180584e-07,9.431126090930775e-05,0.00018140645988751203,0.9997744560241699,0.9996629953384399,0.0001180782201117836,0.0001545595150673762
4793,People & Occupations,People & Occupations,0.9998666048049927,People & Occupations,0.9997602105140686,1.1727650417014956e-05,2.2004202548941976e-07,4.318767969380133e-05,0.00013864603533875197,0.9998666048049927,0.9997602105140686,7.813151751179248e-05,0.00010097763151861727,1.889331855409182e-07,3.7131844266014014e-08
4300,Animals & Pets,Animals & Pets,0.9998365640640259,Animals & Pets,0.999721348285675,0.9998365640640259,0.999721348285675,3.6916553654009476e-05,0.00012210258864797652,8.087896276265383e-06,3.722342114542698e-07,8.114213869703235e-07,3.4219982580907526e-07,0.00011750174599001184,0.0001557933137519285
6752,Food & Fruits,Food & Fruits,0.9998791217803955,Food & Fruits,0.9997385144233704,5.262152262730524e-05,0.0001421683409716934,0.9998791217803955,0.9997385144233704,6.354883953463286e-05,0.00011893956252606586,4.002507012046408e-06,2.52411354040305e-07,6.801170684411773e-07,8.909125881473301e-08
11578,Nature & Space,Nature & Space,0.9998418092727661,Nature & Space,0.9997162222862244,7.744619665572827e-07,6.243772645575518e-07,8.625640475656837e-06,2.1738679834015784e-07,6.813439540565014e-05,0.00012491291272453964,0.9998418092727661,0.9997162222862244,8.058478852035478e-05,0.00015802841517142951
11102,Food & Fruits,Food & Fruits,0.9998701810836792,Food & Fruits,0.9997619986534119,6.680246588075534e-05,0.00011207014176761732,0.9998701810836792,0.9997619986534119,5.878493902855553e-05,0.00012566999066621065,3.6973131045670016e-06,2.304277160192214e-07,6.429024779208703e-07,8.405252316379119e-08
8470,Emotions & Actions,Emotions & Actions,0.9998282194137573,Emotions & Actions,0.9997158646583557,7.692407962167636e-05,0.00018657761393114924,1.2863685014963266e-06,9.650682386563858e-08,2.8428243581402057e-07,6.701529997599209e-08,9.324240818386897e-05,9.73961505223997e-05,0.9998282194137573,0.9997158646583557
6594,People & Occupations,People & Occupations,0.9998314380645752,People & Occupations,0.9997608065605164,1.2733899893646594e-05,2.2972355395722843e-07,7.702540460741147e-05,0.0001471081341151148,0.9998314380645752,0.9997608065605164,7.854249997762963e-05,9.187584510073066e-05,2.3120206549265276e-07,3.308869267470982e-08
4926,Animals & Pets,Animals & Pets,0.9998358488082886,Animals & Pets,0.9997262358665466,0.9998358488082886,0.9997262358665466,4.099034777027555e-05,0.0001520568475825712,7.469939191651065e-06,4.0865717210181174e-07,7.000363098086382e-07,3.4405164228701324e-07,0.00011484324932098389,0.00012101301399525255
1461,People & Occupations,People & Occupations,0.9998797178268433,People & Occupations,0.9997725486755371,9.728654731588904e-06,2.0802507094686007e-07,4.7206063754856586e-05,0.00011186641495442018,0.9998797178268433,0.9997725486755371,6.302650581346825e-05,0.00011537077807588503,1.8742136376204144e-07,3.581715546374653e-08
4525,Emotions & Actions,Emotions & Actions,0.9997864961624146,Emotions & Actions,0.9996209144592285,0.00010527319682296365,0.00021158905292395502,1.8994300035046763e-06,1.4462381159319193e-07,4.694308302077843e-07,8.666425799219724e-08,0.00010584691335679963,0.0001672718790359795,0.9997864961624146,0.9996209144592285
9282,Emotions & Actions,Emotions & Actions,0.9998116493225098,Emotions & Actions,0.9996694922447205,0.0001032399304676801,0.00020876109192613512,1.0985547760355985e-06,1.0000931638387556e-07,3.9301133369917807e-07,7.17405868044807e-08,8.354247984243557e-05,0.0001215803567902185,0.9998116493225098,0.9996694922447205
3893,People & Occupations,People & Occupations,0.9998804330825806,People & Occupations,0.9997745752334595,1.0064513844554313e-05,2.3275850935533526e-07,5.200769010116346e-05,0.00010575909254839644,0.9998804330825806,0.9997745752334595,5.7239514717366546e-05,0.00011944379366468638,2.396307365870598e-07,3.305893159222251e-08
1646,Emotions & Actions,Emotions & Actions,0.9998003244400024,Emotions & Actions,0.9996652603149414,0.00011032331531168893,0.00018489485955797136,1.5020405044197105e-06,1.1008639688725452e-07,3.241653132590727e-07,7.755686226573744e-08,8.74820034368895e-05,0.00014960794942453504,0.9998003244400024,0.9996652603149414
875,People & Occupations,People & Occupations,0.9997986555099487,People & Occupations,0.9996947646141052,1.82491621671943e-05,2.799743299419788e-07,6.528679659822956e-05,0.000192142921150662,0.9997986555099487,0.9996947646141052,0.00011755826562875882,0.00011275717406533659,2.2055408521737263e-07,4.1239072601229054e-08
10822,Animals & Pets,Animals & Pets,0.9998174905776978,Animals & Pets,0.9996737837791443,0.9998174905776978,0.9996737837791443,7.490679126931354e-05,0.00014852566528134048,1.0748321983555797e-05,4.3948588768216723e-07,1.03265040252154e-06,4.2339948436165287e-07,9.586838859831914e-05,0.00017677940195426345
2110,Food & Fruits,Food & Fruits,0.9998650550842285,Food & Fruits,0.9997556805610657,7.619538519065827e-05,9.563098137732595e-05,0.9998650550842285,0.9997556805610657,5.4421885579358786e-05,0.00014838211063761264,3.754032150027342e-06,2.3314512986871705e-07,6.427698053812492e-07,8.787865368731218e-08
6607,Food & Fruits,Food & Fruits,0.9998852014541626,Food & Fruits,0.9997327923774719,5.6061355280689895e-05,0.00011958309187320992,0.9998852014541626,0.9997327923774719,5.4728134273318574e-05,0.00014725363871548325,3.5426292015472427e-06,2.130395557742304e-07,5.343232487575733e-07,8.155070929660724e-08
10647,Food & Fruits,Food & Fruits,0.9998364448547363,Food & Fruits,0.9997300505638123,6.226944969967008e-05,0.00012085559137631208,0.9998364448547363,0.9997300505638123,9.551411494612694e-05,0.00014857044152449816,5.138308097230038e-06,3.201145091225044e-07,6.978630722187518e-07,8.948371998940274e-08
5916,Animals & Pets,Animals & Pets,0.9997974634170532,Animals & Pets,0.9996516704559326,0.9997974634170532,0.9996516704559326,8.754334703553468e-05,0.0001249988708877936,1.3763762581220362e-05,4.5320618369260046e-07,9.402425007465354e-07,5.243688860900875e-07,0.00010027938697021455,0.00022240359976422042
2423,Food & Fruits,Food & Fruits,0.9998741149902344,Food & Fruits,0.9997201561927795,6.249847501749173e-05,0.00012480004807002842,0.9998741149902344,0.9997201561927795,5.925876394030638e-05,0.00015474327665288,3.5852140172210056e-06,2.1818622997216153e-07,5.819750867885887e-07,7.556381831363979e-08
3191,People & Occupations,People & Occupations,0.9998750686645508,People & Occupations,0.9997482895851135,1.1733689461834729e-05,2.4893364525269135e-07,5.252073970041238e-05,0.00013894273433834314,0.9998750686645508,0.9997482895851135,6.038232095306739e-05,0.00011250090756220743,1.9855484367781173e-07,3.503408052552004e-08
4261,Emotions & Actions,Emotions & Actions,0.9998422861099243,Emotions & Actions,0.9997465014457703,8.02024660515599e-05,0.00015546521171927452,9.86288910098665e-07,8.034631093778444e-08,2.759534822871501e-07,6.29556566877909e-08,7.618972449563444e-05,9.793890785658732e-05,0.9998422861099243,0.9997465014457703
7285,Animals & Pets,Animals & Pets,0.9998131990432739,Animals & Pets,0.9996600151062012,0.9998131990432739,0.9996600151062012,6.141281482996419e-05,0.00013334196410141885,1.277970295632258e-05,3.991333699104871e-07,8.912167004382354e-07,4.425378676842229e-07,0.00011180238652741536,0.00020575519010890275
11898,Nature & Space,Nature & Space,0.9998378753662109,Nature & Space,0.9997664093971252,8.334698122780537e-07,5.354083327802073e-07,8.3337808973738e-06,1.9607176682256977e-07,5.751526259700768e-05,0.00010050548007711768,0.9998378753662109,0.9997664093971252,9.542429324937984e-05,0.00013238235260359943
10685,Animals & Pets,Animals & Pets,0.9997610449790955,Animals & Pets,0.9996029138565063,0.9997610449790955,0.9996029138565063,0.00010358410509070382,0.00015610396803822368,1.4046728210814763e-05,5.12740427893732e-07,1.2365724160190439e-06,5.61109914087865e-07,0.00012018305278616026,0.00023992970818653703
7538,Nature & Space,Nature & Space,0.9998265504837036,Nature & Space,0.9997308850288391,9.962067224478233e-07,6.114158281889104e-07,7.426774118357571e-06,2.1918799575360026e-07,7.797811122145504e-05,0.0001101799207390286,0.9998265504837036,0.9997308850288391,8.702920604264364e-05,0.0001581517863087356
11090,Animals & Pets,Animals & Pets,0.9998151063919067,Animals & Pets,0.9996774792671204,0.9998151063919067,0.9996774792671204,7.189279131125659e-05,0.0001647277968004346,1.0627025403664447e-05,4.3708871544367867e-07,1.0469250355527038e-06,4.7335618091892684e-07,0.0001012986758723855,0.00015681766672059894
5840,Emotions & Actions,Emotions & Actions,0.9998209476470947,Emotions & Actions,0.9996734261512756,0.00010368807124905288,0.0001705020695226267,1.3267228951008292e-06,1.0277403816871811e-07,3.463427162841981e-07,7.514908162420397e-08,7.360456220339984e-05,0.0001558240328449756,0.9998209476470947,0.9996734261512756
5169,Animals & Pets,Animals & Pets,0.9998301267623901,Animals & Pets,0.9997140765190125,0.9998301267623901,0.9997140765190125,4.7249170165741816e-05,0.00013293864321894944,1.1280723811069038e-05,3.8916741118555365e-07,9.260117508347321e-07,3.9981750887818635e-07,0.00011031398025806993,0.0001522988168289885
929,Nature & Space,Nature & Space,0.999760091304779,Nature & Space,0.9996610879898071,1.3219907941675046e-06,7.112553817023581e-07,1.0261176612402778e-05,3.4993649933312554e-07,0.00011402230302337557,0.0001815880386857316,0.999760091304779,0.9996610879898071,0.00011434518091846257,0.0001562114921398461
6525,Animals & Pets,Animals & Pets,0.9998488426208496,Animals & Pets,0.9997209906578064,0.9998488426208496,0.9997209906578064,5.152462108526379e-05,0.00014134861703496426,7.535699751315406e-06,4.356005263161933e-07,7.377844326583727e-07,3.7590669421661005e-07,9.142547787632793e-05,0.00013684947043657303
4235,Emotions & Actions,Emotions & Actions,0.9998525381088257,Emotions & Actions,0.9997604489326477,6.813096842961386e-05,0.00014015923079568893,1.2804646303266054e-06,1.0225776492234218e-07,2.592357759567676e-07,6.2279234214202e-08,7.778657163726166e-05,9.918562136590481e-05,0.9998525381088257,0.9997604489326477
11806,Food & Fruits,Food & Fruits,0.9998131990432739,Food & Fruits,0.999699056148529,9.071993554243818e-05,0.00018301064847037196,0.9998131990432739,0.999699056148529,8.964078733697534e-05,0.00011744155926862732,5.462660737975966e-06,3.6525446489577007e-07,8.974419642981957e-07,1.0647834614019303e-07
9416,Animals & Pets,Animals & Pets,0.9998010396957397,Animals & Pets,0.9996565580368042,0.9998010396957397,0.9996565580368042,9.292828326579183e-05,0.00013475061859935522,1.1491455552459229e-05,4.800577357855218e-07,9.947601711246534e-07,4.649476750273607e-07,9.357205271953717e-05,0.00020769597904291004
901,Animals & Pets,Animals & Pets,0.999793529510498,Animals & Pets,0.9997058510780334,0.999793529510498,0.9997058510780334,9.400488488608971e-05,0.00014675158308818936,9.010840585688129e-06,4.3587027676039725e-07,9.785620704860776e-07,4.088975629201741e-07,0.00010235868103336543,0.00014657073188573122
693,People & Occupations,People & Occupations,0.999887228012085,People & Occupations,0.9997822046279907,1.0026195013779216e-05,2.0616032259113126e-07,4.295439794077538e-05,0.0001205339576699771,0.999887228012085,0.9997822046279907,5.961102942819707e-05,9.702167881187052e-05,1.9648332738597674e-07,3.6271099901341586e-08
6038,Animals & Pets,Animals & Pets,0.9998334646224976,Animals & Pets,0.9996972680091858,0.9998334646224976,0.9996972680091858,5.1300350605743006e-05,0.0001442956126993522,8.567558325012214e-06,3.790671314618521e-07,6.710674824716989e-07,3.5325260228091793e-07,0.00010595288767945021,0.00015762205293867737
2508,Emotions & Actions,Emotions & Actions,0.9997975826263428,Emotions & Actions,0.999671995639801,9.507219510851428e-05,0.00019365786283742636,1.166456172541075e-06,1.1020878076806184e-07,3.6651951518251735e-07,8.267853957022453e-08,0.00010573207691777498,0.0001340779272140935,0.9997975826263428,0.999671995639801
6148,Emotions & Actions,Emotions & Actions,0.9997381567955017,Emotions & Actions,0.9996136426925659,0.00016452238196507096,0.0001993447804125026,1.4542191593136522e-06,1.313040769446161e-07,5.573509156420187e-07,8.060300160650513e-08,9.532936383038759e-05,0.00018679087224882096,0.9997381567955017,0.9996136426925659
1129,People & Occupations,People & Occupations,0.9998294115066528,People & Occupations,0.999700129032135,1.507988417870365e-05,2.7163997629031655e-07,6.556733569595963e-05,0.0001557280629640445,0.9998294115066528,0.999700129032135,8.957660611486062e-05,0.00014383946836460382,2.7800129487332015e-07,4.381351459414873e-08
9450,People & Occupations,People & Occupations,0.999783992767334,People & Occupations,0.9996922612190247,1.366588821838377e-05,3.0946785045671277e-07,0.00010235136142000556,0.00017815660976339132,0.999783992767334,0.9996922612190247,9.972233237931505e-05,0.00012914332910440862,2.9129157042007137e-07,4.110405527057992e-08
7781,Emotions & Actions,Emotions & Actions,0.9997950792312622,Emotions & Actions,0.9997034668922424,9.660136129241437e-05,0.00016759196296334267,1.3112472743159742e-06,1.0086269952580551e-07,3.076058305850893e-07,6.666808616273556e-08,0.00010664067667676136,0.00012878834968432784,0.9997950792312622,0.9997034668922424
6403,Nature & Space,Nature & Space,0.9998222589492798,Nature & Space,0.9997439980506897,7.882278509896423e-07,5.633231126012106e-07,7.1213817136595026e-06,1.9138452955758112e-07,5.860601959284395e-05,0.0001356774737359956,0.9998222589492798,0.9997439980506897,0.0001111542442231439,0.00011957233800785616
5798,Animals & Pets,Animals & Pets,0.9998573064804077,Animals & Pets,0.9997522234916687,0.9998573064804077,0.9997522234916687,4.4029078708263114e-05,0.00012082703324267641,6.90187698637601e-06,3.2893234447328723e-07,7.269746333804505e-07,3.6287920579525235e-07,9.106773359235376e-05,0.00012626558600459248
852,Food & Fruits,Food & Fruits,0.9998271465301514,Food & Fruits,0.9997072815895081,9.32439070311375e-05,0.00017446531273890287,0.9998271465301514,0.9997072815895081,7.466587703675032e-05,0.00011784114758484066,4.351719780970598e-06,2.529582161514554e-07,6.233939302546787e-07,8.965508868641336e-08
10075,Animals & Pets,Animals & Pets,0.9998050928115845,Animals & Pets,0.9996654987335205,0.9998050928115845,0.9996654987335205,7.228799950098619e-05,0.00014721648767590523,1.083283859770745e-05,4.4633924289883e-07,1.0113559483215795e-06,4.414961551901797e-07,0.00011078004172304645,0.00018635964079294354
11189,Emotions & Actions,Emotions & Actions,0.9997990131378174,Emotions & Actions,0.9996784329414368,0.00010952822776744142,0.00017010793089866638,1.5924821354929009e-06,1.1843953728885026e-07,3.8727407059013785e-07,8.229518755342724e-08,8.939373219618574e-05,0.00015126611106097698,0.9997990131378174,0.9996784329414368
3565,People & Occupations,People & Occupations,0.9998681545257568,People & Occupations,0.9997574687004089,1.1046402505598962e-05,2.2070575766974798e-07,4.525700933299959e-05,0.00013056938769295812,0.9998681545257568,0.9997574687004089,7.533485040767118e-05,0.00011173657549079508,1.9298036590953416e-07,3.424555927722395e-08
11819,Animals & Pets,Animals & Pets,0.9998375177383423,Animals & Pets,0.999729573726654,0.9998375177383423,0.999729573726654,4.8091089411173016e-05,8.735143637750298e-05,7.49949504097458e-06,3.6593158370124e-07,8.400529623031616e-07,3.854561043681315e-07,0.00010604551061987877,0.00018233159789815545
4960,Emotions & Actions,Emotions & Actions,0.9997687935829163,Emotions & Actions,0.9996612071990967,0.00010936553735518828,0.00015651943976990879,1.8419045773043763e-06,1.1814373834795333e-07,4.176962704605103e-07,7.732288054285164e-08,0.00011960997653659433,0.00018209166591987014,0.9997687935829163,0.9996612071990967
10740,Animals & Pets,Animals & Pets,0.9997567534446716,Animals & Pets,0.9996386766433716,0.9997567534446716,0.9996386766433716,0.00012052676174789667,0.0001787854707799852,1.104093826143071e-05,4.3792337578452134e-07,1.1463479268059018e-06,4.4929711862096156e-07,0.00011052491026930511,0.00018161965999752283
11599,Emotions & Actions,Emotions & Actions,0.9997445940971375,Emotions & Actions,0.9996392726898193,9.312752808909863e-05,0.0001864125079009682,2.019502744587953e-06,1.264341449314088e-07,4.722940047940938e-07,9.342953433133516e-08,0.00015980852185748518,0.00017410672444384545,0.9997445940971375,0.9996392726898193
1401,People & Occupations,People & Occupations,0.9998070001602173,People & Occupations,0.9997087121009827,1.825288200052455e-05,3.1293461688619573e-07,6.0704885981976986e-05,0.00015556417929474264,0.9998070001602173,0.9997087121009827,0.00011377759801689535,0.00013533527089748532,2.6792358198690636e-07,4.021148214405912e-08
2686,Emotions & Actions,Emotions & Actions,0.9998135566711426,Emotions & Actions,0.999707043170929,6.558650056831539e-05,0.00014290794206317514,1.5810062450327678e-06,1.0661170080084048e-07,2.901628306517523e-07,6.223541504368768e-08,0.00011893125338247046,0.000149877552757971,0.9998135566711426,0.999707043170929
10006,Emotions & Actions,Emotions & Actions,0.999813437461853,Emotions & Actions,0.9996947646141052,8.595060353400186e-05,0.00016502891958225518,1.6131251641127164e-06,1.0798894578556428e-07,3.2101283409247117e-07,7.240403476771462e-08,9.867591870715842e-05,0.00014004341210238636,0.999813437461853,0.9996947646141052
6847,Animals & Pets,Animals & Pets,0.9998011589050293,Animals & Pets,0.9996219873428345,0.9998011589050293,0.9996219873428345,8.607422205386683e-05,0.00019305774185340852,1.4085094335314352e-05,4.445264210062305e-07,1.036137518894975e-06,5.40928965619969e-07,9.76074516074732e-05,0.00018390682816971093
3629,Nature & Space,Nature & Space,0.999842643737793,Nature & Space,0.9996916651725769,6.502581868517154e-07,5.618194336420856e-07,7.926632861199323e-06,2.1771714386886742e-07,6.304778798948973e-05,0.0001454631274100393,0.999842643737793,0.9996916651725769,8.573452942073345e-05,0.00016207742737606168
745,People & Occupations,People & Occupations,0.9998331069946289,People & Occupations,0.9997573494911194,1.1496307706693187e-05,2.2303747471141833e-07,6.25757675152272e-05,0.00014340417692437768,0.9998331069946289,0.9997573494911194,9.25666608964093e-05,9.9022283393424e-05,2.4728137759666424e-07,3.693164174478625e-08
7506,Animals & Pets,Animals & Pets,0.9997990131378174,Animals & Pets,0.9996569156646729,0.9997990131378174,0.9996569156646729,5.88129332754761e-05,0.00013250097981654108,1.0256498171656858e-05,4.3185167442061356e-07,1.0192508170803194e-06,4.842315206587955e-07,0.00013092382869217545,0.00020958292589057237
5642,Nature & Space,Nature & Space,0.9997806549072266,Nature & Space,0.9997486472129822,6.932571636752982e-07,5.413061785475293e-07,7.511594958486967e-06,1.948863825873559e-07,3.4847427741624415e-05,0.0001399156026309356,0.9997806549072266,0.9997486472129822,0.000176327332155779,0.00011069299216615036
10424,Nature & Space,Nature & Space,0.9997076392173767,Nature & Space,0.9996888041496277,1.5386501672765007e-06,7.79081858581776e-07,9.401450370205566e-06,3.6056948715668113e-07,0.00019785264157690108,9.959394083125517e-05,0.9997076392173767,0.9996888041496277,8.357426850125194e-05,0.00021048076450824738
11712,Nature & Space,Nature & Space,0.9997891187667847,Nature & Space,0.9996892809867859,7.229607490444323e-07,5.186729481465591e-07,9.161730304185767e-06,2.461555368427071e-07,3.72885879187379e-05,0.0002036147634498775,0.9997891187667847,0.9996892809867859,0.00016364286420866847,0.00010626343282638118
6440,Animals & Pets,Animals & Pets,0.9997561573982239,Animals & Pets,0.9995887279510498,0.9997561573982239,0.9995887279510498,0.00012204001541249454,0.00017842857050709426,1.030826479109237e-05,4.0918666854850017e-07,1.0974257520501851e-06,5.304407295625424e-07,0.00011044002894777805,0.00023202683951240033
7664,Animals & Pets,Animals & Pets,0.9998407363891602,Animals & Pets,0.9997220635414124,0.9998407363891602,0.9997220635414124,5.982705988571979e-05,0.00013988144928589463,7.662568350497168e-06,4.3045955067100294e-07,9.287269335800374e-07,3.622047870521783e-07,9.08423462533392e-05,0.00013716216199100018
4564,Emotions & Actions,Emotions & Actions,0.9997407793998718,Emotions & Actions,0.9996014833450317,0.00013475297600962222,0.00020973866048734635,1.8136850030714413e-06,1.3606138793420541e-07,5.540491656574886e-07,8.562254549815407e-08,0.00012205816165078431,0.00018854143854696304,0.9997407793998718,0.9996014833450317
8601,Food & Fruits,Food & Fruits,0.9998035430908203,Food & Fruits,0.9997010827064514,6.656532787019387e-05,0.00016311135550495237,0.9998035430908203,0.9997010827064514,0.00012376243830658495,0.00013542990200221539,5.225930635788245e-06,2.935249483471125e-07,8.758954663790064e-07,1.029222502779703e-07
11506,Emotions & Actions,Emotions & Actions,0.9997944831848145,Emotions & Actions,0.9997034668922424,7.744223694317043e-05,0.00018072515376843512,1.467608058192127e-06,1.1570562463703027e-07,3.322091686186468e-07,8.425513442489319e-08,0.00012621107453014702,0.00011556530080270022,0.9997944831848145,0.9997034668922424
5762,Nature & Space,Nature & Space,0.9997331500053406,Nature & Space,0.9996517896652222,1.3513982821677928e-06,7.794216116963071e-07,9.962291187548544e-06,3.5048495306000405e-07,0.00013456240412779152,0.00018691489822231233,0.9997331500053406,0.9996517896652222,0.00012091094686184078,0.00016020004113670439
8121,Emotions & Actions,Emotions & Actions,0.9998128414154053,Emotions & Actions,0.9996947646141052,7.351249223574996e-05,0.00016317753761541098,1.6550188774999697e-06,1.1019930923339416e-07,3.2370289204664005e-07,7.476124608274404e-08,0.00011165519390488043,0.00014187970373313874,0.9998128414154053,0.9996947646141052
8899,Animals & Pets,Animals & Pets,0.9998527765274048,Animals & Pets,0.9997171759605408,0.9998527765274048,0.9997171759605408,4.476166213862598e-05,0.00016065376985352486,8.664707820571493e-06,3.97253216988247e-07,7.232537200252409e-07,3.564345547601988e-07,9.297661745222285e-05,0.00012149157555541024
4420,People & Occupations,People & Occupations,0.999779462814331,People & Occupations,0.9995695948600769,1.8632568753673695e-05,3.917906781225611e-07,0.00010285981988999993,0.000223616705625318,0.999779462814331,0.9995695948600769,9.8627686384134e-05,0.00020642721210606396,3.423225223286863e-07,4.6583721768911346e-08
4817,People & Occupations,People & Occupations,0.9998705387115479,People & Occupations,0.9997361302375793,1.2948968105774838e-05,2.5542311732351664e-07,6.37345074210316e-05,0.00013284981832839549,0.9998705387115479,0.9997361302375793,5.261279147816822e-05,0.00013072458386886865,2.2934641208394169e-07,3.618982447051167e-08
10348,Nature & Space,Nature & Space,0.9998332262039185,Nature & Space,0.9997504353523254,1.0286504448231426e-06,5.472231805470074e-07,7.859603101678658e-06,2.4587265556874627e-07,0.0001019330375129357,0.0001260086428374052,0.9998332262039185,0.9997504353523254,5.58720639673993e-05,0.000122798650409095
4372,Nature & Space,Nature & Space,0.9997987747192383,Nature & Space,0.99973064661026,9.7338852356188e-07,6.121513251855504e-07,7.393565738311736e-06,2.217344245991626e-07,0.00012194423470646143,0.00010336474952055141,0.9997987747192383,0.99973064661026,7.089566497597843e-05,0.00016520664212293923
9498,People & Occupations,People & Occupations,0.9998612403869629,People & Occupations,0.9997580647468567,1.2033289749524556e-05,2.471331583819847e-07,6.26618493697606e-05,0.000130919594084844,0.9998612403869629,0.9997580647468567,6.379270780598745e-05,0.0001107519055949524,1.8259862599734333e-07,3.8210330899346445e-08
3274,Emotions & Actions,Emotions & Actions,0.9998209476470947,Emotions & Actions,0.9996457099914551,9.24949417822063e-05,0.00018587829254101962,1.2114676337660057e-06,1.1300326008267803e-07,3.0704342179888044e-07,7.628818821103778e-08,8.503530989401042e-05,0.00016816855350043625,0.9998209476470947,0.9996457099914551
1111,Animals & Pets,Animals & Pets,0.999840259552002,Animals & Pets,0.999721348285675,0.999840259552002,0.999721348285675,5.522715946426615e-05,0.00014457444194704294,7.590646418975666e-06,4.5502474677050486e-07,7.29396958831785e-07,3.4233954693263513e-07,9.617496107239276e-05,0.00013324157043825835
6333,Nature & Space,Nature & Space,0.9997177720069885,Nature & Space,0.9996650218963623,1.3359073136598454e-06,8.349493896275817e-07,1.1967535101575777e-05,3.335190115194564e-07,0.0001377652515657246,0.00015645840903744102,0.9997177720069885,0.9996650218963623,0.00013104573008604348,0.00017734420544002205
9140,Nature & Space,Nature & Space,0.9998255968093872,Nature & Space,0.9997015595436096,6.89921989760478e-07,5.293240974424407e-07,7.077241662045708e-06,2.1403909045147884e-07,6.967556691961363e-05,0.00016379341832362115,0.9998255968093872,0.9997015595436096,9.684164251666516e-05,0.000133838620968163
5038,Emotions & Actions,Emotions & Actions,0.9997064471244812,Emotions & Actions,0.9995113611221313,0.00014080719847697765,0.0002518288674764335,2.0484042124735424e-06,1.3848367075297574e-07,4.7495171884293086e-07,8.46480503469138e-08,0.00015021703438833356,0.0002365557593293488,0.9997064471244812,0.9995113611221313
8361,Animals & Pets,Animals & Pets,0.9998074769973755,Animals & Pets,0.9997016787528992,0.9998074769973755,0.9997016787528992,4.92226863570977e-05,0.00013117238995619118,9.665291145211086e-06,4.5008749793851166e-07,9.123782547248993e-07,3.6844119222223526e-07,0.00013263295113574713,0.00016628079174552113
4738,Animals & Pets,Animals & Pets,0.9998432397842407,Animals & Pets,0.9997252821922302,0.9998432397842407,0.9997252821922302,4.310470467316918e-05,0.00012982937914784998,7.493975772376871e-06,3.880739996020566e-07,8.255926786659984e-07,3.557202603587939e-07,0.00010528229176998138,0.00014422371168620884
4999,Animals & Pets,Animals & Pets,0.9998334646224976,Animals & Pets,0.9997114539146423,0.9998334646224976,0.9997114539146423,6.370765913743526e-05,0.00010450909030623734,1.0765737897600047e-05,3.5682364796230104e-07,7.623069109286007e-07,3.948721030155866e-07,9.130339458351955e-05,0.00018328610167372972
5479,People & Occupations,People & Occupations,0.9997915029525757,People & Occupations,0.9996376037597656,1.9439112293184735e-05,3.0346734547492815e-07,0.00011212573008378968,0.00017107024905271828,0.9997915029525757,0.9996376037597656,7.646944868611172e-05,0.00019098632037639618,3.8859747064634576e-07,5.016323356699104e-08
1867,Food & Fruits,Food & Fruits,0.9998606443405151,Food & Fruits,0.99968022108078,7.266533793881536e-05,0.00014348982949741185,0.9998606443405151,0.99968022108078,6.084603228373453e-05,0.0001759204751579091,5.190560386836296e-06,2.734806230364484e-07,6.474197675743198e-07,8.844557441989309e-08
2409,People & Occupations,People & Occupations,0.9998317956924438,People & Occupations,0.999686062335968,1.895720197353512e-05,2.694410738968145e-07,6.280202796915546e-05,0.00017152013606391847,0.9998317956924438,0.999686062335968,8.621365122962743e-05,0.00014208239736035466,2.9447997462739295e-07,3.89953562773826e-08
9306,Nature & Space,Nature & Space,0.9997544884681702,Nature & Space,0.9996562004089355,1.222129981215403e-06,7.257783636305248e-07,9.722687536850572e-06,3.0065967848713626e-07,0.00014161822036840022,0.00012566783698275685,0.9997544884681702,0.9996562004089355,9.291899914387614e-05,0.00021715548064094037
8247,People & Occupations,People & Occupations,0.9998576641082764,People & Occupations,0.9997571110725403,1.0861266673600767e-05,2.3268830773304217e-07,6.626641697948799e-05,0.00013155351916793734,0.9998576641082764,0.9997571110725403,6.490425585070625e-05,0.00011110492778243497,2.0805646272492595e-07,3.7101006711282025e-08
4554,Emotions & Actions,Emotions & Actions,0.9997817277908325,Emotions & Actions,0.9996585845947266,0.00010622421541484073,0.0001700944994809106,1.6498441937073949e-06,1.1164727453660817e-07,4.50755067049613e-07,8.312412091981969e-08,0.00010989504517056048,0.00017113960348069668,0.9997817277908325,0.9996585845947266
9114,Emotions & Actions,Emotions & Actions,0.9998549222946167,Emotions & Actions,0.9997616410255432,6.238764763111249e-05,0.0001471686118748039,1.03966556252999e-06,8.950465257839824e-08,3.0851387577968126e-07,7.247449929081995e-08,8.133282244671136e-05,9.108793892664835e-05,0.9998549222946167,0.9997616410255432
11684,Animals & Pets,Animals & Pets,0.999835729598999,Animals & Pets,0.9997264742851257,0.999835729598999,0.9997264742851257,5.741781205870211e-05,0.0001034801171044819,7.457858828274766e-06,3.7476615943887737e-07,7.699481443523837e-07,3.9769813042767055e-07,9.851675713434815e-05,0.0001693275262368843
46,People & Occupations,People & Occupations,0.9997957944869995,People & Occupations,0.9996989369392395,1.921499460877385e-05,2.856527885342075e-07,5.829454676131718e-05,0.00016602316463831812,0.9997957944869995,0.9996989369392395,0.00012644882372114807,0.00013471225975081325,2.3996972231543623e-07,4.010210119531621e-08
8699,People & Occupations,People & Occupations,0.9997385144233704,People & Occupations,0.9996211528778076,1.541370147606358e-05,2.9848308713553706e-07,0.0001316675334237516,0.0001949828292708844,0.9997385144233704,0.9996211528778076,0.00011405388795537874,0.00018352891493123025,3.4992686437362863e-07,4.835624167753849e-08
9968,People & Occupations,People & Occupations,0.999861478805542,People & Occupations,0.9997569918632507,1.2542703188955784e-05,2.51438194709408e-07,6.36889599263668e-05,0.00013842865882907063,0.999861478805542,0.9997569918632507,6.192356522660702e-05,0.00010431549162603915,1.9638385140297032e-07,3.7329566993093977e-08
8422,Animals & Pets,Animals & Pets,0.9997774362564087,Animals & Pets,0.9996050596237183,0.9997774362564087,0.9996050596237183,9.529393719276413e-05,0.000178905509528704,1.2243903256603517e-05,4.972211513631919e-07,1.1643977586572873e-06,5.926327162342204e-07,0.00011369613639544696,0.00021495786495506763
5198,People & Occupations,People & Occupations,0.9998631477355957,People & Occupations,0.9997749328613281,8.809134669718333e-06,2.1176265363465063e-07,4.5189026423031464e-05,0.00012167786189820617,0.9998631477355957,0.9997749328613281,8.256838918896392e-05,0.00010304737224942073,2.1948849848740792e-07,3.61847405372373e-08
4664,Food & Fruits,Food & Fruits,0.9998660087585449,Food & Fruits,0.9997126460075378,6.254274194361642e-05,0.00012402127322275192,0.9998660087585449,0.9997126460075378,6.58742937957868e-05,0.0001628687314223498,4.791923856828362e-06,2.4552076638428844e-07,6.921879958099453e-07,9.36281665531169e-08
6301,Emotions & Actions,Emotions & Actions,0.9998223781585693,Emotions & Actions,0.9997304081916809,9.656319161877036e-05,0.00016789339133538306,1.4243905752664432e-06,1.1089674245567949e-07,3.566584325653821e-07,6.937187180255933e-08,7.925380486994982e-05,0.00010151116293855011,0.9998223781585693,0.9997304081916809
7801,People & Occupations,People & Occupations,0.9998549222946167,People & Occupations,0.9997720718383789,1.1285586879239418e-05,2.1697701413359027e-07,6.075777855585329e-05,0.00013116124318912625,0.9998549222946167,0.9997720718383789,7.278560224222019e-05,9.654839232098311e-05,1.8924293954114546e-07,3.536867509978947e-08
9504,Emotions & Actions,Emotions & Actions,0.999854564666748,Emotions & Actions,0.9997573494911194,5.3121875680517405e-05,0.0001335231791017577,1.1089661029473064e-06,8.646736660011811e-08,2.1344092715480656e-07,5.4646950076175926e-08,9.092489926842973e-05,0.00010903145448537543,0.999854564666748,0.9997573494911194
1343,People & Occupations,People & Occupations,0.9998011589050293,People & Occupations,0.9996414184570312,1.7954924260266125e-05,3.367968872680649e-07,0.00011213473044335842,0.00016200730169657618,0.9998011589050293,0.9996414184570312,6.8416164140217e-05,0.00019628308655228466,3.381568376426003e-07,4.271891285156926e-08
1277,Animals & Pets,Animals & Pets,0.999769389629364,Animals & Pets,0.9995912313461304,0.999769389629364,0.9995912313461304,8.18625558167696e-05,0.00022739730775356293,1.288267503696261e-05,5.24266170032206e-07,1.1297914852548274e-06,5.820922979182797e-07,0.00013483062502928078,0.0001802719634724781
4141,People & Occupations,People & Occupations,0.9998770952224731,People & Occupations,0.9997652173042297,1.3060500350547954e-05,2.5909596956807945e-07,4.873866419075057e-05,0.00013082491932436824,0.9998770952224731,0.9997652173042297,6.089353337301873e-05,0.00010368011135142297,1.8325746964364953e-07,3.3215112438256256e-08
9472,Nature & Space,Nature & Space,0.9998476505279541,Nature & Space,0.9997556805610657,9.139006351688295e-07,5.875975830349489e-07,8.197267561627086e-06,2.1265550742555206e-07,8.06774478405714e-05,9.304156992584467e-05,0.9998476505279541,0.9997556805610657,6.26317851128988e-05,0.00015046961198095232
8322,Emotions & Actions,Emotions & Actions,0.999786376953125,Emotions & Actions,0.9996010065078735,0.00010455310984980315,0.00020790856797248125,1.8183001202487503e-06,1.242904374976206e-07,3.202229379439814e-07,7.855948780388644e-08,0.00010690133058233187,0.0001908216654555872,0.999786376953125,0.9996010065078735
166,People & Occupations,People & Occupations,0.9997398257255554,People & Occupations,0.9996194839477539,2.3919546947581694e-05,3.8380053979381046e-07,0.00011883824481628835,0.00019681299454532564,0.9997398257255554,0.9996194839477539,0.00011704560893122107,0.00018328933219891042,3.502588867831946e-07,4.572474310293728e-08
9231,Emotions & Actions,Emotions & Actions,0.9998373985290527,Emotions & Actions,0.9997506737709045,5.7980210840469226e-05,0.00012648364645428956,1.1282101013421197e-06,9.028276792832912e-08,2.481108651863906e-07,6.175731925850414e-08,0.00010323933383915573,0.0001227346365340054,0.9998373985290527,0.9997506737709045
5792,Animals & Pets,Animals & Pets,0.9998204708099365,Animals & Pets,0.9996969103813171,0.9998204708099365,0.9996969103813171,9.114744170801714e-05,0.00013165539712645113,1.0066617505799513e-05,4.802264470527007e-07,1.019691580950166e-06,4.945154046254174e-07,7.726646435912699e-05,0.00017042772378772497
8290,Emotions & Actions,Emotions & Actions,0.9997363686561584,Emotions & Actions,0.9996438026428223,0.00011253036063862965,0.00019322443404234946,2.0882939679722767e-06,1.3553099620366993e-07,5.125017992213543e-07,9.169471582026745e-08,0.0001485014072386548,0.00016270506603177637,0.9997363686561584,0.9996438026428223
7916,Food & Fruits,Food & Fruits,0.9997298121452332,Food & Fruits,0.9996242523193359,0.00013204553397372365,0.00025885511422529817,0.9997298121452332,0.9996242523193359,0.0001302861637668684,0.00011647956853266805,6.772607321181567e-06,3.767977148072532e-07,1.0519074749026913e-06,1.1815784262125817e-07
3250,Emotions & Actions,Emotions & Actions,0.9998400211334229,Emotions & Actions,0.9997119307518005,8.022722613532096e-05,0.00017633520474191755,1.1558130381672527e-06,9.000589784591284e-08,3.231342873277754e-07,7.140383928572192e-08,7.82761417212896e-05,0.0001115588893298991,0.9998400211334229,0.9997119307518005
7908,Nature & Space,Nature & Space,0.999786376953125,Nature & Space,0.9996859431266785,1.0703812449719408e-06,6.084619030843896e-07,9.209807103616185e-06,2.6247153073200025e-07,9.600428893463686e-05,0.00017204400501213968,0.999786376953125,0.9996859431266785,0.00010730151552706957,0.00014108818140812218
6091,People & Occupations,People & Occupations,0.9998223781585693,People & Occupations,0.9996992945671082,1.733026874717325e-05,2.5938049930118723e-07,9.319990203948691e-05,0.00016684780712239444,0.9998223781585693,0.9996992945671082,6.684515392407775e-05,0.00013363707694225013,2.535924465973949e-07,4.5157900530057304e-08
11153,People & Occupations,People & Occupations,0.9998399019241333,People & Occupations,0.9997325539588928,1.3107578524795827e-05,2.689101279429451e-07,8.406393317272887e-05,0.0001531525340396911,0.9998399019241333,0.9997325539588928,6.268095603445545e-05,0.00011402177915442735,2.3320076536492707e-07,3.57293465924613e-08
272,Emotions & Actions,Emotions & Actions,0.999853253364563,Emotions & Actions,0.9997459053993225,7.092400483088568e-05,0.0001421440247213468,1.1437589364504674e-06,9.331910177934333e-08,3.4218132327623607e-07,6.327246637738426e-08,7.426458614645526e-05,0.00011179752618772909,0.999853253364563,0.9997459053993225
10486,Nature & Space,Nature & Space,0.9998220205307007,Nature & Space,0.9997254014015198,8.213532396439405e-07,5.525742494683072e-07,7.762771929265e-06,2.080432324191861e-07,5.532984869205393e-05,0.000148252715007402,0.9998220205307007,0.9997254014015198,0.00011403785174479708,0.0001256682735402137
1156,Emotions & Actions,Emotions & Actions,0.9998182058334351,Emotions & Actions,0.999695360660553,6.526397919515148e-05,0.00015876922407187521,1.7234972347068833e-06,1.0783443116224589e-07,2.5148236204586283e-07,6.66423716211284e-08,0.00011454807099653408,0.00014565356832463294,0.9998182058334351,0.999695360660553
193,Food & Fruits,Food & Fruits,0.9998698234558105,Food & Fruits,0.9997232556343079,6.665587716270238e-05,0.00012991396943107247,0.9998698234558105,0.9997232556343079,5.8072128013009205e-05,0.0001464829983888194,4.8365641305281315e-06,2.554081390826468e-07,5.968444725112931e-07,8.554090413781523e-08
9065,Animals & Pets,Animals & Pets,0.9998055696487427,Animals & Pets,0.999683678150177,0.9998055696487427,0.999683678150177,6.940591265447438e-05,0.00016939087072387338,9.04969510884257e-06,4.2699798541434575e-07,7.892949156484974e-07,3.53052456603109e-07,0.00011512245691847056,0.0001460868661524728
1421,Nature & Space,Nature & Space,0.999805212020874,Nature & Space,0.9997064471244812,1.2642443607546738e-06,7.674690323256073e-07,7.70514816395007e-06,2.3625861444998009e-07,0.00010360262240283191,0.00012445260654203594,0.999805212020874,0.9997064471244812,8.215667185140774e-05,0.00016805886116344482
2195,Animals & Pets,Animals & Pets,0.9997971057891846,Animals & Pets,0.9996914267539978,0.9997971057891846,0.9996914267539978,6.262897659325972e-05,0.0001527413260191679,1.075942418538034e-05,4.636814878722362e-07,9.056097383108863e-07,3.8867494822625304e-07,0.00012856822286266834,0.00015496357809752226
4234,Emotions & Actions,Emotions & Actions,0.9998180866241455,Emotions & Actions,0.9997105002403259,9.286608110414818e-05,0.00015729603182990104,1.4993107697591768e-06,9.98058951040548e-08,3.27984793102587e-07,6.096765758911715e-08,8.718288881937042e-05,0.00013206312723923475,0.9998180866241455,0.9997105002403259
6450,Animals & Pets,Animals & Pets,0.9998300075531006,Animals & Pets,0.9997114539146423,0.9998300075531006,0.9997114539146423,6.447708437917754e-05,0.00011285006621619686,1.0035655577667058e-05,4.270399927008839e-07,7.646298740837665e-07,3.685410661091737e-07,9.472863166593015e-05,0.0001747995993355289
6049,Animals & Pets,Animals & Pets,0.9997799396514893,Animals & Pets,0.9994955062866211,0.9997799396514893,0.9994955062866211,9.727196447784081e-05,0.000250134093221277,1.5428751794388518e-05,4.923130632050743e-07,1.144204247793823e-06,6.016509246364876e-07,0.00010614199709380046,0.0002532902581151575
4451,People & Occupations,People & Occupations,0.9998205900192261,People & Occupations,0.9997132420539856,1.7088621461880393e-05,3.013359446413233e-07,7.888072286732495e-05,0.0001696286490187049,0.9998205900192261,0.9997132420539856,8.322212670464069e-05,0.00011675408313749358,2.524265596548503e-07,3.6425625182801014e-08
1542,Emotions & Actions,Emotions & Actions,0.9997941255569458,Emotions & Actions,0.9996509552001953,7.421687041642144e-05,0.00020776256860699505,1.3793893458569073e-06,1.1008440026216704e-07,3.0229003300519253e-07,6.732803115028219e-08,0.00012988835806027055,0.0001410649565514177,0.9997941255569458,0.9996509552001953
5413,People & Occupations,People & Occupations,0.9998652935028076,People & Occupations,0.9997356534004211,1.1263136002526153e-05,2.5475111442574416e-07,5.7064891734626144e-05,0.00017057140939868987,0.9998652935028076,0.9997356534004211,6.611876597162336e-05,9.361367847304791e-05,1.9641082360521978e-07,3.0215577595527066e-08
1265,Food & Fruits,Food & Fruits,0.9998888969421387,Food & Fruits,0.9997463822364807,5.895671347388998e-05,0.00010681369167286903,0.9998888969421387,0.9997463822364807,4.720573269878514e-05,0.00014642228779848665,4.328894647187553e-06,2.2597808424507093e-07,6.18407455021952e-07,8.095237546967837e-08
5417,Emotions & Actions,Emotions & Actions,0.9998369216918945,Emotions & Actions,0.9997187256813049,8.38784544612281e-05,0.00017557191313244402,1.4091556295170449e-06,9.543133927536473e-08,2.8016881969961105e-07,7.949896740910845e-08,7.750456279609352e-05,0.00010548081627348438,0.9998369216918945,0.9997187256813049
2136,Food & Fruits,Food & Fruits,0.9998592138290405,Food & Fruits,0.9997153878211975,6.225115794222802e-05,0.00013533513993024826,0.9998592138290405,0.9997153878211975,7.277911936398596e-05,0.00014879429363645613,4.989535682398127e-06,2.965151679745759e-07,7.511135322602058e-07,8.857563926767398e-08
7341,Animals & Pets,Animals & Pets,0.9998236894607544,Animals & Pets,0.9997038245201111,0.9998236894607544,0.9997038245201111,4.814020940102637e-05,0.00013541181397158653,1.0899861081270501e-05,4.5233383616505307e-07,8.772757382757845e-07,4.3903540358769533e-07,0.00011640086449915543,0.00015977854491211474
9406,Food & Fruits,Food & Fruits,0.999854326248169,Food & Fruits,0.9996897578239441,8.122906001517549e-05,0.00011915481445612386,0.999854326248169,0.9996897578239441,5.930496990913525e-05,0.00019070251437369734,4.384489329822827e-06,2.2640186614353297e-07,6.78066669479449e-07,8.266218998187469e-08
2147,Emotions & Actions,Emotions & Actions,0.9998321533203125,Emotions & Actions,0.9997232556343079,6.840816786279902e-05,0.00014259795716498047,1.5740969274702366e-06,9.57227257458726e-08,2.8387447059685655e-07,5.805156888527563e-08,9.752487676450983e-05,0.00013400988245848566,0.9998321533203125,0.9997232556343079
4368,Emotions & Actions,Emotions & Actions,0.9998581409454346,Emotions & Actions,0.999767005443573,6.717948417644948e-05,0.00013161252718418837,1.0817549309649621e-06,8.893368885765085e-08,2.744440621427202e-07,5.469147978942601e-08,7.331837696256116e-05,0.00010120921797351912,0.9998581409454346,0.999767005443573
4436,People & Occupations,People & Occupations,0.999820351600647,People & Occupations,0.9997417330741882,1.188958231068682e-05,2.438073352095671e-07,9.278042853111401e-05,0.00014026464486960322,0.999820351600647,0.9997417330741882,7.476305472664535e-05,0.00011770110722864047,2.5604830966585723e-07,3.7981767064820815e-08
1347,Emotions & Actions,Emotions & Actions,0.9997652173042297,Emotions & Actions,0.9995833039283752,9.953195694833994e-05,0.00022174946207087487,1.9459330360405147e-06,1.3356454076074442e-07,4.815006491298846e-07,8.871474932448109e-08,0.00013286851753946394,0.00019472478015813977,0.9997652173042297,0.9995833039283752
11133,Emotions & Actions,Emotions & Actions,0.9998173713684082,Emotions & Actions,0.9996957182884216,8.182511373888701e-05,0.00018376136722508818,1.3535797052099952e-06,1.0620620116696955e-07,3.2482381584486575e-07,8.412328611484554e-08,9.906591003527865e-05,0.00012034252722514793,0.9998173713684082,0.9996957182884216
9460,Animals & Pets,Animals & Pets,0.9997744560241699,Animals & Pets,0.9996232986450195,0.9997744560241699,0.9996232986450195,0.00012428895570337772,0.0001880594209069386,1.694614184089005e-05,5.058683427705546e-07,1.1790210692197434e-06,6.339192282212025e-07,8.308966062031686e-05,0.00018761462706606835
11571,Animals & Pets,Animals & Pets,0.9998304843902588,Animals & Pets,0.99969083070755,0.9998304843902588,0.99969083070755,7.311316585401073e-05,0.00014585975441150367,1.031642659654608e-05,4.2601755012583453e-07,8.909321422834182e-07,3.8094921706033347e-07,8.52238226798363e-05,0.00016242296260315925
8449,Food & Fruits,Food & Fruits,0.9997920989990234,Food & Fruits,0.9996582269668579,0.00010367656796006486,0.0001756808633217588,0.9997920989990234,0.9996582269668579,9.767231676960364e-05,0.0001656766835367307,5.565834271692438e-06,3.572567948140204e-07,8.465829637316347e-07,8.779938553971078e-08
10591,People & Occupations,People & Occupations,0.9998433589935303,People & Occupations,0.999684751033783,1.5948393411235884e-05,2.767277464954532e-07,6.730559834977612e-05,0.0001735193800413981,0.9998433589935303,0.999684751033783,7.320278382394463e-05,0.00014141386782284826,2.675681969321886e-07,4.571012013343534e-08
7317,Emotions & Actions,Emotions & Actions,0.9997713565826416,Emotions & Actions,0.9995589852333069,0.00010522965021664277,0.00023983887513168156,2.0906109057250433e-06,1.393976845065481e-07,3.9019496966830047e-07,9.05985189092462e-08,0.0001209275724249892,0.0002009471063502133,0.9997713565826416,0.9995589852333069
7503,Animals & Pets,Animals & Pets,0.9997889995574951,Animals & Pets,0.9996432065963745,0.9997889995574951,0.9996432065963745,0.00010640484833857045,0.0001679442502791062,1.2729509762721136e-05,3.96147527226276e-07,1.2438124485925073e-06,5.648252567880263e-07,9.058960858965293e-05,0.00018791202455759048
4521,Nature & Space,Nature & Space,0.9997438788414001,Nature & Space,0.9997202754020691,6.542668415931985e-07,4.7009908143991197e-07,8.670956049172673e-06,2.0840457182202954e-07,3.0395380235859193e-05,0.00016831910761538893,0.9997438788414001,0.9997202754020691,0.0002164467005059123,0.00011068078310927376
11997,Nature & Space,Nature & Space,0.9998036623001099,Nature & Space,0.9997316002845764,7.241236517074867e-07,4.91272203362314e-07,6.429127552110003e-06,1.8965172898788296e-07,3.416136678424664e-05,0.0001548609434394166,0.9998036623001099,0.9997316002845764,0.00015496014384552836,0.00011285427899565548
6052,Animals & Pets,Animals & Pets,0.9997755289077759,Animals & Pets,0.9996001720428467,0.9997755289077759,0.9996001720428467,0.000112873014586512,0.00019716593669727445,1.1262371117481962e-05,5.032362082602049e-07,1.2122770840505837e-06,6.154664333735127e-07,9.919828153215349e-05,0.00020149521878920496
8614,Emotions & Actions,Emotions & Actions,0.9998232126235962,Emotions & Actions,0.9997051358222961,9.267678251489997e-05,0.00016680518456269056,1.2871633998656762e-06,1.0682339279810549e-07,2.8033389298798284e-07,7.426402959254119e-08,8.252377301687375e-05,0.00012788153253495693,0.9998232126235962,0.9997051358222961
10355,Animals & Pets,Animals & Pets,0.9997802972793579,Animals & Pets,0.9995948076248169,0.9997802972793579,0.9995948076248169,8.618726133136079e-05,0.0001850072294473648,1.3309759196999948e-05,4.2371218000880617e-07,1.0504928695809213e-06,6.706028443659307e-07,0.00011903191625606269,0.00021895395184401423
4249,Emotions & Actions,Emotions & Actions,0.9998050928115845,Emotions & Actions,0.9996665716171265,9.089613013202325e-05,0.00016969371063169092,1.5239811546052806e-06,1.3622502592625096e-07,4.378459266263235e-07,8.958153330240748e-08,0.00010203598503721878,0.0001634619984542951,0.9998050928115845,0.9996665716171265
7677,Animals & Pets,Animals & Pets,0.9998440742492676,Animals & Pets,0.9997230172157288,0.9998440742492676,0.9997230172157288,5.879259333596565e-05,0.00014563329750671983,9.278504876419902e-06,3.693077985644777e-07,8.220092126975942e-07,3.9831090248299006e-07,8.697604789631441e-05,0.00013062666403129697
5152,Nature & Space,Nature & Space,0.9997987747192383,Nature & Space,0.9997177720069885,7.745829861960374e-07,5.539101266549551e-07,7.453579655702924e-06,1.9530158112956997e-07,6.15958051639609e-05,0.00012467805936466902,0.9997987747192383,0.9997177720069885,0.000131336972117424,0.00015681172953918576
7061,Food & Fruits,Food & Fruits,0.999859094619751,Food & Fruits,0.9997225403785706,8.199037984013557e-05,0.00011933840141864493,0.999859094619751,0.9997225403785706,5.399959263741039e-05,0.0001577559596626088,4.137610176258022e-06,2.578957207788335e-07,7.670608397347678e-07,9.224100239180189e-08
290,Nature & Space,Nature & Space,0.9997913837432861,Nature & Space,0.9996773600578308,1.1126736580990837e-06,6.511360197691829e-07,8.709749636182096e-06,2.59151278214631e-07,9.179773041978478e-05,0.0001588181621627882,0.9997913837432861,0.9996773600578308,0.00010686741006793454,0.00016295138630084693
8881,Food & Fruits,Food & Fruits,0.9998012781143188,Food & Fruits,0.9996523857116699,8.62584711285308e-05,0.0002031723561231047,0.9998012781143188,0.9996523857116699,0.00010607990407152101,0.0001439182087779045,5.463043635245413e-06,3.729482784819993e-07,8.270158105005976e-07,1.0134290562291426e-07
10225,Emotions & Actions,Emotions & Actions,0.9998329877853394,Emotions & Actions,0.9996907114982605,9.424691234016791e-05,0.0001762764877639711,1.1242816526646493e-06,1.065077270823167e-07,3.3444402447457833e-07,7.19199348964139e-08,7.123974501155317e-05,0.0001328512589680031,0.9998329877853394,0.9996907114982605
10202,Emotions & Actions,Emotions & Actions,0.9998310804367065,Emotions & Actions,0.9997280240058899,7.509584975196049e-05,0.00017063485574908555,1.151752371697512e-06,8.562831510516844e-08,3.0947597906560986e-07,6.00553349272559e-08,9.238479833584279e-05,0.000101124620414339,0.9998310804367065,0.9997280240058899
1294,Food & Fruits,Food & Fruits,0.9998419284820557,Food & Fruits,0.9997193217277527,8.367760892724618e-05,0.0001415022707078606,0.9998419284820557,0.9997193217277527,6.974703865125775e-05,0.0001388461096212268,3.949909114453476e-06,2.7407747893448686e-07,6.98542123700463e-07,8.787445437974384e-08
9652,Emotions & Actions,Emotions & Actions,0.9997882843017578,Emotions & Actions,0.9996547698974609,9.68048843787983e-05,0.00021362850384321064,1.5490443274757126e-06,1.0957577245562788e-07,3.9080751434994454e-07,7.984642280689513e-08,0.00011288608948234469,0.00013144711556378752,0.9997882843017578,0.9996547698974609
3137,Food & Fruits,Food & Fruits,0.9998655319213867,Food & Fruits,0.9996984601020813,6.949617818463594e-05,0.00011025086132576689,0.9998655319213867,0.9996984601020813,6.00274906901177e-05,0.00019095404422841966,4.177121809334494e-06,2.253191127010723e-07,6.766711067029973e-07,7.047658101555498e-08
3222,Food & Fruits,Food & Fruits,0.9998911619186401,Food & Fruits,0.9997287392616272,5.641098687192425e-05,0.00011046732834074646,0.9998911619186401,0.9997287392616272,4.8071888159029186e-05,0.00016045365191530436,3.807293296631542e-06,2.2690072398745542e-07,5.456283815874485e-07,7.716676719837778e-08
9853,Food & Fruits,Food & Fruits,0.9998902082443237,Food & Fruits,0.9997634291648865,5.40053442819044e-05,0.00012513331603258848,0.9998902082443237,0.9997634291648865,5.181665619602427e-05,0.00011104335135314614,3.3864416764117777e-06,2.0647952680974413e-07,5.607296884591051e-07,7.469824225836419e-08
3952,Emotions & Actions,Emotions & Actions,0.9998118877410889,Emotions & Actions,0.9996634721755981,8.554706437280402e-05,0.00018696182814892381,1.3097045439280919e-06,1.1103366404086046e-07,4.340112695899734e-07,8.008933605196944e-08,0.00010084013047162443,0.00014936561638023704,0.9998118877410889,0.9996634721755981
7892,Food & Fruits,Food & Fruits,0.9999010562896729,Food & Fruits,0.9997462630271912,5.350084029487334e-05,0.00011333449219819158,0.9999010562896729,0.9997462630271912,4.0643764805281535e-05,0.000140066520543769,4.097607416042592e-06,2.2335534310968796e-07,6.578462148354447e-07,7.664883838742753e-08
5109,Nature & Space,Nature & Space,0.9997975826263428,Nature & Space,0.9997398257255554,7.520878853028989e-07,6.141544304227864e-07,9.039936230692547e-06,2.2004866195857176e-07,4.200156035949476e-05,0.00016751192742958665,0.9997975826263428,0.9997398257255554,0.00015054522373247892,9.171581768896431e-05
5268,Nature & Space,Nature & Space,0.9997579455375671,Nature & Space,0.999671995639801,1.11126621504809e-06,6.25089001005108e-07,9.256548764824402e-06,2.9382783850451233e-07,0.00011826278932858258,0.00013591970491688699,0.9997579455375671,0.999671995639801,0.00011347846884746104,0.00019118386262562126
5637,Animals & Pets,Animals & Pets,0.9997999668121338,Animals & Pets,0.9996381998062134,0.9997999668121338,0.9996381998062134,8.577707194490358e-05,0.00017772462160792202,1.067108223651303e-05,3.699931028222636e-07,8.350907592102885e-07,3.6634611433328246e-07,0.00010264047159580514,0.0001833607821026817
7676,People & Occupations,People & Occupations,0.9998108148574829,People & Occupations,0.9996562004089355,2.179359034926165e-05,3.131044366000424e-07,7.264585292432457e-05,0.00017693194968160242,0.9998108148574829,0.9996562004089355,9.446636977372691e-05,0.00016657685046084225,2.4531971121177776e-07,4.025902455850883e-08
1375,People & Occupations,People & Occupations,0.9998507499694824,People & Occupations,0.9997543692588806,1.567688195791561e-05,2.260527338648899e-07,6.935095007065684e-05,0.0001304044562857598,0.9998507499694824,0.9997543692588806,6.406114698620513e-05,0.0001150080279330723,2.4203239945563837e-07,3.849335783456809e-08
4341,Food & Fruits,Food & Fruits,0.999860405921936,Food & Fruits,0.9997565150260925,8.047377195907757e-05,0.00011317180178593844,0.999860405921936,0.9997565150260925,5.463035995489918e-05,0.0001298985880566761,3.919231858162675e-06,2.1299707952948665e-07,5.507447440322721e-07,7.84430724820595e-08
5369,Animals & Pets,Animals & Pets,0.9997314810752869,Animals & Pets,0.9995195865631104,0.9997314810752869,0.9995195865631104,0.00010578478395473212,0.00027444498846307397,1.445147609047126e-05,6.577301405741309e-07,1.2119670600441168e-06,6.556602443197335e-07,0.00014703383203595877,0.000204560870770365
8432,Food & Fruits,Food & Fruits,0.999842643737793,Food & Fruits,0.9996976256370544,7.178877422120422e-05,0.00012994743883609772,0.999842643737793,0.9996976256370544,7.892745634308085e-05,0.0001719520369078964,5.8182995417155325e-06,3.803353649800556e-07,7.883265880082035e-07,8.844053667189655e-08
7256,Animals & Pets,Animals & Pets,0.9998422861099243,Animals & Pets,0.9997068047523499,0.9998422861099243,0.9997068047523499,4.448759136721492e-05,0.00012486042396631092,7.754493708489463e-06,3.796050975779508e-07,7.575059726150357e-07,3.6291427818468946e-07,0.00010477706382516772,0.00016750735812820494
2404,Food & Fruits,Food & Fruits,0.99981689453125,Food & Fruits,0.9996940493583679,8.050641918089241e-05,0.00016936467727646232,0.99981689453125,0.9996940493583679,9.686833072919399e-05,0.00013611663598567247,4.958075805916451e-06,3.6072682974008785e-07,7.653376314920024e-07,9.717464166669743e-08
9495,Food & Fruits,Food & Fruits,0.9998221397399902,Food & Fruits,0.9997081160545349,7.873465801822022e-05,0.00012252955639269203,0.9998221397399902,0.9997081160545349,9.258506906917319e-05,0.00016887529636733234,5.546205557038775e-06,3.007255031661771e-07,8.313110697599768e-07,9.673108536389918e-08
4896,People & Occupations,People & Occupations,0.9998607635498047,People & Occupations,0.9997512698173523,1.4806189028604422e-05,2.3881094080024923e-07,7.932762673590332e-05,0.00013998882786836475,0.9998607635498047,0.9997512698173523,4.48680148110725e-05,0.00010847426165128127,2.3607186960816762e-07,3.651507896051953e-08
10813,Nature & Space,Nature & Space,0.9998204708099365,Nature & Space,0.9997350573539734,8.053104352256923e-07,5.506452680492657e-07,7.043895493552554e-06,2.1837163899363077e-07,6.107956869527698e-05,0.00012390653137117624,0.9998204708099365,0.9997350573539734,0.00011059617099817842,0.00014023121912032366
1780,People & Occupations,People & Occupations,0.9998375177383423,People & Occupations,0.9997214674949646,1.4891757928126026e-05,2.6026987143268343e-07,8.217695722123608e-05,0.00014331864076666534,0.9998375177383423,0.9997214674949646,6.525186472572386e-05,0.00013490338460542262,2.8483458436312503e-07,4.339419845678094e-08
2806,Animals & Pets,Animals & Pets,0.9998441934585571,Animals & Pets,0.9997290968894958,0.9998441934585571,0.9997290968894958,7.065832323860377e-05,0.00012632794096134603,7.649130566278473e-06,3.936634698220587e-07,8.572704928155872e-07,3.5606916526376153e-07,7.660355913685635e-05,0.0001438795734429732
9576,Animals & Pets,Animals & Pets,0.9998359680175781,Animals & Pets,0.99969083070755,0.9998359680175781,0.99969083070755,6.217684858711436e-05,0.00011865870328620076,9.156264241028111e-06,3.955122167553782e-07,8.343964168489038e-07,4.248417440066987e-07,9.177548054140061e-05,0.0001896516914712265
2,Food & Fruits,Food & Fruits,0.9997975826263428,Food & Fruits,0.9996787905693054,0.00010820031457114965,0.00018520532466936857,0.9997975826263428,0.9996787905693054,8.749176777200773e-05,0.00013554537144955248,5.81310678171576e-06,3.703212314576376e-07,8.837673703965265e-07,1.0056036359173959e-07
7583,Emotions & Actions,Emotions & Actions,0.9997957944869995,Emotions & Actions,0.9996432065963745,8.613830868853256e-05,0.00018590530089568347,1.7627668285058462e-06,1.3115977992583794e-07,3.2450347475787567e-07,8.265423900866153e-08,0.00011587871267693117,0.00017063731502275914,0.9997957944869995,0.9996432065963745
10240,Animals & Pets,Animals & Pets,0.9997802972793579,Animals & Pets,0.9995965957641602,0.9997802972793579,0.9995965957641602,8.830959268379956e-05,0.000153746732394211,1.2381605301925447e-05,5.182520794733136e-07,9.502938951300166e-07,4.942809823660355e-07,0.00011793306475738063,0.00024865043815225363
5627,Animals & Pets,Animals & Pets,0.9998345375061035,Animals & Pets,0.999711811542511,0.9998345375061035,0.999711811542511,5.936564411967993e-05,0.00014101850683800876,6.380411832651589e-06,3.40194787895598e-07,7.617801429660176e-07,3.485971831196366e-07,9.89766776910983e-05,0.00014647630450781435
994,Food & Fruits,Food & Fruits,0.999801754951477,Food & Fruits,0.9996581077575684,7.911608554422855e-05,0.00019637886725831777,0.999801754951477,0.9996581077575684,0.00011296234879409894,0.0001450092240702361,5.278891876514535e-06,3.514504669510643e-07,7.76663853230275e-07,1.0540468764475008e-07
8950,Food & Fruits,Food & Fruits,0.9998416900634766,Food & Fruits,0.9997212290763855,6.39396530459635e-05,0.00014049124729353935,0.9998416900634766,0.9997212290763855,8.998312841868028e-05,0.0001378292217850685,3.665952590381494e-06,2.1108832015670487e-07,6.96916345077625e-07,9.252404709059192e-08
10500,Food & Fruits,Food & Fruits,0.9999017715454102,Food & Fruits,0.9997518658638,5.1291524869157e-05,0.00010861366172321141,0.9999017715454102,0.9997518658638,4.224549047648907e-05,0.000139232914079912,4.194582743366482e-06,2.2414207023757626e-07,5.742817279497103e-07,7.745817498516772e-08
4505,People & Occupations,People & Occupations,0.9998155832290649,People & Occupations,0.9996902346611023,1.630255974305328e-05,2.6726175406110997e-07,8.82477979757823e-05,0.00016429234528914094,0.9998155832290649,0.9996902346611023,7.957917114254087e-05,0.0001451512798666954,2.612269156543334e-07,3.9225053427571765e-08
7123,Food & Fruits,Food & Fruits,0.9998846054077148,Food & Fruits,0.9997169375419617,5.162980960449204e-05,0.00010527260019443929,0.9998846054077148,0.9997169375419617,5.9269565099384636e-05,0.00017747166566550732,3.804299467446981e-06,2.3502597912283818e-07,7.114266509233858e-07,8.021714847927797e-08
2758,Food & Fruits,Food & Fruits,0.9997593760490417,Food & Fruits,0.9996657371520996,0.00010700798884499818,0.00019357891869731247,0.9997593760490417,0.9996657371520996,0.00012803282879758626,0.00014021080278325826,4.7361827455461025e-06,3.6495401900538127e-07,8.10804920092778e-07,9.901098252385054e-08
11925,Nature & Space,Nature & Space,0.9998548030853271,Nature & Space,0.9997265934944153,7.60084390094562e-07,6.21442552528606e-07,6.609111551370006e-06,1.886446057142166e-07,5.769511699327268e-05,0.00011620632722042501,0.9998548030853271,0.9997265934944153,8.009814337128773e-05,0.0001563701662234962
4432,Animals & Pets,Animals & Pets,0.9998525381088257,Animals & Pets,0.9997175335884094,0.9998525381088257,0.9997175335884094,3.889092477038503e-05,0.00011024708510376513,9.107801815844141e-06,3.7956175447106943e-07,7.198528351182176e-07,3.5767075701187423e-07,9.875716204987839e-05,0.0001714867539703846
7646,Animals & Pets,Animals & Pets,0.9998044967651367,Animals & Pets,0.9997338652610779,0.9998044967651367,0.9997338652610779,3.114574428764172e-05,0.0001375468127662316,7.53020776755875e-06,3.912202828360023e-07,7.598330284963595e-07,3.385832769708941e-07,0.00015618473116774112,0.00012787667219527066
8803,Animals & Pets,Animals & Pets,0.9997289776802063,Animals & Pets,0.9995489716529846,0.9997289776802063,0.9995489716529846,8.643850014777854e-05,0.00018314659246243536,1.3029765796090942e-05,4.1733287048373313e-07,1.1564288797671907e-06,5.71062173548853e-07,0.00017040361126419157,0.0002667770313564688
5563,People & Occupations,People & Occupations,0.9998565912246704,People & Occupations,0.9997460246086121,1.3836410289513879e-05,2.589151506526832e-07,6.091963950893842e-05,0.00012260364019311965,0.9998565912246704,0.9997460246086121,6.842536822659895e-05,0.00013111543375998735,2.7458028739602014e-07,4.1621053270546327e-08
11168,People & Occupations,People & Occupations,0.9998500347137451,People & Occupations,0.9997237324714661,1.6473572031827644e-05,2.709566047087719e-07,8.387987327296287e-05,0.00017169711645692587,0.9998500347137451,0.9997237324714661,4.938780693919398e-05,0.00010424967331346124,2.687102380605211e-07,3.573734375095228e-08
4010,Animals & Pets,Animals & Pets,0.9997951984405518,Animals & Pets,0.9996079206466675,0.9997951984405518,0.9996079206466675,7.448100222973153e-05,0.00023653505195397884,1.3602146282210015e-05,4.6151029664542875e-07,9.87181579148455e-07,5.575100772148289e-07,0.00011571178038138896,0.00015448011981789023
3206,Animals & Pets,Animals & Pets,0.9998297691345215,Animals & Pets,0.9997254014015198,0.9998297691345215,0.9997254014015198,7.629354513483122e-05,9.917259740177542e-05,8.562551556678955e-06,4.12287988638127e-07,8.127634600896272e-07,3.729673494490271e-07,8.450911263935268e-05,0.0001746853959048167
5991,Nature & Space,Nature & Space,0.9998296499252319,Nature & Space,0.9997460246086121,7.279049327735265e-07,5.296208200888941e-07,7.366766567429295e-06,2.1056557386600616e-07,5.3392683184938505e-05,0.00014086769078858197,0.9998296499252319,0.9997460246086121,0.00010877397289732471,0.00011241002357564867
11543,People & Occupations,People & Occupations,0.9998332262039185,People & Occupations,0.9997318387031555,1.1211474884476047e-05,2.772154346075695e-07,7.957631896715611e-05,0.00013965835387352854,0.9998332262039185,0.9997318387031555,7.566579733975232e-05,0.00012819889525417238,2.097819589153005e-07,3.6501415223710865e-08
10758,People & Occupations,People & Occupations,0.9998430013656616,People & Occupations,0.9996604919433594,1.8526163330534473e-05,3.0586377874897153e-07,7.480048225261271e-05,0.00017300293256994337,0.9998430013656616,0.9996604919433594,6.336656952043995e-05,0.00016620356473140419,2.796598437271314e-07,4.355955596224703e-08
5352,Animals & Pets,Animals & Pets,0.9997948408126831,Animals & Pets,0.999673068523407,0.9997948408126831,0.999673068523407,7.153194746933877e-05,0.00013881201448384672,1.066931781679159e-05,4.828259534406243e-07,1.1204859902136377e-06,5.354972927307244e-07,0.00012180498742964119,0.00018710685253608972
11286,People & Occupations,People & Occupations,0.9998178482055664,People & Occupations,0.9996192455291748,1.8943583199870773e-05,3.502653953546542e-07,8.488588355248794e-05,0.00016584993863943964,0.9998178482055664,0.9996192455291748,7.806932262610644e-05,0.0002144821482943371,2.6928799456982233e-07,4.592086000343443e-08
8758,Animals & Pets,Animals & Pets,0.9998114109039307,Animals & Pets,0.9997112154960632,0.9998114109039307,0.9997112154960632,4.7850706323515624e-05,0.000124519327073358,9.31422346184263e-06,3.9395874296133115e-07,7.965285249156295e-07,3.484919375296158e-07,0.00013062077050562948,0.00016345058975275606
4325,People & Occupations,People & Occupations,0.9998126029968262,People & Occupations,0.9996017217636108,1.897132460726425e-05,3.338001874908514e-07,8.640566375106573e-05,0.00019712788343895227,0.9998126029968262,0.9996017217636108,8.16830579424277e-05,0.00020081852562725544,3.039288856143685e-07,4.377236706432086e-08
169,Emotions & Actions,Emotions & Actions,0.9998356103897095,Emotions & Actions,0.9997279047966003,7.248377369251102e-05,0.00015874032396823168,9.859456895355834e-07,9.442768345024888e-08,3.0590277333431004e-07,8.170335519253058e-08,9.060576849151403e-05,0.00011318648466840386,0.9998356103897095,0.9997279047966003
11797,People & Occupations,People & Occupations,0.9998226165771484,People & Occupations,0.9997274279594421,1.8011820429819636e-05,2.566011119142786e-07,6.799742550356314e-05,0.00014230348460841924,0.9998226165771484,0.9997274279594421,9.109636448556557e-05,0.00012998776219319552,2.391274449564662e-07,4.1230748593079625e-08
8109,Nature & Space,Nature & Space,0.9998148679733276,Nature & Space,0.9996927380561829,1.0203483498116839e-06,6.11544635376049e-07,8.065153451752849e-06,2.510425076707179e-07,8.340185013366863e-05,0.00018303358228877187,0.9998148679733276,0.9996927380561829,9.265639528166503e-05,0.0001233630464412272
4295,Nature & Space,Nature & Space,0.9998053312301636,Nature & Space,0.9996952414512634,9.170013299808488e-07,6.469103368544893e-07,8.394009455514606e-06,2.41856326965717e-07,0.00011530778283486143,0.00013076886534690857,0.9998053312301636,0.9996952414512634,6.992837734287605e-05,0.0001730946241877973
3477,Food & Fruits,Food & Fruits,0.999802827835083,Food & Fruits,0.999664306640625,9.91384731605649e-05,0.00018069722864311188,0.999802827835083,0.999664306640625,9.263804531656206e-05,0.0001546026032883674,4.626229383575264e-06,3.26804155292848e-07,7.384656441900006e-07,9.311626314456589e-08
8815,Emotions & Actions,Emotions & Actions,0.999721348285675,Emotions & Actions,0.9996075630187988,0.00016944408707786351,0.00022332491062115878,2.0421889530553017e-06,1.3717620106490358e-07,7.03136834090401e-07,1.0033823372168627e-07,0.00010641378321452066,0.0001688451156951487,0.999721348285675,0.9996075630187988
2358,Animals & Pets,Animals & Pets,0.9998310804367065,Animals & Pets,0.9996933341026306,0.9998310804367065,0.9996933341026306,5.6050197599688545e-05,0.00012770392640959471,8.353473276656587e-06,3.739451415185613e-07,8.597891678618907e-07,3.6369556255522184e-07,0.00010363564069848508,0.0001781513710739091
11751,Nature & Space,Nature & Space,0.999828577041626,Nature & Space,0.9997103810310364,8.837661198413116e-07,6.173249289531668e-07,9.180319466395304e-06,2.26528555913319e-07,8.653131953906268e-05,0.00010775171540444717,0.999828577041626,0.9997103810310364,7.485891546821222e-05,0.00018106056086253375
4145,Food & Fruits,Food & Fruits,0.9997519850730896,Food & Fruits,0.9996447563171387,0.00012279380462132394,0.00018661505600903183,0.9997519850730896,0.9996447563171387,0.00011907918815268204,0.00016814451373647898,5.3037283578305505e-06,4.0132769640877086e-07,7.851311352169432e-07,8.895675307485362e-08
3903,People & Occupations,People & Occupations,0.9997726678848267,People & Occupations,0.9996994137763977,1.6148995200637728e-05,2.956046785129729e-07,0.00012084310583304614,0.0001728396600810811,0.9997726678848267,0.9996994137763977,8.996798715088516e-05,0.0001274078676942736,3.2072404110294883e-07,4.271413800438495e-08
10857,Nature & Space,Nature & Space,0.9997857809066772,Nature & Space,0.9997132420539856,1.2977682217751862e-06,7.243910999932268e-07,7.613860361743718e-06,2.735621364990948e-07,0.00011706248915288597,0.0001281180593650788,0.9997857809066772,0.9997132420539856,8.822960080578923e-05,0.00015771703328937292
540,Food & Fruits,Food & Fruits,0.9998185634613037,Food & Fruits,0.9996557235717773,8.132421498885378e-05,0.0001332020910922438,0.9998185634613037,0.9996557235717773,9.423054871149361e-05,0.00021053965610917658,5.107855940877926e-06,3.059498681068362e-07,6.729506480951386e-07,9.098083353364927e-08
10780,Emotions & Actions,Emotions & Actions,0.999852180480957,Emotions & Actions,0.9997305274009705,7.648050814168528e-05,0.00012521744065452367,1.1462714155641152e-06,9.94132776099832e-08,3.374997561422788e-07,7.0410315800018e-08,6.981557089602575e-05,0.00014413178723771125,0.999852180480957,0.9997305274009705
8868,Emotions & Actions,Emotions & Actions,0.9998413324356079,Emotions & Actions,0.9997268319129944,7.572748290840536e-05,0.00014542954158969223,1.0715349390011397e-06,1.0133944527979111e-07,3.1604631089976465e-07,6.298876797927733e-08,8.155315299518406e-05,0.00012755751959048212,0.9998413324356079,0.9997268319129944
1429,Food & Fruits,Food & Fruits,0.9998847246170044,Food & Fruits,0.999727189540863,6.47579290671274e-05,0.00012375297956168652,0.9998847246170044,0.999727189540863,4.575836646836251e-05,0.00014878399088047445,4.2002188820333686e-06,2.1522093618386862e-07,5.819607054036169e-07,7.913625665878499e-08
3132,Nature & Space,Nature & Space,0.9998128414154053,Nature & Space,0.9997187256813049,9.680752555141225e-07,6.408451440620411e-07,6.513121661555488e-06,2.60298435250661e-07,9.308158769272268e-05,0.00015887031622696668,0.9998128414154053,0.9997187256813049,8.647568029118702e-05,0.00012149223039159551
11457,People & Occupations,People & Occupations,0.9998345375061035,People & Occupations,0.9996984601020813,1.7842352463048883e-05,2.8707876253974973e-07,7.146837015170604e-05,0.0001260828721569851,0.9998345375061035,0.9996984601020813,7.598124648211524e-05,0.0001751998788677156,2.378257306645537e-07,3.888057520384791e-08
1022,People & Occupations,People & Occupations,0.9997968673706055,People & Occupations,0.9996842741966248,1.4995469427958596e-05,2.6520132223595283e-07,8.888814772944897e-05,0.0001852273562690243,0.9997968673706055,0.9996842741966248,9.887266060104594e-05,0.00013013767602387816,2.6272101649738033e-07,4.561620414733625e-08
2286,Food & Fruits,Food & Fruits,0.9998550415039062,Food & Fruits,0.9997263550758362,6.78437136230059e-05,0.00015406275633722544,0.9998550415039062,0.9997263550758362,7.191417535068467e-05,0.00011919338430743665,4.535875177680282e-06,2.1548692075157305e-07,6.951765385565523e-07,9.3366047337895e-08
5602,Emotions & Actions,Emotions & Actions,0.9998300075531006,Emotions & Actions,0.9997379183769226,6.890563963679597e-05,0.00013718579430133104,1.279251932828629e-06,9.864564276540477e-08,3.033382256489858e-07,6.564751942050862e-08,9.944579505827278e-05,0.00012473481183405966,0.9998300075531006,0.9997379183769226
9870,Food & Fruits,Food & Fruits,0.9998879432678223,Food & Fruits,0.9997673630714417,5.3758620197186247e-05,0.00010520805517444387,0.9998879432678223,0.9997673630714417,5.4283591452986e-05,0.00012702308595180511,3.6197704957885435e-06,2.0757572372076538e-07,5.067257120572322e-07,7.337707330634657e-08
6201,Animals & Pets,Animals & Pets,0.9998518228530884,Animals & Pets,0.9997377991676331,0.9998518228530884,0.9997377991676331,5.114531813887879e-05,0.00011912576883332804,7.026356797723565e-06,3.5419125765656645e-07,7.784453828207916e-07,3.7975482314323017e-07,8.921219705371186e-05,0.00014234051923267543
11745,Emotions & Actions,Emotions & Actions,0.9997212290763855,Emotions & Actions,0.9995481371879578,0.00014667784853372723,0.0001966038253158331,1.5287645283024176e-06,1.4174401030686568e-07,5.475997681969602e-07,9.612562479333064e-08,0.00013002054765820503,0.0002549598866607994,0.9997212290763855,0.9995481371879578
11056,Food & Fruits,Food & Fruits,0.9997668862342834,Food & Fruits,0.9996817708015442,0.00010146685963263735,0.00018486828776076436,0.9997668862342834,0.9996817708015442,0.00012569662067107856,0.00013282004510983825,5.154076916369377e-06,3.0784565296926303e-07,8.521864742760954e-07,1.0422446194979784e-07
10241,Nature & Space,Nature & Space,0.999821662902832,Nature & Space,0.9996991753578186,8.415013894591539e-07,7.18376384156727e-07,7.246462246257579e-06,2.0518095311672369e-07,6.848349585197866e-05,0.00014873611507937312,0.999821662902832,0.9996991753578186,0.00010182130063185468,0.00015116657596081495
4020,People & Occupations,People & Occupations,0.999866247177124,People & Occupations,0.9997612833976746,1.0895657396758907e-05,2.3961405304362415e-07,4.865106529905461e-05,0.0001152585246018134,0.999866247177124,0.9997612833976746,7.395916327368468e-05,0.0001231985806953162,2.2250384290600778e-07,3.4584459740472084e-08
11734,Food & Fruits,Food & Fruits,0.9997324347496033,Food & Fruits,0.999627947807312,0.00010274234227836132,0.000201767121325247,0.9997324347496033,0.999627947807312,0.0001586529688211158,0.00016980711370706558,5.377720299293287e-06,3.6337604569780524e-07,8.881318649400782e-07,1.0100042402427789e-07
10460,People & Occupations,People & Occupations,0.9998351335525513,People & Occupations,0.9997403025627136,1.1534702025528532e-05,2.747969460870081e-07,6.7947905336041e-05,0.00015231921861413866,0.9998351335525513,0.9997403025627136,8.52225930429995e-05,0.00010712540824897587,1.7625360726469808e-07,3.651140190186197e-08
4749,Nature & Space,Nature & Space,0.9997599720954895,Nature & Space,0.9996823668479919,1.281094910154934e-06,7.663571750526899e-07,8.489865649607964e-06,3.071399419241061e-07,0.00010677421232685447,0.00018539064330980182,0.9997599720954895,0.9996823668479919,0.0001235191011801362,0.00013107094855513424
5793,Food & Fruits,Food & Fruits,0.9998705387115479,Food & Fruits,0.9997455477714539,7.266640750458464e-05,0.00011671533138724044,0.9998705387115479,0.9997455477714539,5.250682806945406e-05,0.00013737169501837343,3.5579453196987743e-06,2.2298037549717264e-07,5.459366434479307e-07,7.452954520204003e-08
6381,Nature & Space,Nature & Space,0.9998056888580322,Nature & Space,0.9996698498725891,1.0664596175047336e-06,6.841689810244134e-07,8.554893611290026e-06,3.0249466931309144e-07,0.00010881265916395932,0.00015771546168252826,0.9998056888580322,0.9996698498725891,7.585829007439315e-05,0.00017133457004092634
9717,Animals & Pets,Animals & Pets,0.9998242855072021,Animals & Pets,0.9997182488441467,0.9998242855072021,0.9997182488441467,3.345320510561578e-05,9.867706103250384e-05,8.457061085209716e-06,3.926450062863296e-07,7.784165063640103e-07,3.695057841923699e-07,0.00013292084622662514,0.0001823964703362435
11926,Food & Fruits,Food & Fruits,0.999738872051239,Food & Fruits,0.9996368885040283,0.00014291358820628375,0.00017782185750547796,0.999738872051239,0.9996368885040283,0.00011079087562393397,0.00018478772835806012,6.32121327726054e-06,3.8121936540846946e-07,1.1144799145768047e-06,1.2160577966824349e-07
4591,Animals & Pets,Animals & Pets,0.9998003244400024,Animals & Pets,0.9996074438095093,0.9998003244400024,0.9996074438095093,7.574063056381419e-05,0.00020793093426618725,1.608786260476336e-05,4.753192399675754e-07,1.1193141062904033e-06,5.3788812692801e-07,0.00010679969273041934,0.00018352062033955008
603,Emotions & Actions,Emotions & Actions,0.9997614026069641,Emotions & Actions,0.9995855689048767,0.00011622123565757647,0.0002158534189220518,1.998566403926816e-06,1.2942659566306247e-07,3.8124068169054226e-07,9.142357981772875e-08,0.00011999938578810543,0.0001983587717404589,0.9997614026069641,0.9995855689048767
6625,People & Occupations,People & Occupations,0.999832272529602,People & Occupations,0.9997177720069885,1.552351750433445e-05,2.6492659799259854e-07,7.984611147549003e-05,0.00013868286623619497,0.999832272529602,0.9997177720069885,7.204996654763818e-05,0.00014325990923680365,2.0479673423778877e-07,3.9223365888574335e-08
8351,Emotions & Actions,Emotions & Actions,0.9998371601104736,Emotions & Actions,0.9996955990791321,0.00010172416659770533,0.00016376259736716747,1.2874368167103967e-06,1.010712438187511e-07,3.7197173696768004e-07,7.82871865112611e-08,5.9445854276418686e-05,0.000140443560667336,0.9998371601104736,0.9996955990791321
10079,Animals & Pets,Animals & Pets,0.9998443126678467,Animals & Pets,0.9997194409370422,0.9998443126678467,0.9997194409370422,4.340816303738393e-05,0.00011363404337316751,7.369207651208853e-06,4.303845457798161e-07,7.56850397465314e-07,3.418847143166204e-07,0.00010417775774840266,0.00016610260354354978
10842,Food & Fruits,Food & Fruits,0.9998531341552734,Food & Fruits,0.9996955990791321,6.725094135617837e-05,0.00014313422434497625,0.9998531341552734,0.9996955990791321,7.328969513764605e-05,0.00016084681556094438,5.583357506111497e-06,2.683885895748972e-07,6.573073392246442e-07,8.792986960770577e-08
2728,Emotions & Actions,Emotions & Actions,0.9998214244842529,Emotions & Actions,0.9996976256370544,7.764340261928737e-05,0.00018365624418947846,1.6272125549221528e-06,1.0207732970002326e-07,2.823712748067919e-07,7.516480593494634e-08,9.90337211987935e-05,0.00011856573837576434,0.9998214244842529,0.9996976256370544
9351,Nature & Space,Nature & Space,0.9997441172599792,Nature & Space,0.9996576309204102,1.0680621471692575e-06,6.488154440376093e-07,1.022993092192337e-05,3.2453877452098823e-07,0.00014607452612835914,0.00014045549323782325,0.9997441172599792,0.9996576309204102,9.858376142801717e-05,0.00020096272055525333
1172,Emotions & Actions,Emotions & Actions,0.9998279809951782,Emotions & Actions,0.9996692538261414,8.370030991500244e-05,0.00019189354497939348,1.7713136912789196e-06,1.0432418662276177e-07,3.311473335543269e-07,6.820964415510389e-08,8.623387839179486e-05,0.00013858688180334866,0.9998279809951782,0.9996692538261414
10063,Animals & Pets,Animals & Pets,0.9998003244400024,Animals & Pets,0.9996629953384399,0.9998003244400024,0.9996629953384399,0.00010595250932965428,0.0001397893065586686,1.3302704246598296e-05,4.4905829099661787e-07,1.0341010465708678e-06,5.112584631206119e-07,7.919878407847136e-05,0.00019630903261713684
2783,Food & Fruits,Food & Fruits,0.9997961521148682,Food & Fruits,0.999700129032135,8.061876724241301e-05,0.00016632747428957373,0.9997961521148682,0.999700129032135,0.00011681645264616236,0.00013303369632922113,5.563771537708817e-06,3.397595662590902e-07,8.219917617680039e-07,9.678752377340061e-08
1411,Emotions & Actions,Emotions & Actions,0.9998215436935425,Emotions & Actions,0.9996657371520996,9.314988710684702e-05,0.00019875605357810855,1.3389108062256128e-06,1.1106376973657461e-07,3.540594946116471e-07,7.282920932993875e-08,8.355588943231851e-05,0.00013537540507968515,0.9998215436935425,0.9996657371520996
6941,Emotions & Actions,Emotions & Actions,0.9997639060020447,Emotions & Actions,0.9995695948600769,0.00011374567839084193,0.0002555556711740792,1.8092318896378856e-06,1.3050731695329887e-07,4.901686452285503e-07,1.0328271571324876e-07,0.00012008543126285076,0.00017464751726947725,0.9997639060020447,0.9995695948600769
6531,Nature & Space,Nature & Space,0.9997862577438354,Nature & Space,0.9997150301933289,8.62108663568506e-07,5.857966698386008e-07,1.1051493856939487e-05,2.431089285437338e-07,5.8184185036225244e-05,0.0001441962376702577,0.9997862577438354,0.9997150301933289,0.0001436326710972935,0.00013988140563014895
593,People & Occupations,People & Occupations,0.9998009204864502,People & Occupations,0.9997041821479797,1.4084875147091225e-05,2.7576888328439964e-07,7.305204053409398e-05,0.00015854563389439136,0.9998009204864502,0.9997041821479797,0.00011162096780026332,0.00013691309140995145,2.7111815370517434e-07,3.8535425517238764e-08
7470,Food & Fruits,Food & Fruits,0.9998775720596313,Food & Fruits,0.9997218251228333,6.134517752798274e-05,0.00010019809997174889,0.9998775720596313,0.9997218251228333,5.610045263892971e-05,0.00017754991131369025,4.233373601891799e-06,2.145386162055729e-07,5.881738616153598e-07,8.076531798906217e-08
11699,Animals & Pets,Animals & Pets,0.9998112916946411,Animals & Pets,0.9996873736381531,0.9998112916946411,0.9996873736381531,8.487309969495982e-05,0.00015063864702824503,8.70010262588039e-06,4.2824260049201257e-07,8.243578122346662e-07,3.6828348015660595e-07,9.424559539183974e-05,0.00016113398305606097
8054,People & Occupations,People & Occupations,0.9998724460601807,People & Occupations,0.9997504353523254,1.0881385605898686e-05,2.227740338867079e-07,5.8095658459933475e-05,0.0001287400082219392,0.9998724460601807,0.9997504353523254,5.828411667607725e-05,0.00012056093692081049,1.8024609005351522e-07,3.5940090015174064e-08
4484,Animals & Pets,Animals & Pets,0.9998360872268677,Animals & Pets,0.9997147917747498,0.9998360872268677,0.9997147917747498,6.334389763651416e-05,0.00014280917821452022,8.605667062511202e-06,4.0130299794327584e-07,9.181584346151794e-07,4.2248709064551804e-07,9.111574763664976e-05,0.0001415383449057117
2394,Emotions & Actions,Emotions & Actions,0.9998162984848022,Emotions & Actions,0.9997064471244812,0.00012397723912727088,0.00017963371647056192,9.466800179325219e-07,9.361954766973213e-08,3.566576083358086e-07,6.68895268063352e-08,5.8425084716873243e-05,0.00011370811989763752,0.9998162984848022,0.9997064471244812
4958,Food & Fruits,Food & Fruits,0.9997881650924683,Food & Fruits,0.9996286630630493,0.00010342196765122935,0.00018085680494550616,0.9997881650924683,0.9996286630630493,0.00010161989484913647,0.0001899470662465319,5.722006790165324e-06,3.746744710042549e-07,9.684844144430826e-07,1.0987532306216963e-07
11980,Nature & Space,Nature & Space,0.9998288154602051,Nature & Space,0.9997193217277527,6.691943781333975e-07,5.197521204536315e-07,9.327033694717102e-06,1.9164023967732646e-07,4.5177002903074026e-05,0.00011680737225105986,0.9998288154602051,0.9997193217277527,0.00011597397678997368,0.00016318046255037189
5014,People & Occupations,People & Occupations,0.9998517036437988,People & Occupations,0.9997316002845764,1.6455966033390723e-05,2.703310144624993e-07,5.4565163736697286e-05,0.0001576860959175974,0.9998517036437988,0.9997316002845764,7.70554761402309e-05,0.00011048882879549637,2.8229743520569173e-07,3.7988847623182664e-08
6329,Food & Fruits,Food & Fruits,0.9998801946640015,Food & Fruits,0.9997463822364807,5.714726648875512e-05,0.00011347586405463517,0.9998801946640015,0.9997463822364807,5.83721230213996e-05,0.0001397824235027656,3.6401531815499766e-06,2.302832911027508e-07,6.106207592893043e-07,8.164021636503094e-08
5998,People & Occupations,People & Occupations,0.9998073577880859,People & Occupations,0.9996626377105713,2.1084919353597797e-05,3.123590488485206e-07,8.992256334749982e-05,0.00018149673996958882,0.9998073577880859,0.9996626377105713,8.136821270454675e-05,0.00015554262790828943,2.617584300423914e-07,4.0754514429863775e-08
10249,Nature & Space,Nature & Space,0.9997997283935547,Nature & Space,0.9996996521949768,9.057926035893615e-07,6.638900913458201e-07,8.704723768460099e-06,2.306019553088845e-07,5.614628753392026e-05,0.00015077818534336984,0.9997997283935547,0.9996996521949768,0.00013445128570310771,0.00014861766248941422
2812,Animals & Pets,Animals & Pets,0.9998356103897095,Animals & Pets,0.9997193217277527,0.9998356103897095,0.9997193217277527,6.301272514974698e-05,0.0001254645176231861,7.669057595194317e-06,3.603965410547971e-07,7.751584121251653e-07,3.5055077773904486e-07,9.285505075240508e-05,0.0001545111881569028
5136,Nature & Space,Nature & Space,0.9997776746749878,Nature & Space,0.999668538570404,1.2240117257533711e-06,7.610190664308902e-07,8.759492629906163e-06,2.5393092073500156e-07,0.00011352595902280882,0.00012196662282804027,0.9997776746749878,0.999668538570404,9.874873649096116e-05,0.00020846961706411093
2006,People & Occupations,People & Occupations,0.9998736381530762,People & Occupations,0.9997472167015076,1.178260845335899e-05,2.223886923502505e-07,4.8875619540922344e-05,0.00012811311171390116,0.9998736381530762,0.9997472167015076,6.545321957673877e-05,0.00012444153253454715,1.8782820632168296e-07,3.641081747218777e-08
11545,Animals & Pets,Animals & Pets,0.9997650980949402,Animals & Pets,0.9996227025985718,0.9997650980949402,0.9996227025985718,0.00010010586265707389,0.00015788980817887932,1.1626262676145416e-05,4.7477016096308944e-07,1.051553567776864e-06,4.81571532873204e-07,0.0001220455378643237,0.0002183817996410653
4029,Nature & Space,Nature & Space,0.9998269081115723,Nature & Space,0.9997397065162659,7.106804105205811e-07,5.194604568714567e-07,8.287886885227636e-06,1.9915222537747468e-07,4.9920708988793194e-05,0.00010938718332909048,0.9998269081115723,0.9997397065162659,0.00011414166510803625,0.00015021729632280767
10776,Nature & Space,Nature & Space,0.9998124837875366,Nature & Space,0.9996915459632874,8.940056090978032e-07,6.951078717065684e-07,7.220251063699834e-06,2.949650763639511e-07,7.558872312074527e-05,0.000151587970321998,0.9998124837875366,0.9996915459632874,0.00010379710874985904,0.00015593656280543655
11257,Animals & Pets,Animals & Pets,0.9997621178627014,Animals & Pets,0.9995895624160767,0.9997621178627014,0.9995895624160767,0.0001340283633908257,0.0001958014036063105,1.310784682573285e-05,5.443304189611808e-07,1.2797153203791822e-06,5.203591513236461e-07,8.935148798627779e-05,0.0002135420509148389
3251,Animals & Pets,Animals & Pets,0.9997685551643372,Animals & Pets,0.9996296167373657,0.9997685551643372,0.9996296167373657,0.00013726249744649976,0.00019479601178318262,1.557105679239612e-05,5.470318455991219e-07,1.2106835356462398e-06,5.040012638346525e-07,7.738294516457245e-05,0.00017445090634282678
2915,Food & Fruits,Food & Fruits,0.9999011754989624,Food & Fruits,0.9997588992118835,5.55597544007469e-05,0.00010602240945445374,0.9999011754989624,0.9997588992118835,3.85870662285015e-05,0.00013465007941704243,3.999207365268376e-06,2.0970375658180274e-07,5.629626684822142e-07,8.001971707471967e-08
4871,Emotions & Actions,Emotions & Actions,0.9998372793197632,Emotions & Actions,0.999716579914093,7.961823575897142e-05,0.00017623383610043675,1.0937718570858124e-06,8.891343128425433e-08,2.8077877800569695e-07,5.851518736221806e-08,8.170571527443826e-05,0.00010704025771701708,0.9998372793197632,0.999716579914093
6382,Emotions & Actions,Emotions & Actions,0.999768078327179,Emotions & Actions,0.999596118927002,0.00010486915562069044,0.00021452463988680393,2.2234212337934878e-06,1.4305277318271692e-07,4.656882595099887e-07,9.586749172285636e-08,0.00012432585936039686,0.0001891289430204779,0.999768078327179,0.999596118927002
4955,Food & Fruits,Food & Fruits,0.9998486042022705,Food & Fruits,0.9996922612190247,6.116674194345251e-05,0.00015546137001365423,0.9998486042022705,0.9996922612190247,8.459771197522059e-05,0.00015166254888754338,4.732894012704492e-06,3.336919576213404e-07,7.836345616851759e-07,8.57920028352055e-08
10710,Nature & Space,Nature & Space,0.999796986579895,Nature & Space,0.9996870160102844,1.0726387245085789e-06,6.706723638671974e-07,7.2508591983933e-06,2.412305377674784e-07,6.66014602757059e-05,0.00016661646077409387,0.999796986579895,0.9996870160102844,0.0001280265423702076,0.00014537495735567063
5151,Nature & Space,Nature & Space,0.9998266696929932,Nature & Space,0.9997231364250183,8.501138495375926e-07,5.853714242221031e-07,7.640715011802968e-06,2.0441400749859895e-07,8.712396083865315e-05,0.0001440900523448363,0.9998266696929932,0.9997231364250183,7.77177483541891e-05,0.0001318878203164786
11235,Animals & Pets,Animals & Pets,0.9997981786727905,Animals & Pets,0.9997127652168274,0.9997981786727905,0.9997127652168274,3.9171252865344286e-05,0.00012677603808697313,6.473852408817038e-06,4.2698397351159656e-07,6.949911153242283e-07,3.517251911944186e-07,0.0001554283226141706,0.00015963178884703666
4534,People & Occupations,People & Occupations,0.9998496770858765,People & Occupations,0.9997603297233582,1.0584415576886386e-05,2.443397875140363e-07,6.416765245376155e-05,0.0001487523113610223,0.9998496770858765,0.9997603297233582,7.52857667976059e-05,9.068771760212258e-05,1.928923438754282e-07,3.321850172710583e-08
5718,Emotions & Actions,Emotions & Actions,0.9997998476028442,Emotions & Actions,0.9996839165687561,0.00010684885637601838,0.0001830674009397626,1.316857719757536e-06,1.0241252113019073e-07,3.6287295301917766e-07,6.858283541077981e-08,9.159299952443689e-05,0.00013285884051583707,0.9997998476028442,0.9996839165687561
9420,Animals & Pets,Animals & Pets,0.9997571110725403,Animals & Pets,0.9996166229248047,0.9997571110725403,0.9996166229248047,0.00011301548511255533,0.000189569458598271,1.3100508112984244e-05,5.259782369648747e-07,1.0179587661696132e-06,6.286436473601498e-07,0.00011574732343433425,0.00019266459275968373
4159,Nature & Space,Nature & Space,0.9998005628585815,Nature & Space,0.9996984601020813,9.502379043624387e-07,6.100918881202233e-07,7.105237727955682e-06,2.15481733789602e-07,0.00011016301868949085,0.00015237707702908665,0.9998005628585815,0.9996984601020813,8.119371341308579e-05,0.00014824519166722894
10731,People & Occupations,People & Occupations,0.9998444318771362,People & Occupations,0.9997581839561462,1.2238408089615405e-05,2.3654025937958068e-07,6.914670666446909e-05,0.0001513952447567135,0.9998444318771362,0.9997581839561462,7.388275116682053e-05,9.019098797580227e-05,1.8454856842708978e-07,3.550024629817017e-08
9444,Food & Fruits,Food & Fruits,0.9998501539230347,Food & Fruits,0.9996995329856873,6.750172178726643e-05,0.0001413042045896873,0.9998501539230347,0.9996995329856873,7.61089104344137e-05,0.0001586637954460457,5.39387565368088e-06,3.371179104760813e-07,7.849378675928165e-07,1.0066723632462526e-07
3577,Food & Fruits,Food & Fruits,0.9998128414154053,Food & Fruits,0.999640941619873,8.519468974554911e-05,0.00016708455223124474,0.9998128414154053,0.999640941619873,9.607157699065283e-05,0.0001915390748763457,5.152962330612354e-06,3.220247037916124e-07,7.173168228291615e-07,9.244217835657764e-08
8546,People & Occupations,People & Occupations,0.9998074769973755,People & Occupations,0.9997015595436096,1.4669982192572206e-05,2.7064018581768323e-07,8.411798626184464e-05,0.00015343035920523107,0.9998074769973755,0.9997015595436096,9.347302693640813e-05,0.00014469627058133483,2.328882970914492e-07,4.146477294852957e-08
8764,Animals & Pets,Animals & Pets,0.9998306035995483,Animals & Pets,0.9996671676635742,0.9998306035995483,0.9996671676635742,7.643453136552125e-05,0.0001690875506028533,6.672402378171682e-06,3.825916223831882e-07,8.525106522938586e-07,3.955435659008799e-07,8.55125326779671e-05,0.00016305044118780643
7771,Animals & Pets,Animals & Pets,0.9998221397399902,Animals & Pets,0.999670684337616,0.9998221397399902,0.999670684337616,6.057337304810062e-05,0.0001670622732490301,9.901164048642386e-06,4.5278019911165757e-07,8.291304993690574e-07,4.0967864833874046e-07,0.0001065583637682721,0.00016137550119310617
9809,Emotions & Actions,Emotions & Actions,0.9998029470443726,Emotions & Actions,0.9996339082717896,0.0001048365083988756,0.00017099393880926073,1.3596305734608904e-06,1.2462568577120692e-07,4.5552428673545364e-07,8.743395341070936e-08,9.03446416486986e-05,0.000194822670891881,0.9998029470443726,0.9996339082717896
5082,Food & Fruits,Food & Fruits,0.9997811317443848,Food & Fruits,0.999677836894989,8.781182259554043e-05,0.0001819566823542118,0.9997811317443848,0.999677836894989,0.00012434407835826278,0.00013982484233565629,5.707295258616796e-06,2.903830704781285e-07,9.298964300796797e-07,1.1414940814802321e-07
7887,Animals & Pets,Animals & Pets,0.9998037815093994,Animals & Pets,0.9996316432952881,0.9998037815093994,0.9996316432952881,6.37250195723027e-05,0.00014459220983553678,9.870211215456948e-06,4.63866967947979e-07,8.62297326875705e-07,4.705628668943973e-07,0.00012167336535640061,0.00022287773026619107
4860,People & Occupations,People & Occupations,0.9998289346694946,People & Occupations,0.9996976256370544,1.6267120372503996e-05,2.729148036451079e-07,7.328198262257501e-05,0.00016338369459845126,0.9998289346694946,0.9996976256370544,8.123893348965794e-05,0.00013874078285880387,2.43066153871041e-07,3.9191615286426895e-08
9657,Emotions & Actions,Emotions & Actions,0.9998184442520142,Emotions & Actions,0.9996484518051147,9.432035585632548e-05,0.0001763924810802564,1.368208017993311e-06,1.0989614906975476e-07,3.7979557987455337e-07,7.47781783161372e-08,8.545548189431429e-05,0.00017495319480076432,0.9998184442520142,0.9996484518051147
10518,Emotions & Actions,Emotions & Actions,0.9998624324798584,Emotions & Actions,0.9997374415397644,6.793576176278293e-05,0.0001573596673551947,1.2872151273768395e-06,9.08819544065409e-08,2.3547708849491755e-07,6.63967441028035e-08,6.805092561990023e-05,0.00010506614489713684,0.9998624324798584,0.9997374415397644
3278,People & Occupations,People & Occupations,0.9998462200164795,People & Occupations,0.9997453093528748,1.0155879863305017e-05,2.614358436403563e-07,7.207646558526903e-05,0.0001310945808654651,0.9998462200164795,0.9997453093528748,7.129166624508798e-05,0.00012337355292402208,2.2951171274598892e-07,3.7633959948379925e-08
10909,Animals & Pets,Animals & Pets,0.999801754951477,Animals & Pets,0.9996578693389893,0.999801754951477,0.9996578693389893,9.363022400066257e-05,0.00017537195526529104,1.2042251000821125e-05,4.4829948819824494e-07,9.500877240498085e-07,5.627854875456251e-07,9.149627294391394e-05,0.00016565575788263232
11961,Food & Fruits,Food & Fruits,0.9998184442520142,Food & Fruits,0.9997063279151917,8.749510016059503e-05,0.00012699230865109712,0.9998184442520142,0.9997063279151917,8.906155562726781e-05,0.00016611673345323652,4.2821238821488805e-06,3.1982068549041287e-07,7.618165227540885e-07,7.935406642900489e-08
9835,Animals & Pets,Animals & Pets,0.9998155832290649,Animals & Pets,0.9996458292007446,0.9998155832290649,0.9996458292007446,6.796368688810617e-05,0.00013187045988161117,1.2592477105499711e-05,4.743357919778646e-07,8.692546202837548e-07,4.3434243934825645e-07,0.0001029477352858521,0.0002212787076132372
3662,Animals & Pets,Animals & Pets,0.9997960329055786,Animals & Pets,0.9997184872627258,0.9997960329055786,0.9997184872627258,4.020776759716682e-05,0.00014573072257917374,9.867885637504514e-06,4.102596733446262e-07,7.719968380115461e-07,3.9468216073146323e-07,0.00015319905651267618,0.00013497594045475125
7670,Food & Fruits,Food & Fruits,0.9998446702957153,Food & Fruits,0.9997132420539856,7.609659223817289e-05,0.00014660942542832345,0.9998446702957153,0.9997132420539856,7.34443383407779e-05,0.00013976807531435043,5.181115284358384e-06,2.6053592705466144e-07,6.966492378523981e-07,8.697166009596913e-08
1838,Emotions & Actions,Emotions & Actions,0.9998506307601929,Emotions & Actions,0.9997548460960388,7.142890535760671e-05,0.00014931618352420628,1.0386245321569731e-06,8.437187659637857e-08,2.73250861937413e-07,5.12995157464502e-08,7.658535469090566e-05,9.564823267282918e-05,0.9998506307601929,0.9997548460960388
6131,Food & Fruits,Food & Fruits,0.9998244047164917,Food & Fruits,0.9996448755264282,8.79581129993312e-05,0.00014606448530685157,0.9998244047164917,0.9996448755264282,8.158857235684991e-05,0.00020870540174655616,4.895528945780825e-06,2.927447440015385e-07,1.0161010095544043e-06,1.1714106307181282e-07
11324,Nature & Space,Nature & Space,0.9997876882553101,Nature & Space,0.9996744990348816,7.397274544018728e-07,6.107350145612145e-07,8.551092832931317e-06,2.588126903901866e-07,3.7865414924453944e-05,0.00021092986571602523,0.9997876882553101,0.9996744990348816,0.00016507197869941592,0.00011364313104422763
6385,Emotions & Actions,Emotions & Actions,0.9997546076774597,Emotions & Actions,0.9995484948158264,0.0001381937909172848,0.000250930548645556,1.920190243254183e-06,1.6218554321767442e-07,6.018676685926039e-07,9.16716302867826e-08,0.00010469926201039925,0.00020031072199344635,0.9997546076774597,0.9995484948158264
7327,People & Occupations,People & Occupations,0.9998520612716675,People & Occupations,0.9997856616973877,1.0645829206623603e-05,2.286410278884432e-07,4.909215931547806e-05,0.00012646020331885666,0.9998520612716675,0.9997856616973877,8.796440670266747e-05,8.75536716193892e-05,2.0212198137414816e-07,3.4939230175723424e-08
3210,Animals & Pets,Animals & Pets,0.999848484992981,Animals & Pets,0.9997333884239197,0.999848484992981,0.9997333884239197,5.7982790167443454e-05,0.00012219831114634871,6.9231946326908655e-06,3.6978102002649393e-07,6.902279778842058e-07,3.262730672304315e-07,8.589436765760183e-05,0.00014377855404745787
4467,Food & Fruits,Food & Fruits,0.9998571872711182,Food & Fruits,0.9997429251670837,9.181287896353751e-05,0.00012121011968702078,0.9998571872711182,0.9997429251670837,4.688461922341958e-05,0.00013544825196731836,3.582579438443645e-06,2.3356118106221402e-07,5.734302703785943e-07,6.806650532098502e-08
9863,Animals & Pets,Animals & Pets,0.9998044967651367,Animals & Pets,0.9997034668922424,0.9998044967651367,0.9997034668922424,3.404304516152479e-05,0.0001193366915686056,7.4149756983388215e-06,3.861491677525919e-07,7.591594339828589e-07,3.5457179592413013e-07,0.00015330559108406305,0.00017650955123826861
608,Emotions & Actions,Emotions & Actions,0.9997807741165161,Emotions & Actions,0.9996938109397888,7.711499347351491e-05,0.00016205520660150796,1.821876026042446e-06,1.259352444549222e-07,3.624741964358691e-07,7.670477941701392e-08,0.00013987658894620836,0.00014394133177120239,0.9997807741165161,0.9996938109397888
7273,Emotions & Actions,Emotions & Actions,0.9998078346252441,Emotions & Actions,0.9996699690818787,9.641823271522298e-05,0.0001966853888006881,1.3520290167434723e-06,1.0868385658113766e-07,3.822876806225395e-07,7.613464703126738e-08,9.399438567925245e-05,0.00013306253822520375,0.9998078346252441,0.9996699690818787
7223,People & Occupations,People & Occupations,0.9998493194580078,People & Occupations,0.9997348189353943,1.2842413525504526e-05,2.755801347120723e-07,6.704614497721195e-05,0.00011796009493991733,0.9998493194580078,0.9997348189353943,7.0567024522461e-05,0.00014690538228023797,2.2166391033806576e-07,3.859795327798565e-08
8725,Food & Fruits,Food & Fruits,0.9998656511306763,Food & Fruits,0.9997149109840393,6.93754045641981e-05,0.00012449294445104897,0.9998656511306763,0.9997149109840393,5.9887635870836675e-05,0.00016011926345527172,4.432196419656975e-06,2.6934887387142226e-07,6.814491939621803e-07,7.850567129707997e-08
10589,Food & Fruits,Food & Fruits,0.999858021736145,Food & Fruits,0.9997374415397644,5.828577559441328e-05,0.00011174126120749861,0.999858021736145,0.9997374415397644,7.926305261207744e-05,0.00015038953279145062,3.707758423843188e-06,2.6322780399823387e-07,6.654869935118768e-07,7.399029300358961e-08
5380,People & Occupations,People & Occupations,0.99985671043396,People & Occupations,0.9997345805168152,1.3842667613062076e-05,2.5710951945256966e-07,5.2038009016541764e-05,0.00013020096230320632,0.99985671043396,0.9997345805168152,7.712496881140396e-05,0.00013493899314198643,2.376611973886611e-07,3.516119306823384e-08
9776,Food & Fruits,Food & Fruits,0.9998413324356079,Food & Fruits,0.9997227787971497,7.231137715280056e-05,0.0001612908235983923,0.9998413324356079,0.9997227787971497,8.045903086895123e-05,0.00011544669541763142,5.1063261707895435e-06,3.0420284247156815e-07,7.334755878218857e-07,1.0079772039262025e-07
1385,Nature & Space,Nature & Space,0.9997546076774597,Nature & Space,0.9996026754379272,1.4604722764488542e-06,8.130268724926282e-07,1.0018316970672458e-05,3.525377394453244e-07,0.00013405561912804842,0.00020177011901978403,0.9997546076774597,0.9996026754379272,9.990196122089401e-05,0.00019436267029959708
869,People & Occupations,People & Occupations,0.9998035430908203,People & Occupations,0.9996540546417236,1.6715212041162886e-05,3.177755445449293e-07,9.080388554139063e-05,0.0001851723063737154,0.9998035430908203,0.9996540546417236,8.868773147696629e-05,0.00016039700130932033,2.946255790448049e-07,4.0490110819746405e-08
6053,Emotions & Actions,Emotions & Actions,0.9997523427009583,Emotions & Actions,0.9996380805969238,0.00010374019620940089,0.0001945843396242708,3.2832265333126998e-06,1.4124894676115218e-07,4.191446691947931e-07,9.740301010197072e-08,0.00014025569544173777,0.00016705777670722455,0.9997523427009583,0.9996380805969238
6664,Food & Fruits,Food & Fruits,0.9997889995574951,Food & Fruits,0.9996787905693054,8.989056368591264e-05,0.00014425840345211327,0.9997889995574951,0.9996787905693054,0.00011537279351614416,0.00017648701032157987,4.83644043924869e-06,2.6262813435096177e-07,7.798409455972433e-07,1.014432484680583e-07
8344,Emotions & Actions,Emotions & Actions,0.9998414516448975,Emotions & Actions,0.9997544884681702,7.719009590800852e-05,0.00013618016964755952,1.1851834642584436e-06,9.809864565113458e-08,2.891328563237039e-07,6.118761319839905e-08,7.980345253599808e-05,0.00010921117791440338,0.9998414516448975,0.9997544884681702
3918,Emotions & Actions,Emotions & Actions,0.9998375177383423,Emotions & Actions,0.9997034668922424,8.79467697814107e-05,0.00019702764984685928,1.1402514701330801e-06,9.367446551777903e-08,3.534895540724392e-07,8.44134149247111e-08,7.30741594452411e-05,9.93327412288636e-05,0.9998375177383423,0.9997034668922424
8024,Nature & Space,Nature & Space,0.999763548374176,Nature & Space,0.9996832013130188,1.4656268376711523e-06,8.361550385416194e-07,9.86133727565175e-06,3.237195755900757e-07,0.00012978161976207048,0.00013166264398023486,0.999763548374176,0.9996832013130188,9.538208541925997e-05,0.0001838540774770081
74,People & Occupations,People & Occupations,0.9997909069061279,People & Occupations,0.999708354473114,1.311663982050959e-05,2.775236680463422e-07,9.930279338732362e-05,0.0001506123662693426,0.9997909069061279,0.999708354473114,9.647804836276919e-05,0.00014074917999096215,2.3748198429984768e-07,4.08123099759905e-08
4311,Nature & Space,Nature & Space,0.9998326301574707,Nature & Space,0.9997147917747498,8.123984116537031e-07,6.160326506687852e-07,9.16586122912122e-06,2.2659158105398092e-07,7.687769539188594e-05,0.00013083191879559308,0.9998326301574707,0.9997147917747498,8.042980334721506e-05,0.00015350308967754245
1487,Emotions & Actions,Emotions & Actions,0.9998559951782227,Emotions & Actions,0.999774694442749,8.483910642098635e-05,0.00011695295688696206,8.999488159133762e-07,8.874493317989618e-08,2.921708528447198e-07,6.163783439205872e-08,5.792480442323722e-05,0.00010812698019435629,0.9998559951782227,0.999774694442749
11655,Food & Fruits,Food & Fruits,0.9997643828392029,Food & Fruits,0.9996490478515625,9.982818301068619e-05,0.00015082764730323106,0.9997643828392029,0.9996490478515625,0.00012911927478853613,0.0001995580387301743,5.8663272284320556e-06,3.9470441492994723e-07,8.27984308671148e-07,8.694053121871548e-08
2248,Nature & Space,Nature & Space,0.9998142719268799,Nature & Space,0.9996992945671082,1.0461816373208421e-06,6.531592475766956e-07,6.654258868366014e-06,2.3965930040503736e-07,9.59889221121557e-05,0.00013216394290793687,0.9998142719268799,0.9996992945671082,8.203754259739071e-05,0.00016767119814176112
3115,Nature & Space,Nature & Space,0.9998137950897217,Nature & Space,0.9997134804725647,9.063100492312515e-07,6.315674454526743e-07,6.549897534569027e-06,2.0516080212473753e-07,8.464762504445389e-05,0.00014992627257015556,0.9998137950897217,0.9997134804725647,9.405019227415323e-05,0.00013577635399997234
7187,Emotions & Actions,Emotions & Actions,0.9997867345809937,Emotions & Actions,0.9996132850646973,0.00011147524492116645,0.00017434993060305715,1.4738859590579523e-06,1.2236196766934881e-07,3.6458317254073336e-07,8.614824764663354e-08,9.98518371488899e-05,0.00021213719446677715,0.9997867345809937,0.9996132850646973
11730,Animals & Pets,Animals & Pets,0.9998193979263306,Animals & Pets,0.9996907114982605,0.9998193979263306,0.9996907114982605,7.424055365845561e-05,0.00013007289089728147,1.0189483873546124e-05,4.465727840852196e-07,9.252717632080021e-07,4.2915857534353563e-07,9.526222856948152e-05,0.00017829792341217399
2608,Food & Fruits,Food & Fruits,0.9998160600662231,Food & Fruits,0.9996718764305115,7.934837049106136e-05,0.0001632204803172499,0.9998160600662231,0.9996718764305115,9.806956222746521e-05,0.00016442505875602365,5.845413397764787e-06,2.7757681664297706e-07,6.386512723111082e-07,9.473266260329183e-08
4662,Food & Fruits,Food & Fruits,0.9998594522476196,Food & Fruits,0.9997277855873108,7.633546920260414e-05,0.00012040480942232534,0.9998594522476196,0.9997277855873108,5.8967409131582826e-05,0.00015152193373069167,4.5602532736666035e-06,2.639051785990887e-07,7.206614327515126e-07,8.866920353511887e-08
902,Food & Fruits,Food & Fruits,0.9998608827590942,Food & Fruits,0.9997394680976868,6.308641604846343e-05,0.00013059280172456056,0.9998608827590942,0.9997394680976868,7.1449059760198e-05,0.00012954033445566893,3.992308847955428e-06,2.2835173751900584e-07,7.05734919392853e-07,9.82330945475951e-08
6369,People & Occupations,People & Occupations,0.9996727108955383,People & Occupations,0.9995450377464294,1.8696471670409665e-05,3.7493160220947175e-07,0.00016209243040066212,0.00022798588906880468,0.9996727108955383,0.9995450377464294,0.00014608443598262966,0.00022646659635938704,3.964555332913733e-07,5.65563986754114e-08
6942,Food & Fruits,Food & Fruits,0.999901533126831,Food & Fruits,0.9997597336769104,5.11107973579783e-05,0.00011486178118502721,0.999901533126831,0.9997597336769104,4.306407936383039e-05,0.00012499034346546978,3.6735150388267357e-06,1.9427059783083678e-07,5.850673119311978e-07,7.669432733337089e-08
5656,Food & Fruits,Food & Fruits,0.9998595714569092,Food & Fruits,0.9997360110282898,5.532485374715179e-05,0.00011891012400155887,0.9998595714569092,0.9997360110282898,8.032410551095381e-05,0.00014467463188339025,4.2031147131638136e-06,2.3571692508994602e-07,6.550593525389559e-07,8.801329443031136e-08
4148,Emotions & Actions,Emotions & Actions,0.9997629523277283,Emotions & Actions,0.9996428489685059,0.00011696428555296734,0.00019299901032354683,1.8884632027038606e-06,1.3349583127819642e-07,4.913086968372227e-07,8.792640926458262e-08,0.00011774143786169589,0.00016388471703976393,0.9997629523277283,0.9996428489685059
4615,Food & Fruits,Food & Fruits,0.9998607635498047,Food & Fruits,0.9997051358222961,7.086038385750726e-05,0.00012000144488411024,0.9998607635498047,0.9997051358222961,6.340425898088142e-05,0.00017448171274736524,4.1225398490496445e-06,2.316826765991209e-07,6.821806550760812e-07,7.844832339287677e-08
237,Animals & Pets,Animals & Pets,0.9998202323913574,Animals & Pets,0.9996793866157532,0.9998202323913574,0.9996793866157532,5.95432284171693e-05,0.00011125691526103765,1.1882235412485898e-05,4.3668376292771427e-07,8.75756370533054e-07,4.608123163052369e-07,0.00010741971345851198,0.00020831091387663037
10384,Nature & Space,Nature & Space,0.9998362064361572,Nature & Space,0.9997701048851013,8.324524856107018e-07,5.800473559247621e-07,7.181183718785178e-06,1.9348237856320338e-07,5.4057250963523984e-05,8.194267138605937e-05,0.9998362064361572,0.9997701048851013,0.0001017030153889209,0.0001471572177251801
5692,Nature & Space,Nature & Space,0.9997766017913818,Nature & Space,0.9997250437736511,9.071998192666797e-07,6.428692245208367e-07,8.371567673748359e-06,2.2375867558821483e-07,5.677322769770399e-05,0.00014938993263058364,0.9997766017913818,0.9997250437736511,0.00015735173656139523,0.00012460729340091348
6655,Nature & Space,Nature & Space,0.9998239278793335,Nature & Space,0.9997217059135437,8.084712703748664e-07,6.70025656290818e-07,7.736032785032876e-06,2.1427931073958462e-07,9.098430746234953e-05,9.70571709331125e-05,0.9998239278793335,0.9997217059135437,7.657761307200417e-05,0.00018029016791842878
576,Food & Fruits,Food & Fruits,0.9998440742492676,Food & Fruits,0.9997156262397766,7.622357952641323e-05,0.0001417159364791587,0.9998440742492676,0.9997156262397766,7.447817915817723e-05,0.0001423471258021891,4.559761237032944e-06,2.406386556685902e-07,5.812187851006456e-07,8.791352712478329e-08
10728,Animals & Pets,Animals & Pets,0.9998084306716919,Animals & Pets,0.9996564388275146,0.9998084306716919,0.9996564388275146,7.933255255920812e-05,0.00015642543439753354,1.1757807442336343e-05,3.660890968149033e-07,9.495714152762957e-07,5.02269131175126e-07,9.944630437530577e-05,0.00018624973017722368
4073,Nature & Space,Nature & Space,0.9997751712799072,Nature & Space,0.9997259974479675,1.4111220707491157e-06,6.692749252579233e-07,9.44177372730337e-06,3.0300310527309193e-07,0.00012387335300445557,0.00012948177754878998,0.9997751712799072,0.9997259974479675,9.01331877685152e-05,0.00014354335144162178
4499,People & Occupations,People & Occupations,0.9998705387115479,People & Occupations,0.9997782707214355,1.053228788805427e-05,2.2346584671595338e-07,5.174166290089488e-05,0.00012831420463044196,0.9998705387115479,0.9997782707214355,6.696124182781205e-05,9.323357517132536e-05,1.9957948893534194e-07,3.3490362483235003e-08
5132,Animals & Pets,Animals & Pets,0.9998327493667603,Animals & Pets,0.9997054934501648,0.9998327493667603,0.9997054934501648,5.4732936405343935e-05,0.00012467474152799696,9.847368346527219e-06,4.145506977693003e-07,8.364285690731776e-07,4.244753881721408e-07,0.00010184505663346499,0.00016902921197470278
11736,Nature & Space,Nature & Space,0.9997985363006592,Nature & Space,0.9996904730796814,8.649860774312401e-07,6.143994824014953e-07,6.884622507641325e-06,2.220683370524057e-07,0.00010637410741765052,0.0001591246691532433,0.9997985363006592,0.9996904730796814,8.723100472707301e-05,0.00014954568177927285
11889,Animals & Pets,Animals & Pets,0.9998235702514648,Animals & Pets,0.9996565580368042,0.9998235702514648,0.9996565580368042,6.831396603956819e-05,0.00017843385285232216,1.312886979576433e-05,4.63967012365174e-07,8.73810449775192e-07,4.05122534630209e-07,9.419239358976483e-05,0.0001641718263272196
10925,Animals & Pets,Animals & Pets,0.9998273849487305,Animals & Pets,0.9996969103813171,0.9998273849487305,0.9996969103813171,6.214839231688529e-05,0.00013242669228930026,1.2166179658379406e-05,4.415959153902804e-07,9.012723580781312e-07,4.470753935947869e-07,9.733802289701998e-05,0.00016970711294561625
7561,Emotions & Actions,Emotions & Actions,0.9998222589492798,Emotions & Actions,0.9996670484542847,9.208087431034073e-05,0.00020707320072688162,1.1812835509772412e-06,1.0109322090556816e-07,3.7634006844200485e-07,7.583658145904337e-08,8.403728133998811e-05,0.0001256812975043431,0.9998222589492798,0.9996670484542847
2250,Emotions & Actions,Emotions & Actions,0.9998393058776855,Emotions & Actions,0.9997624754905701,6.288802978815511e-05,0.00013857682642992586,1.056571363733383e-06,8.365862669279522e-08,2.3814190797111223e-07,5.882999687401025e-08,9.650885476730764e-05,9.88175961538218e-05,0.9998393058776855,0.9997624754905701
11776,Animals & Pets,Animals & Pets,0.999821662902832,Animals & Pets,0.9997534155845642,0.999821662902832,0.9997534155845642,3.689995355671272e-05,0.00010902686335612088,8.6883601397858e-06,4.068235455179092e-07,7.930999004202022e-07,4.321999256262643e-07,0.00013186158321332186,0.00013672516797669232
3586,People & Occupations,People & Occupations,0.9998493194580078,People & Occupations,0.999755322933197,1.1028207154595293e-05,2.384686865752883e-07,6.738775118719786e-05,0.00012680271174758673,0.9998493194580078,0.999755322933197,7.199034007498994e-05,0.00011759858170989901,2.399603715730336e-07,4.199038272645339e-08
1756,Animals & Pets,Animals & Pets,0.9997580647468567,Animals & Pets,0.9995737671852112,0.9997580647468567,0.9995737671852112,0.00010750803630799055,0.00019067965331487358,1.4224820006347727e-05,4.94504945436347e-07,1.3320325251697795e-06,5.330372232492664e-07,0.0001189778558909893,0.00023467982828151435
4759,Emotions & Actions,Emotions & Actions,0.9998277425765991,Emotions & Actions,0.9997451901435852,6.981140177231282e-05,0.00016437079466413707,1.3549616824093391e-06,9.085197660851918e-08,2.5016439053615613e-07,5.8331320218485416e-08,0.00010080798529088497,9.03365871636197e-05,0.9998277425765991,0.9997451901435852
9436,Food & Fruits,Food & Fruits,0.9998151063919067,Food & Fruits,0.9997057318687439,8.706215157872066e-05,0.0001629755861358717,0.9998151063919067,0.9997057318687439,9.153354039881378e-05,0.0001309037470491603,5.478949788084719e-06,2.978900681682717e-07,8.311181431963632e-07,9.001804102126698e-08
36,Nature & Space,Nature & Space,0.9998009204864502,Nature & Space,0.9997426867485046,7.062944860081188e-07,5.223801622378232e-07,6.756089987902669e-06,1.8533967249823036e-07,4.178132439847104e-05,0.00011769044795073569,0.9998009204864502,0.9997426867485046,0.00014982116408646107,0.00013896448945160955
10237,Animals & Pets,Animals & Pets,0.9998315572738647,Animals & Pets,0.9996753334999084,0.9998315572738647,0.9996753334999084,6.705179839627817e-05,0.00011927053128601983,1.0781232049339451e-05,3.3550483635735873e-07,8.131726758620061e-07,4.4103759933022957e-07,8.972488285508007e-05,0.0002044708380708471
10168,Emotions & Actions,Emotions & Actions,0.999825119972229,Emotions & Actions,0.9996963143348694,7.79369511292316e-05,0.0001818610035115853,1.6848772474986617e-06,1.0330862210139458e-07,3.3292630519099475e-07,6.153409515263775e-08,9.489979856880382e-05,0.00012168628018116578,0.999825119972229,0.9996963143348694
10990,Emotions & Actions,Emotions & Actions,0.9998297691345215,Emotions & Actions,0.9997608065605164,8.200314914574847e-05,0.0001450523268431425,1.0176056548516499e-06,8.625139713558383e-08,2.7200107410862984e-07,6.002706953722736e-08,8.685163629706949e-05,9.403569129062817e-05,0.9998297691345215,0.9997608065605164
5265,Animals & Pets,Animals & Pets,0.999839186668396,Animals & Pets,0.9997135996818542,0.999839186668396,0.9997135996818542,5.266320295049809e-05,0.00011457454820629209,9.61785735853482e-06,4.3652923409354116e-07,8.21397122763301e-07,3.63908668532531e-07,9.758594387676567e-05,0.0001710392243694514
10848,People & Occupations,People & Occupations,0.9998328685760498,People & Occupations,0.999757707118988,9.239866813004483e-06,2.265304317461414e-07,7.716020627412945e-05,0.00011718620226019993,0.9998328685760498,0.999757707118988,8.043226989684626e-05,0.00012488783977460116,1.9823542629637814e-07,3.905516976487888e-08
2993,Nature & Space,Nature & Space,0.9998254776000977,Nature & Space,0.9997202754020691,6.819653322054364e-07,5.002571015211288e-07,7.987903700268362e-06,1.9674526186008734e-07,4.8109639465110376e-05,0.00013898270844947547,0.9998254776000977,0.9997202754020691,0.00011774543236242607,0.00013998462236486375
4620,Animals & Pets,Animals & Pets,0.9997889995574951,Animals & Pets,0.9996921420097351,0.9997889995574951,0.9996921420097351,9.429968486074358e-05,0.0001273061498068273,1.5010489732958376e-05,5.307597916726081e-07,9.850556352830608e-07,5.2523199656207e-07,0.00010067859693663195,0.00017963987193070352
11581,Animals & Pets,Animals & Pets,0.9997859001159668,Animals & Pets,0.9996544122695923,0.9997859001159668,0.9996544122695923,0.00010900494089582935,0.00019644838175736368,1.5013850315881427e-05,4.787988814314303e-07,1.2285278216950246e-06,6.227076028153533e-07,8.873853221302852e-05,0.00014811033906880766
6703,People & Occupations,People & Occupations,0.9998362064361572,People & Occupations,0.9997294545173645,1.2592064194905106e-05,2.7014075953957217e-07,7.908879342721775e-05,0.00015794900537002832,0.9998362064361572,0.9997294545173645,7.187984738266096e-05,0.00011227466893615201,2.357872972424957e-07,3.826890093705515e-08
2927,Food & Fruits,Food & Fruits,0.9998219013214111,Food & Fruits,0.9997120499610901,8.199179137591273e-05,0.00017273175762966275,0.9998219013214111,0.9997120499610901,8.986856846604496e-05,0.00011488214659038931,5.522938408830669e-06,2.5328290575998835e-07,7.43584962492605e-07,1.0154516871807573e-07
1355,Emotions & Actions,Emotions & Actions,0.9998537302017212,Emotions & Actions,0.9997594952583313,8.275073196273297e-05,0.0001309375074924901,8.219889764404797e-07,8.957550790000823e-08,3.105411394699331e-07,5.553071602548698e-08,6.232382293092087e-05,0.00010943369125016034,0.9998537302017212,0.9997594952583313
7626,Animals & Pets,Animals & Pets,0.9998204708099365,Animals & Pets,0.9996879696846008,0.9998204708099365,0.9996879696846008,3.6913213989464566e-05,0.00013054611918050796,8.808329766907264e-06,4.401284456889698e-07,7.81535447913484e-07,3.826733063760912e-07,0.00013294228119775653,0.0001806673826649785
11636,Food & Fruits,Food & Fruits,0.9998797178268433,Food & Fruits,0.999743640422821,6.0254726122366264e-05,0.00010392218246124685,0.9998797178268433,0.999743640422821,5.5706324928905815e-05,0.0001521105587016791,3.6921969694958534e-06,2.230610078868267e-07,5.42176962881058e-07,6.575704958322603e-08
6043,Animals & Pets,Animals & Pets,0.9998538494110107,Animals & Pets,0.9997144341468811,0.9998538494110107,0.9997144341468811,5.802840314572677e-05,0.00014899563393555582,8.103099389700219e-06,4.034056075852277e-07,7.258609002747107e-07,3.5605816606221197e-07,7.925659883767366e-05,0.00013585769920609891
9612,Nature & Space,Nature & Space,0.9997472167015076,Nature & Space,0.9996659755706787,1.3166002190700965e-06,7.077512691466836e-07,1.0821832802321296e-05,3.262659618030739e-07,0.00013267948816064745,0.00015192868886515498,0.9997472167015076,0.9996659755706787,0.0001079279463738203,0.0001809594832593575
3909,People & Occupations,People & Occupations,0.9998198747634888,People & Occupations,0.9997230172157288,1.2253546628926415e-05,2.803130030315515e-07,8.221869939006865e-05,0.00013613965711556375,0.9998198747634888,0.9997230172157288,8.538929978385568e-05,0.00014049778110347688,2.3467659104881022e-07,3.8040145255990865e-08
1549,Emotions & Actions,Emotions & Actions,0.9998376369476318,Emotions & Actions,0.9997579455375671,8.9151733845938e-05,0.00013509884593077004,9.280795438826317e-07,8.839966625373563e-08,3.380405360076111e-07,6.259335094682683e-08,7.193844066932797e-05,0.00010677205136744305,0.9998376369476318,0.9997579455375671
5237,Nature & Space,Nature & Space,0.9997761249542236,Nature & Space,0.9996545314788818,9.681597248345497e-07,6.895664910189225e-07,9.389988008479122e-06,2.909595764322148e-07,6.979022145969793e-05,0.00021115026902407408,0.9997761249542236,0.9996545314788818,0.000143737270263955,0.00013330281944945455
10590,Emotions & Actions,Emotions & Actions,0.9998228549957275,Emotions & Actions,0.9997137188911438,9.08049478312023e-05,0.00016808731015771627,1.27226167023764e-06,9.729841110583948e-08,3.342939578487858e-07,5.852773909964526e-08,8.475816866848618e-05,0.00011803444795077667,0.9998228549957275,0.9997137188911438
1829,Animals & Pets,Animals & Pets,0.9998245239257812,Animals & Pets,0.9997164607048035,0.9998245239257812,0.9997164607048035,7.350129453698173e-05,0.00011483742127893493,7.645254299859516e-06,3.809269912835589e-07,8.566684641664324e-07,3.2922372383836773e-07,9.340475662611425e-05,0.00016786830383352935
5719,People & Occupations,People & Occupations,0.9997854232788086,People & Occupations,0.9996383190155029,1.6791200323496014e-05,3.144364200124983e-07,0.00010834656131919473,0.00016320348368026316,0.9997854232788086,0.9996383190155029,8.907857409212738e-05,0.00019820962916128337,3.253020111060323e-07,5.00063137565121e-08
10316,Nature & Space,Nature & Space,0.9997773170471191,Nature & Space,0.9997289776802063,1.2923599115310935e-06,7.347568953264272e-07,7.109180387487868e-06,2.2038356917164492e-07,0.00015040113066788763,0.00012517842696979642,0.9997773170471191,0.9997289776802063,6.390176713466644e-05,0.00014490599278360605
3666,Animals & Pets,Animals & Pets,0.9998564720153809,Animals & Pets,0.9997149109840393,0.9998564720153809,0.9997149109840393,5.4570056818192825e-05,0.00012617840548045933,6.460469194280449e-06,3.381038311545126e-07,6.914773962307663e-07,3.5574677781369246e-07,8.172303205356002e-05,0.00015814504877198488
10280,Animals & Pets,Animals & Pets,0.9998202323913574,Animals & Pets,0.9997294545173645,0.9998202323913574,0.9997294545173645,3.9166101487353444e-05,0.00013116779155097902,6.263313935050974e-06,3.500929608435399e-07,7.249122404573427e-07,3.178095084876986e-07,0.0001335285051027313,0.0001385506911901757
11929,Food & Fruits,Food & Fruits,0.9998310804367065,Food & Fruits,0.9997329115867615,6.969728565309197e-05,0.00012961214815732092,0.9998310804367065,0.9997329115867615,9.317183867096901e-05,0.00013692774518858641,4.970915142621379e-06,3.0617781021646806e-07,9.073582418750448e-07,9.155503022384437e-08
497,People & Occupations,People & Occupations,0.9997856616973877,People & Occupations,0.9996192455291748,1.853335379564669e-05,3.320964481190458e-07,0.00010788825602503493,0.0002093055663863197,0.9997856616973877,0.9996192455291748,8.744777005631477e-05,0.00017115245282184333,3.39929329129518e-07,4.566738454059305e-08
3268,Food & Fruits,Food & Fruits,0.9997652173042297,Food & Fruits,0.999687135219574,8.26901596155949e-05,0.00015122459444683045,0.9997652173042297,0.999687135219574,0.00014616080443374813,0.0001610754115972668,5.136545496498002e-06,3.449794689913688e-07,8.266422355518444e-07,1.0538642669644105e-07
9333,Animals & Pets,Animals & Pets,0.9998247623443604,Animals & Pets,0.9996551275253296,0.9998247623443604,0.9996551275253296,6.276488420553505e-05,0.00010508184641366825,9.297485121351201e-06,4.0077418361761374e-07,7.917195148365863e-07,3.862899689011101e-07,0.00010225474397884682,0.00023908248113002628
2620,Nature & Space,Nature & Space,0.999771237373352,Nature & Space,0.9996346235275269,1.0519972875044914e-06,7.056889330669947e-07,1.1061608347517904e-05,3.3475609484412416e-07,0.00012163912469986826,0.00012367464660201222,0.999771237373352,0.9996346235275269,9.499138832325116e-05,0.00024063096498139203
6771,Animals & Pets,Animals & Pets,0.9997981786727905,Animals & Pets,0.9996243715286255,0.9997981786727905,0.9996243715286255,8.595125109422952e-05,0.00019271275959908962,1.181055176857626e-05,4.075344293141825e-07,9.99426106318424e-07,5.350832452677423e-07,0.0001030486891977489,0.00018208581604994833
1374,Food & Fruits,Food & Fruits,0.9998781681060791,Food & Fruits,0.99974125623703,5.734281148761511e-05,0.00010942073276964948,0.9998781681060791,0.99974125623703,6.035136539139785e-05,0.00014902791008353233,3.6753913263964932e-06,2.1707133157633507e-07,5.270700285109342e-07,8.103878457177416e-08
8724,Nature & Space,Nature & Space,0.9997892379760742,Nature & Space,0.9996654987335205,1.1921530358449672e-06,6.618180350415059e-07,6.4911969275271986e-06,2.475834435244906e-07,9.560428588883951e-05,0.00018357610679231584,0.9997892379760742,0.9996654987335205,0.00010743646271293983,0.0001499880017945543
9010,People & Occupations,People & Occupations,0.9998314380645752,People & Occupations,0.9997264742851257,1.204563977807993e-05,2.4642307039357547e-07,6.361736450344324e-05,0.0001570678286952898,0.9998314380645752,0.9997264742851257,9.260509978048503e-05,0.00011619357974268496,2.2324957171804272e-07,3.963659267469666e-08
9442,People & Occupations,People & Occupations,0.9998425245285034,People & Occupations,0.9997525811195374,1.0802798897202592e-05,2.465044985910936e-07,7.131689926609397e-05,0.0001402974739903584,0.9998425245285034,0.9997525811195374,7.507057307520881e-05,0.00010695298988139257,2.354989021569054e-07,3.6101482692174613e-08
1384,Emotions & Actions,Emotions & Actions,0.9998372793197632,Emotions & Actions,0.9997554421424866,6.076209683669731e-05,0.00014328648103401065,1.142541350418469e-06,8.605768186953355e-08,2.621744954467431e-07,5.541114589391327e-08,0.00010055881284642965,0.00010116993507836014,0.9998372793197632,0.9997554421424866
11800,People & Occupations,People & Occupations,0.9997944831848145,People & Occupations,0.9996112585067749,1.7849924915935844e-05,3.8422362536039145e-07,0.00011377715418348089,0.00015727695426903665,0.9997944831848145,0.9996112585067749,7.350791565841064e-05,0.0002310915442649275,3.772315437799989e-07,4.789917085190609e-08
599,Food & Fruits,Food & Fruits,0.9998683929443359,Food & Fruits,0.9997591376304626,7.499287312384695e-05,9.63650963967666e-05,0.9998683929443359,0.9997591376304626,5.242310726316646e-05,0.00014411805022973567,3.5644516174215823e-06,2.2803982346886187e-07,5.488741408044007e-07,6.405737451586901e-08
9279,People & Occupations,People & Occupations,0.9998759031295776,People & Occupations,0.9997658133506775,1.198019708681386e-05,2.271602994596833e-07,5.147822594153695e-05,0.00013637836673296988,0.9998759031295776,0.9997658133506775,6.038697756594047e-05,9.759600652614608e-05,2.2997819826287014e-07,3.63995518171123e-08
8502,Emotions & Actions,Emotions & Actions,0.9998457431793213,Emotions & Actions,0.9997287392616272,6.508595834020525e-05,0.00017123455472756177,1.240279630110308e-06,9.010393853259302e-08,2.639139040638838e-07,5.846547068699692e-08,8.770216663833708e-05,9.987755765905604e-05,0.9998457431793213,0.9997287392616272
9219,Animals & Pets,Animals & Pets,0.9998128414154053,Animals & Pets,0.9996729493141174,0.9998128414154053,0.9996729493141174,8.056077786022797e-05,0.00017657352145761251,8.992308721644804e-06,4.627125917977537e-07,1.0051894605567213e-06,5.013868076275685e-07,9.66229781624861e-05,0.000149424173287116
3848,People & Occupations,People & Occupations,0.9998503923416138,People & Occupations,0.9997368454933167,1.237664127984317e-05,2.5774107825782266e-07,7.18787414371036e-05,0.0001384868664899841,0.9998503923416138,0.9997368454933167,6.512494292110205e-05,0.00012437772238627076,2.3501948476223333e-07,3.902040290881814e-08
862,Food & Fruits,Food & Fruits,0.9998500347137451,Food & Fruits,0.9997126460075378,7.207955786725506e-05,0.00016651097394060344,0.9998500347137451,0.9997126460075378,7.253648072946817e-05,0.00012048098142258823,4.648401500162436e-06,2.7030526439375535e-07,6.301170856204408e-07,8.688489572250546e-08
4873,Food & Fruits,Food & Fruits,0.9998798370361328,Food & Fruits,0.9997366070747375,6.15625103819184e-05,0.00012100181629648432,0.9998798370361328,0.9997366070747375,5.4724343499401584e-05,0.00014204134640749544,3.4943823266075924e-06,2.3214715838548727e-07,5.083546739115263e-07,7.088573994451508e-08
6256,Nature & Space,Nature & Space,0.9998077154159546,Nature & Space,0.9997088313102722,7.293774046956969e-07,5.913274208069197e-07,6.968219167902134e-06,2.094106719141564e-07,6.085737913963385e-05,0.00014262268086895347,0.9998077154159546,0.9997088313102722,0.00012369711475912482,0.0001477586483815685
6066,People & Occupations,People & Occupations,0.9998459815979004,People & Occupations,0.9997286200523376,1.0362536158936564e-05,2.459662482579006e-07,5.974840678391047e-05,0.00014884720440022647,0.9998459815979004,0.9997286200523376,8.36439648992382e-05,0.00012224342208355665,2.3210880328861094e-07,4.2718564685628735e-08
10051,Food & Fruits,Food & Fruits,0.9998577833175659,Food & Fruits,0.9996996521949768,6.835156091256067e-05,0.00013802919420413673,0.9998577833175659,0.9996996521949768,6.74447146593593e-05,0.0001618226378923282,5.6862122619349975e-06,3.1501159014624136e-07,6.637165483880381e-07,8.034438536697053e-08
99,People & Occupations,People & Occupations,0.9998822212219238,People & Occupations,0.9997656941413879,1.0603240298223682e-05,2.187950514098702e-07,4.290124707040377e-05,0.00012378583778627217,0.9998822212219238,0.9997656941413879,6.397200195351616e-05,0.00011030771565856412,1.8885940278323687e-07,3.502981016367812e-08
1693,People & Occupations,People & Occupations,0.9998723268508911,People & Occupations,0.999747097492218,1.166756555903703e-05,2.2423421341954963e-07,5.906057413085364e-05,0.00014909815217833966,0.9998723268508911,0.999747097492218,5.673119812854566e-05,0.00010361813474446535,1.957565842758413e-07,3.8057024198678846e-08
5512,Animals & Pets,Animals & Pets,0.9997679591178894,Animals & Pets,0.9996415376663208,0.9997679591178894,0.9996415376663208,8.13435108284466e-05,0.00015140254981815815,1.0201940312981606e-05,4.246280411734915e-07,9.638018809710047e-07,4.338582755281095e-07,0.0001394689315930009,0.00020601428695954382
10908,Emotions & Actions,Emotions & Actions,0.999829888343811,Emotions & Actions,0.9996868968009949,8.805628749541938e-05,0.0001754645345499739,1.1537539421624388e-06,1.0239583048132772e-07,3.3427400580876565e-07,6.517967676700209e-08,8.05818272056058e-05,0.00013748867786489427,0.999829888343811,0.9996868968009949
3404,Animals & Pets,Animals & Pets,0.9998184442520142,Animals & Pets,0.9996760487556458,0.9998184442520142,0.9996760487556458,7.80881309765391e-05,0.00014842732343822718,1.1127212019346189e-05,4.7650880219407554e-07,9.236874234375136e-07,4.601099021783739e-07,9.145461808657274e-05,0.0001745014451444149
350,Emotions & Actions,Emotions & Actions,0.9998477697372437,Emotions & Actions,0.99974125623703,7.536205521319062e-05,0.00014795873721595854,1.1368601917638443e-06,9.478298323983836e-08,3.3742458072083537e-07,6.839291444293849e-08,7.533626194344833e-05,0.0001106726485886611,0.9998477697372437,0.99974125623703
7616,People & Occupations,People & Occupations,0.9998396635055542,People & Occupations,0.9997547268867493,1.4188233762979507e-05,2.5756654054021055e-07,7.144508708734065e-05,0.0001371216494590044,0.9998396635055542,0.9997547268867493,7.445853407261893e-05,0.00010788821964524686,1.8955469727188756e-07,3.7735162550234236e-08
657,Emotions & Actions,Emotions & Actions,0.9998041391372681,Emotions & Actions,0.999677836894989,0.00011884146806551144,0.00018671985890250653,1.1493820011310163e-06,1.0018062823746732e-07,3.6783328027922835e-07,6.468234658996153e-08,7.546189590357244e-05,0.00013528346607927233,0.9998041391372681,0.999677836894989
2827,People & Occupations,People & Occupations,0.9998338222503662,People & Occupations,0.9996452331542969,1.7931997717823833e-05,3.1174238301900914e-07,6.674812902929261e-05,0.00017459395166952163,0.9998338222503662,0.9996452331542969,8.129202615236863e-05,0.00017977043171413243,2.4597500214440515e-07,4.863564484480776e-08
10086,People & Occupations,People & Occupations,0.9998493194580078,People & Occupations,0.9997410178184509,1.2901496120321099e-05,2.4113404606396216e-07,6.55481344438158e-05,0.00015148997772485018,0.9998493194580078,0.9997410178184509,7.194765203166753e-05,0.00010727894550655037,2.408411887699913e-07,4.210993154174503e-08
11503,Food & Fruits,Food & Fruits,0.9998619556427002,Food & Fruits,0.9997097849845886,5.042910925112665e-05,0.0001618942042114213,0.9998619556427002,0.9997097849845886,8.125625754473731e-05,0.00012786273146048188,5.591340595856309e-06,3.105269286152179e-07,7.652728868379199e-07,1.1028970448023756e-07
4228,People & Occupations,People & Occupations,0.9998559951782227,People & Occupations,0.9997498393058777,1.0419164027553052e-05,2.3566106222006056e-07,6.663805106654763e-05,0.00014618670684285462,0.9998559951782227,0.9997498393058777,6.680202932329848e-05,0.00010371302778366953,2.2728373494373955e-07,3.584983332416414e-08
259,Animals & Pets,Animals & Pets,0.9998291730880737,Animals & Pets,0.9997046589851379,0.9998291730880737,0.9997046589851379,6.487882637884468e-05,0.00013312706141732633,8.970177987066563e-06,4.3140633465554856e-07,8.625609666523815e-07,3.9691803976893425e-07,9.613262955099344e-05,0.00016140638035722077
6938,Nature & Space,Nature & Space,0.9997941255569458,Nature & Space,0.9997000098228455,7.842212994546571e-07,5.998315941724286e-07,8.372233423870057e-06,2.08564571835268e-07,6.445159669965506e-05,0.00012165644875494763,0.9997941255569458,0.9997000098228455,0.00013219071843195707,0.00017748711979947984
1522,Nature & Space,Nature & Space,0.9997612833976746,Nature & Space,0.99962317943573,1.1976430869253818e-06,7.369843615379068e-07,8.993106348498259e-06,3.2530439852962445e-07,0.00014479202218353748,0.00016110674187075347,0.9997612833976746,0.99962317943573,8.38239720906131e-05,0.00021460677089635283
5295,People & Occupations,People & Occupations,0.999854564666748,People & Occupations,0.9997411370277405,1.2846485333284363e-05,2.4094538275676314e-07,7.556696073152125e-05,0.00014373785234056413,0.999854564666748,0.9997411370277405,5.674457861459814e-05,0.00011487574374768883,2.530249219034886e-07,3.8477725894381365e-08
10423,People & Occupations,People & Occupations,0.9998067617416382,People & Occupations,0.999699056148529,1.777934994606767e-05,3.044896743631398e-07,7.199064566520974e-05,0.0001470722781959921,0.9998067617416382,0.999699056148529,0.00010317131091142073,0.00015345630527008325,2.463378336869937e-07,4.0080081475935e-08
2360,Nature & Space,Nature & Space,0.9998098611831665,Nature & Space,0.9997050166130066,7.951838938424771e-07,5.320862896951439e-07,6.782133823435288e-06,2.345274623394289e-07,6.504850171040744e-05,0.0001719042775221169,0.9998098611831665,0.9997050166130066,0.00011745849769795313,0.0001223211147589609
8235,Nature & Space,Nature & Space,0.9997817277908325,Nature & Space,0.9997017979621887,1.3646990737470333e-06,8.1254626138616e-07,1.2700556908384897e-05,3.2170791541830113e-07,0.0001234883238794282,0.00011441278911661357,0.9997817277908325,0.9997017979621887,8.0695295764599e-05,0.00018253320013172925
10582,Food & Fruits,Food & Fruits,0.9998835325241089,Food & Fruits,0.9997510313987732,5.810893344460055e-05,0.0001425532391294837,0.9998835325241089,0.9997510313987732,5.418993896455504e-05,0.00010603734699543566,3.474656068647164e-06,2.1697368879358692e-07,5.40716598607105e-07,8.409297436173802e-08
11129,Nature & Space,Nature & Space,0.999794602394104,Nature & Space,0.9997133612632751,8.823945449876192e-07,5.282411166263046e-07,7.477606231987011e-06,2.079183474279489e-07,8.225121564464644e-05,0.00013951465371064842,0.999794602394104,0.9997133612632751,0.00011477062071207911,0.00014636063133366406
2829,Emotions & Actions,Emotions & Actions,0.9997849464416504,Emotions & Actions,0.9996333122253418,9.814248915063217e-05,0.0001965206756722182,1.792092348296137e-06,1.325130654095119e-07,4.893008735962212e-07,7.820977288020003e-08,0.00011460501264082268,0.000169954655575566,0.9997849464416504,0.9996333122253418
6564,People & Occupations,People & Occupations,0.999862790107727,People & Occupations,0.9997370839118958,1.4650115190306678e-05,2.563604937222408e-07,6.021119770593941e-05,0.00012386743037495762,0.999862790107727,0.9997370839118958,6.21506551397033e-05,0.00013889811816625297,2.711737465688202e-07,3.579307517043162e-08
982,Animals & Pets,Animals & Pets,0.9998033046722412,Animals & Pets,0.9996690154075623,0.9998033046722412,0.9996690154075623,0.000108327207271941,0.00015904054453130811,1.4017585272085853e-05,4.6241740392360953e-07,9.785754855329287e-07,4.4812495048063283e-07,7.332729001063854e-05,0.00017089903121814132
6099,Nature & Space,Nature & Space,0.9998306035995483,Nature & Space,0.9997356534004211,7.90614990364702e-07,5.339722974895267e-07,7.027420451777289e-06,2.0394961097736086e-07,6.995982403168455e-05,0.00014583332813344896,0.9998306035995483,0.9997356534004211,9.158227476291358e-05,0.0001176881487481296
7555,Animals & Pets,Animals & Pets,0.9998351335525513,Animals & Pets,0.9997199177742004,0.9998351335525513,0.9997199177742004,4.4284050090936944e-05,0.00012046645861119032,8.310432349389885e-06,3.975245022047602e-07,7.429122206303873e-07,3.415010212393099e-07,0.00011142568837385625,0.00015884234744589776
10744,People & Occupations,People & Occupations,0.9998561143875122,People & Occupations,0.9997431635856628,1.1854388503707014e-05,2.442931759105704e-07,5.971973587293178e-05,0.000135797105031088,0.9998561143875122,0.9997431635856628,7.207306771306321e-05,0.0001208675530506298,2.555897822276165e-07,3.967756967426794e-08
11075,Food & Fruits,Food & Fruits,0.9998941421508789,Food & Fruits,0.9997627139091492,5.1490213081706315e-05,0.00012112320109736174,0.9998941421508789,0.9997627139091492,5.0371847464703023e-05,0.00011586239270400256,3.3471003462182125e-06,2.0116455345942086e-07,6.137310606391111e-07,7.855810935097907e-08
6349,People & Occupations,People & Occupations,0.999808669090271,People & Occupations,0.999717652797699,1.2636057363124564e-05,2.3591319120441767e-07,8.412778697675094e-05,0.00016350654186680913,0.999808669090271,0.999717652797699,9.42173064686358e-05,0.00011852243915200233,2.2961890522310568e-07,4.0202102979947085e-08
11788,Nature & Space,Nature & Space,0.9998295307159424,Nature & Space,0.9997523427009583,9.775218359209248e-07,6.610561058550957e-07,6.9288294071157e-06,1.9178514776285738e-07,0.0001058777270372957,0.00011931487097172067,0.9998295307159424,0.9997523427009583,5.664291893481277e-05,0.00012753778719343245
10671,Animals & Pets,Animals & Pets,0.999802827835083,Animals & Pets,0.9996516704559326,0.999802827835083,0.9996516704559326,7.615439244545996e-05,0.0001846933737397194,1.0567864592303522e-05,6.233350973161578e-07,8.521683412254788e-07,4.801826776201779e-07,0.00010949793795589358,0.00016249902546405792
666,People & Occupations,People & Occupations,0.9998946189880371,People & Occupations,0.9997592568397522,1.291713761020219e-05,2.1243613446131349e-07,4.695864481618628e-05,0.00015471878577955067,0.9998946189880371,0.9997592568397522,4.528073623077944e-05,8.58232524478808e-05,1.9998212508198776e-07,3.494103850698593e-08
640,People & Occupations,People & Occupations,0.9997472167015076,People & Occupations,0.9995678067207336,2.3208411221276037e-05,3.579276892651251e-07,9.921391756506637e-05,0.00025500936317257583,0.9997472167015076,0.9995678067207336,0.00012998424062971026,0.00017685371858533472,4.0466110817760637e-07,4.971293776634411e-08
8090,Emotions & Actions,Emotions & Actions,0.9998180866241455,Emotions & Actions,0.9996713995933533,7.93926592450589e-05,0.00018232098955195397,1.3955786926089786e-06,1.1515591324950947e-07,3.141716149457352e-07,7.151079728373588e-08,0.00010075770114781335,0.0001460802013752982,0.9998180866241455,0.9996713995933533
7237,Animals & Pets,Animals & Pets,0.9997450709342957,Animals & Pets,0.9995900392532349,0.9997450709342957,0.9995900392532349,9.381771087646484e-05,0.00022300708224065602,1.3451813174469862e-05,6.195837158884387e-07,1.1521959777383017e-06,5.301298529047926e-07,0.00014647487842012197,0.00018590889521874487
10475,Nature & Space,Nature & Space,0.9998388290405273,Nature & Space,0.999736487865448,7.891796371950477e-07,6.128897780399711e-07,7.871122761571314e-06,2.0469998673888767e-07,7.878644828451797e-05,0.00012045294715790078,0.9998388290405273,0.999736487865448,7.364716293523088e-05,0.00014220668526832014
10934,Food & Fruits,Food & Fruits,0.9998643398284912,Food & Fruits,0.9996991753578186,7.746626215521246e-05,0.0001326049241470173,0.9998643398284912,0.9996991753578186,5.287074964144267e-05,0.00016783755563665181,4.500639988691546e-06,2.910064154093561e-07,6.608975695598929e-07,7.310009664251993e-08
5191,Emotions & Actions,Emotions & Actions,0.999840497970581,Emotions & Actions,0.9997444748878479,7.942541560623795e-05,0.00014444906264543533,9.119560218096012e-07,8.898954462210895e-08,3.230007052934525e-07,6.144558284404411e-08,7.883994112489745e-05,0.00011087944585597143,0.999840497970581,0.9997444748878479
2702,Food & Fruits,Food & Fruits,0.9997584223747253,Food & Fruits,0.9996832013130188,0.00010954363096971065,0.0001771825918694958,0.9997584223747253,0.9996832013130188,0.00012471941590774804,0.0001390816323691979,6.612421202589758e-06,3.4340027355028724e-07,8.238537247962086e-07,1.202295720759139e-07
7833,Nature & Space,Nature & Space,0.9998427629470825,Nature & Space,0.9997276663780212,7.006029250078427e-07,5.089403884994681e-07,9.691643754194956e-06,2.2090934237439797e-07,6.018714339006692e-05,0.00013700487033929676,0.9998427629470825,0.9997276663780212,8.666841313242912e-05,0.00013452420535031706
2825,People & Occupations,People & Occupations,0.999872088432312,People & Occupations,0.9997656941413879,1.0949565876217093e-05,2.1350052747948212e-07,6.025644688634202e-05,0.00012950001109857112,0.999872088432312,0.9997656941413879,5.6546941777924076e-05,0.00010459961777087301,2.0645373410843604e-07,3.562940165124928e-08
6276,People & Occupations,People & Occupations,0.9997819662094116,People & Occupations,0.9997009634971619,1.7455860870541073e-05,2.7816284386972256e-07,8.488486491842195e-05,0.00015915624680928886,0.9997819662094116,0.9997009634971619,0.00011533754150150344,0.00013950321590527892,2.663584837137023e-07,4.1051766430655334e-08
5493,Nature & Space,Nature & Space,0.9998067617416382,Nature & Space,0.9997581839561462,7.433142172885709e-07,5.296328140502737e-07,6.874601695017191e-06,2.0810144008009956e-07,4.189096944173798e-05,0.0001066304394043982,0.9998067617416382,0.9997581839561462,0.00014371631550602615,0.00013448840763885528
8588,People & Occupations,People & Occupations,0.9997925758361816,People & Occupations,0.9995969533920288,2.703060454223305e-05,3.6475907450039813e-07,8.602826710557565e-05,0.00020888654398731887,0.9997925758361816,0.9995969533920288,9.389279875904322e-05,0.0001937977795023471,3.3272567634412553e-07,4.735490222174121e-08
9061,People & Occupations,People & Occupations,0.999812126159668,People & Occupations,0.999640941619873,1.9502798750181682e-05,3.0926668159736437e-07,9.657426562625915e-05,0.00017938022210728377,0.999812126159668,0.999640941619873,7.149355951696634e-05,0.00017933608614839613,2.703698100958718e-07,4.262984276692805e-08
11967,Nature & Space,Nature & Space,0.9998356103897095,Nature & Space,0.9997678399085999,8.021301596272679e-07,5.36206812284945e-07,7.476772225345485e-06,1.965243399126848e-07,4.811443795915693e-05,0.00013443802890833467,0.9998356103897095,0.9997678399085999,0.00010792843386298046,9.697930363472551e-05
874,Nature & Space,Nature & Space,0.9997857809066772,Nature & Space,0.999675452709198,1.0154283245356055e-06,7.111869990694686e-07,7.802324034855701e-06,2.3293441131500003e-07,6.480762385763228e-05,0.00018430784984957427,0.9997857809066772,0.999675452709198,0.00014052429469302297,0.00013920514902565628
572,People & Occupations,People & Occupations,0.9998369216918945,People & Occupations,0.9997336268424988,1.3150473932910245e-05,2.8126018492002913e-07,9.07795547391288e-05,0.00012836599489673972,0.9998369216918945,0.9997336268424988,5.883233097847551e-05,0.00013777190179098397,2.388179325407691e-07,4.1873668976677436e-08
1831,Emotions & Actions,Emotions & Actions,0.9997818470001221,Emotions & Actions,0.9996762871742249,0.00011927072773687541,0.0001873619039542973,1.5153806316448026e-06,1.1204434713363298e-07,3.799501371304359e-07,8.40458014295109e-08,9.687981219030917e-05,0.0001360870955977589,0.9997818470001221,0.9996762871742249
1184,Emotions & Actions,Emotions & Actions,0.999839186668396,Emotions & Actions,0.9997237324714661,6.068629227229394e-05,0.00015117519069463015,1.5963933037710376e-06,1.0978500597502716e-07,3.0692490327055566e-07,6.589823442482157e-08,9.815342491492629e-05,0.00012494077964220196,0.999839186668396,0.9997237324714661
1382,Emotions & Actions,Emotions & Actions,0.9998303651809692,Emotions & Actions,0.9997379183769226,7.366129284491763e-05,0.0001379328896291554,1.0204031468674657e-06,1.0307515196927852e-07,3.548830704858119e-07,7.109922961490156e-08,9.460750879952684e-05,0.00012394884834066033,0.9998303651809692,0.9997379183769226
696,People & Occupations,People & Occupations,0.9998452663421631,People & Occupations,0.9997528195381165,1.3891440175939351e-05,2.67754046490154e-07,6.617957114940509e-05,0.00013851285621058196,0.9998452663421631,0.9997528195381165,7.43759810575284e-05,0.00010844154166989028,2.1134053440619027e-07,3.9104623539287786e-08
9326,Emotions & Actions,Emotions & Actions,0.9997676014900208,Emotions & Actions,0.9996299743652344,0.00010991193994414061,0.00018709896539803594,1.5672952713430277e-06,1.18453222341941e-07,4.563378013244801e-07,8.787950633859509e-08,0.00012043061724398285,0.0001827381638577208,0.9997676014900208,0.9996299743652344
10127,People & Occupations,People & Occupations,0.9998525381088257,People & Occupations,0.9997345805168152,1.543169673823286e-05,2.53048852982829e-07,7.477871986338869e-05,0.00014204079343471676,0.9998525381088257,0.9997345805168152,5.696503649232909e-05,0.00012310555030126125,2.3309678454097593e-07,3.7061056445963914e-08
6957,People & Occupations,People & Occupations,0.9998351335525513,People & Occupations,0.9997531771659851,1.673130645940546e-05,2.564012788752734e-07,6.257780478335917e-05,0.00013002172636333853,0.9998351335525513,0.9997531771659851,8.536013774573803e-05,0.00011655860726023093,2.3971585960680386e-07,4.165287492696734e-08
3955,Emotions & Actions,Emotions & Actions,0.9998455047607422,Emotions & Actions,0.9997455477714539,7.715095853200182e-05,0.00014873947657179087,1.042296389641706e-06,9.751013863024127e-08,3.3049124681383546e-07,5.392987389996051e-08,7.59278264013119e-05,0.00010556727647781372,0.9998455047607422,0.9997455477714539
10629,People & Occupations,People & Occupations,0.9998403787612915,People & Occupations,0.9997641444206238,1.0603534065012354e-05,2.153676916805125e-07,6.0836908232886344e-05,0.00013326112821232527,0.9998403787612915,0.9997641444206238,8.791767322691157e-05,0.00010239989933324978,2.040515312273783e-07,3.7435075483926994e-08
1963,People & Occupations,People & Occupations,0.9998615980148315,People & Occupations,0.9997522234916687,1.131500812334707e-05,2.381098056503106e-07,6.899652362335473e-05,0.00014169640780892223,0.9998615980148315,0.9997522234916687,5.782605512649752e-05,0.00010586257121758536,2.2083612805090524e-07,3.504932521991577e-08
7669,People & Occupations,People & Occupations,0.999868631362915,People & Occupations,0.9997625946998596,1.3246072740003001e-05,2.1833476182564482e-07,5.803053863928653e-05,0.00015013021766208112,0.999868631362915,0.9997625946998596,5.978977424092591e-05,8.697078737895936e-05,1.8937443257982522e-07,3.007236770713462e-08
10720,Food & Fruits,Food & Fruits,0.9999070167541504,Food & Fruits,0.999755322933197,5.020296885049902e-05,0.00010931234282907099,0.9999070167541504,0.999755322933197,3.816720345639624e-05,0.0001350060192635283,4.0053755583358e-06,2.2713213354563777e-07,6.126576863607625e-07,7.068643270713437e-08
11447,Nature & Space,Nature & Space,0.999758780002594,Nature & Space,0.9997269511222839,1.3543166232921067e-06,7.3469936978654e-07,9.982061783375684e-06,2.9649851285284967e-07,0.00016279394912999123,0.0001226432650582865,0.999758780002594,0.9997269511222839,6.715577183058485e-05,0.00014929920143913478
1521,Emotions & Actions,Emotions & Actions,0.9997710585594177,Emotions & Actions,0.9995813965797424,0.00010850661783479154,0.0002504673320800066,1.4901926306265523e-06,1.1858185189339565e-07,3.3903140206348326e-07,7.22635178362907e-08,0.00011855408956762403,0.0001679751876508817,0.9997710585594177,0.9995813965797424
4359,People & Occupations,People & Occupations,0.9998493194580078,People & Occupations,0.9997251629829407,1.1083591743954457e-05,2.2442654312726518e-07,7.03392579453066e-05,0.00014405570982489735,0.9998493194580078,0.9997251629829407,6.895456317579374e-05,0.0001304744218941778,2.0706106340639963e-07,3.711794249738887e-08
9340,Animals & Pets,Animals & Pets,0.9998059272766113,Animals & Pets,0.9996777176856995,0.9998059272766113,0.9996777176856995,9.067983774002641e-05,0.00013456276792567223,1.1789835298259277e-05,4.4210364080754516e-07,1.0982938647430274e-06,5.364279900277324e-07,9.041075827553868e-05,0.0001865676458692178
2891,People & Occupations,People & Occupations,0.9998490810394287,People & Occupations,0.999739944934845,1.1602991435211152e-05,2.2940483290767588e-07,6.877125997561961e-05,0.00016235954535659403,0.9998490810394287,0.999739944934845,7.030148844933137e-05,9.75158836808987e-05,2.3281847916223342e-07,3.4649680458187504e-08
708,Animals & Pets,Animals & Pets,0.9998337030410767,Animals & Pets,0.9997096657752991,0.9998337030410767,0.9997096657752991,5.814567339257337e-05,0.00011173164966749027,9.865622814686503e-06,3.78848483251204e-07,8.218501648116217e-07,4.2130159272346646e-07,9.73815331235528e-05,0.00017769495025277138
8118,People & Occupations,People & Occupations,0.9998401403427124,People & Occupations,0.9997237324714661,1.0618831765896175e-05,2.722467797866557e-07,8.483249985147268e-05,0.00012893081293441355,0.9998401403427124,0.9997237324714661,6.417927943402901e-05,0.00014705849753227085,2.3404747651056823e-07,4.155056032573157e-08
6604,People & Occupations,People & Occupations,0.9997984170913696,People & Occupations,0.9996577501296997,1.903640804812312e-05,3.094459373187419e-07,8.85048575582914e-05,0.0001780692837201059,0.9997984170913696,0.9996577501296997,9.36953947530128e-05,0.0001638595131225884,3.3293807177869894e-07,4.1851166088235914e-08
3750,Emotions & Actions,Emotions & Actions,0.9998040199279785,Emotions & Actions,0.9996864199638367,0.00010477365140104666,0.00017947395099326968,1.4701981854159385e-06,1.0819174178777757e-07,3.957977128266066e-07,7.08655605308195e-08,8.927210001274943e-05,0.00013394770212471485,0.9998040199279785,0.9996864199638367
10022,People & Occupations,People & Occupations,0.999744713306427,People & Occupations,0.9996698498725891,1.5924497347441502e-05,2.9703539894399e-07,0.00012096968566766009,0.00019133010937366635,0.999744713306427,0.9996698498725891,0.00011815592733910307,0.00013843084161635488,2.6007097631008946e-07,4.1182474319612083e-08
3311,Animals & Pets,Animals & Pets,0.9998451471328735,Animals & Pets,0.9997071623802185,0.9998451471328735,0.9997071623802185,4.7327401262009516e-05,9.968652011593804e-05,8.70781786943553e-06,3.6354208532429766e-07,7.890453730396985e-07,3.7636743854818633e-07,9.803426655707881e-05,0.0001924231182783842
6039,Emotions & Actions,Emotions & Actions,0.9998383522033691,Emotions & Actions,0.999752938747406,9.480426524532959e-05,0.0001481572980992496,9.183601150652976e-07,8.464849088340998e-08,3.2434957120131003e-07,6.148935227656693e-08,6.557080632774159e-05,9.880516154225916e-05,0.9998383522033691,0.999752938747406
407,Food & Fruits,Food & Fruits,0.999869704246521,Food & Fruits,0.9996991753578186,6.70876179356128e-05,0.00017338326142635196,0.999869704246521,0.9996991753578186,5.8478544815443456e-05,0.00012706455891020596,4.02813702748972e-06,2.41656636035259e-07,5.713794735129341e-07,8.319252486899131e-08
11632,Animals & Pets,Animals & Pets,0.9998424053192139,Animals & Pets,0.9997343420982361,0.9998424053192139,0.9997343420982361,4.699992132373154e-05,0.00013346612104214728,7.647768143215217e-06,4.295372377782769e-07,7.378648660960607e-07,3.3452585057602846e-07,0.00010232171189272776,0.00013130484148859978
11896,People & Occupations,People & Occupations,0.9998573064804077,People & Occupations,0.9997498393058777,1.0211651897407137e-05,2.3422819594998145e-07,7.241826097015291e-05,0.00014643342001363635,0.9998573064804077,0.9997498393058777,5.981407957733609e-05,0.0001034183005685918,1.826661844006594e-07,3.405041937298847e-08
9617,Food & Fruits,Food & Fruits,0.9998289346694946,Food & Fruits,0.999636173248291,7.563676626887172e-05,0.00017054256750270724,0.9998289346694946,0.999636173248291,8.966204040916637e-05,0.00019281025743111968,4.97841028845869e-06,3.283647913576715e-07,7.126514560695796e-07,8.823745645258896e-08
3809,Food & Fruits,Food & Fruits,0.9997459053993225,Food & Fruits,0.9996623992919922,0.00013610319001600146,0.00021003728033974767,0.9997459053993225,0.9996623992919922,0.0001118451909860596,0.00012703881657216698,5.26666963196476e-06,3.4064282772305887e-07,9.025948202179279e-07,1.0982497400391367e-07
9842,Nature & Space,Nature & Space,0.9998257160186768,Nature & Space,0.9997182488441467,8.162556355273409e-07,5.267867777547508e-07,7.551503131253412e-06,2.0390133670389332e-07,5.146352123119868e-05,0.0001029613777063787,0.9998257160186768,0.9997182488441467,0.00011441267997724935,0.00017803267110139132
4818,Nature & Space,Nature & Space,0.9998224973678589,Nature & Space,0.9996783137321472,9.298018994741142e-07,5.796683808512171e-07,7.731323421467096e-06,2.3679264415932266e-07,0.00010570678568910807,0.0001284585741814226,0.9998224973678589,0.9996783137321472,6.302866677287966e-05,0.00019228860037401319
6441,People & Occupations,People & Occupations,0.9998736381530762,People & Occupations,0.999758780002594,1.1053176422137767e-05,2.3082682787389786e-07,4.6709057642146945e-05,0.0001341202441835776,0.9998736381530762,0.999758780002594,6.825362652307376e-05,0.00010691653733374551,2.0632097630368662e-07,3.620169053419886e-08
8726,People & Occupations,People & Occupations,0.9998055696487427,People & Occupations,0.9996476173400879,2.1846455638296902e-05,2.888183132654376e-07,8.178318967111409e-05,0.0001910966238938272,0.9998055696487427,0.9996476173400879,9.056398994289339e-05,0.0001609531173016876,2.7427893201092957e-07,4.2796816757117995e-08
1127,People & Occupations,People & Occupations,0.9998817443847656,People & Occupations,0.9997374415397644,1.36864227897604e-05,2.653578690114955e-07,4.140157034271397e-05,0.00013165509153623134,0.9998817443847656,0.9997374415397644,6.297471554717049e-05,0.00013060413766652346,2.3232128398831264e-07,3.475656029650054e-08
3561,Emotions & Actions,Emotions & Actions,0.9997556805610657,Emotions & Actions,0.9996075630187988,0.00011378597264410928,0.00021877892140764743,2.369540879954002e-06,1.5115249141217646e-07,4.995091558157583e-07,1.0433247155106073e-07,0.00012762544793076813,0.00017331544950138777,0.9997556805610657,0.9996075630187988
3285,Food & Fruits,Food & Fruits,0.9997509121894836,Food & Fruits,0.9996759295463562,0.00010352232493460178,0.00017181715520564467,0.9997509121894836,0.9996759295463562,0.00013842371117789298,0.00015164965589065105,6.308582214842318e-06,3.040085232441925e-07,8.138083558151266e-07,1.1110113717904824e-07
1006,Emotions & Actions,Emotions & Actions,0.9998393058776855,Emotions & Actions,0.9997324347496033,6.166390085127205e-05,0.0001564880512887612,1.17250306175265e-06,9.012352109039057e-08,2.6480975634513015e-07,6.440260591489277e-08,9.756511281011626e-05,0.00011090391490142792,0.9998393058776855,0.9997324347496033
1901,Nature & Space,Nature & Space,0.9997541308403015,Nature & Space,0.9996868968009949,1.5973205336194951e-06,8.029499554140784e-07,9.57442262006225e-06,3.663600978143222e-07,0.0001639198453631252,0.00014345876115839928,0.9997541308403015,0.9996868968009949,7.079608622007072e-05,0.00016839697491377592
5278,People & Occupations,People & Occupations,0.9997363686561584,People & Occupations,0.9995848536491394,1.743442044244148e-05,3.1975409342521743e-07,0.0001317368441959843,0.00018633251602295786,0.9997363686561584,0.9995848536491394,0.00011397600610507652,0.00022851326502859592,4.30287599328949e-07,5.301734162799221e-08
7662,Animals & Pets,Animals & Pets,0.9997743368148804,Animals & Pets,0.9996984601020813,0.9997743368148804,0.9996984601020813,4.680331767303869e-05,0.00014671593089587986,1.0186449799221009e-05,4.2674417954913224e-07,9.517112857793109e-07,4.373543447400152e-07,0.00016763150051701814,0.00015384277503471822
10263,People & Occupations,People & Occupations,0.9997880458831787,People & Occupations,0.9996389150619507,1.7059101082850248e-05,2.825330511768698e-07,9.912443783832714e-05,0.0001892424188554287,0.9997880458831787,0.9996389150619507,9.529184899292886e-05,0.00017165897588711232,3.094635587785888e-07,4.392889962900881e-08
1972,Emotions & Actions,Emotions & Actions,0.9997982978820801,Emotions & Actions,0.9996640682220459,9.122133633354679e-05,0.000165596604347229,1.6463428664792445e-06,1.2015642880669475e-07,4.259528338934615e-07,7.771818388846441e-08,0.00010837368608918041,0.00017017217760439962,0.9997982978820801,0.9996640682220459
6015,Nature & Space,Nature & Space,0.9997696280479431,Nature & Space,0.9996334314346313,9.635267588237184e-07,8.002436970855342e-07,1.0446758096804842e-05,3.0068295586715976e-07,9.496288112131879e-05,0.00020077569934073836,0.9997696280479431,0.9996334314346313,0.00012400656123645604,0.00016467781097162515
11446,Emotions & Actions,Emotions & Actions,0.999824047088623,Emotions & Actions,0.9997331500053406,0.00010543329699430615,0.0001516220363555476,1.0622900390444556e-06,1.1145112921440159e-07,4.138500742101314e-07,6.899598048448752e-08,6.904448673594743e-05,0.000115062968689017,0.999824047088623,0.9997331500053406
5713,Animals & Pets,Animals & Pets,0.999769389629364,Animals & Pets,0.999616265296936,0.999769389629364,0.999616265296936,0.00011695019929902628,0.0001694539241725579,1.6479061741847545e-05,4.4648626840171346e-07,1.0501017868591589e-06,6.17174976014212e-07,9.621209028409794e-05,0.0002131737710442394
6613,People & Occupations,People & Occupations,0.9996885657310486,People & Occupations,0.9995830655097961,1.7182792362291366e-05,3.882504984176194e-07,0.0001814955467125401,0.0001960204099304974,0.9996885657310486,0.9995830655097961,0.00011235222336836159,0.00022062193602323532,3.2446402542518626e-07,4.745695392216476e-08
4296,People & Occupations,People & Occupations,0.9998033046722412,People & Occupations,0.9996952414512634,1.1153774721606169e-05,2.644934511408792e-07,0.00010811357060447335,0.00017340853810310364,0.9998033046722412,0.9996952414512634,7.715307583566755e-05,0.0001310438965447247,2.5469350362072873e-07,4.00398114663858e-08
965,Nature & Space,Nature & Space,0.999854564666748,Nature & Space,0.9997435212135315,7.222500926218345e-07,5.029072553952574e-07,7.990041012817528e-06,2.0448504756132024e-07,6.473738903878257e-05,0.00010358535655541345,0.999854564666748,0.9997435212135315,7.198708044597879e-05,0.00015214811719488353
9571,Food & Fruits,Food & Fruits,0.9998939037322998,Food & Fruits,0.9997818470001221,5.5018681450746953e-05,0.00011365826503606513,0.9998939037322998,0.9997818470001221,4.693671871791594e-05,0.00010404774366179481,3.4095660339517053e-06,2.1790170023905375e-07,5.522322226170218e-07,7.64095489103056e-08
2837,People & Occupations,People & Occupations,0.9997899532318115,People & Occupations,0.9997193217277527,1.502893883298384e-05,2.6316001822124235e-07,8.78608479979448e-05,0.00015561524196527898,0.9997899532318115,0.9997193217277527,0.00010694596858229488,0.00012482376769185066,2.3412881944295805e-07,4.20601296013956e-08
10907,Food & Fruits,Food & Fruits,0.9998853206634521,Food & Fruits,0.999758780002594,5.4528401960851625e-05,0.00011272740812273696,0.9998853206634521,0.999758780002594,5.584498285315931e-05,0.0001280939468415454,3.7150025491428096e-06,2.339726563604927e-07,5.787857162431465e-07,8.13837672808404e-08
443,Food & Fruits,Food & Fruits,0.9997296929359436,Food & Fruits,0.9996509552001953,0.0001297084236284718,0.00020664592739194632,0.9997296929359436,0.9996509552001953,0.00013370666420087218,0.0001419296459062025,6.1529763115686364e-06,3.84048405521753e-07,7.70301255670347e-07,1.1109009534493453e-07
4493,Emotions & Actions,Emotions & Actions,0.9998171329498291,Emotions & Actions,0.9996721148490906,0.00010060071508632973,0.00017390500579494983,1.6715910078346496e-06,1.0302473896217634e-07,3.087694722125889e-07,6.676982877706905e-08,8.02815702627413e-05,0.00015378078387584537,0.9998171329498291,0.9996721148490906
8886,Nature & Space,Nature & Space,0.9998397827148438,Nature & Space,0.9997352957725525,7.128929837563192e-07,4.571236047468119e-07,8.404567779507488e-06,2.1758197021881642e-07,6.012712765368633e-05,0.0001325288030784577,0.9998397827148438,0.9997352957725525,9.08883594092913e-05,0.00013144052354618907
10951,Animals & Pets,Animals & Pets,0.9998118877410889,Animals & Pets,0.9996868968009949,0.9998118877410889,0.9996868968009949,9.29263696889393e-05,0.0001644912117626518,9.469111319049262e-06,4.3739643729168165e-07,8.087314427029924e-07,4.0314026250598545e-07,8.491346670780331e-05,0.00014781473146285862
2379,Nature & Space,Nature & Space,0.9997460246086121,Nature & Space,0.9997281432151794,6.806571377637738e-07,4.6522134766746603e-07,9.153379323834088e-06,2.0823456736707158e-07,3.7198220525169745e-05,0.00015990545216482133,0.9997460246086121,0.9997281432151794,0.00020687654614448547,0.00011125682794954628
3270,Animals & Pets,Animals & Pets,0.9998519420623779,Animals & Pets,0.9997311234474182,0.9998519420623779,0.9997311234474182,5.552433867705986e-05,0.00013275720993988216,1.0203537385677919e-05,3.570049500467576e-07,9.039068800120731e-07,4.2335710759289213e-07,8.127110049827024e-05,0.00013522361405193806
11928,People & Occupations,People & Occupations,0.9998260736465454,People & Occupations,0.9997321963310242,1.3553774806496222e-05,2.469404023486277e-07,8.260675531346351e-05,0.00015569667448289692,0.9998260736465454,0.9997321963310242,7.745517359580845e-05,0.0001118135842261836,2.0190076099879661e-07,3.880135679423802e-08
3556,Emotions & Actions,Emotions & Actions,0.999794602394104,Emotions & Actions,0.9996596574783325,0.00012439345300663263,0.00020759583276230842,1.397839696437586e-06,1.0711252684814099e-07,4.2779174691531807e-07,8.152111519166283e-08,7.91724378359504e-05,0.00013260576815810055,0.999794602394104,0.9996596574783325
4269,Animals & Pets,Animals & Pets,0.9998327493667603,Animals & Pets,0.9997127652168274,0.9998327493667603,0.9997127652168274,4.791593528352678e-05,0.00011008349974872544,7.3849237196554895e-06,4.085004832177219e-07,7.712215506217035e-07,3.433855511048023e-07,0.0001112220052164048,0.00017634747200645506
8387,Animals & Pets,Animals & Pets,0.9998161792755127,Animals & Pets,0.9996681213378906,0.9998161792755127,0.9996681213378906,7.048357656458393e-05,0.00011772858124459162,9.527631846140139e-06,4.1505066405989055e-07,8.282356702693505e-07,3.760237916594633e-07,0.00010298354754922912,0.0002133912785211578
5981,Food & Fruits,Food & Fruits,0.9998694658279419,Food & Fruits,0.9997057318687439,5.690812031389214e-05,0.00014029612066224217,0.9998694658279419,0.9997057318687439,6.82842728565447e-05,0.00015363247075583786,4.772161446453538e-06,2.3870441623330407e-07,6.296956485130067e-07,8.617642777153378e-08
6009,Emotions & Actions,Emotions & Actions,0.9998186826705933,Emotions & Actions,0.9996982216835022,7.367160287685692e-05,0.00018436093523632735,1.3422207985058776e-06,1.1288359047512131e-07,3.9663103734710603e-07,7.07607696881496e-08,0.0001058505367836915,0.00011716201697709039,0.9998186826705933,0.9996982216835022
5420,Food & Fruits,Food & Fruits,0.9998049736022949,Food & Fruits,0.9997178912162781,9.33603587327525e-05,0.00013647408923134208,0.9998049736022949,0.9997178912162781,9.491707169217989e-05,0.00014514822396449745,6.041549568180926e-06,3.026581225640257e-07,7.436659643644816e-07,8.633278270053779e-08
1448,People & Occupations,People & Occupations,0.9998514652252197,People & Occupations,0.9997492432594299,1.3215878425398842e-05,2.554216109729168e-07,6.455901166191325e-05,0.0001352899125777185,0.9998514652252197,0.9997492432594299,7.041430217213929e-05,0.00011525581066962332,2.1100713354371692e-07,3.698491468639986e-08
4681,Food & Fruits,Food & Fruits,0.9997513890266418,Food & Fruits,0.999653697013855,0.00011052768240915611,0.00021665164967998862,0.9997513890266418,0.999653697013855,0.00013086928811389953,0.00012914635590277612,6.536036380566657e-06,3.55469268242814e-07,7.616368407070695e-07,1.2772495949775475e-07
5418,Emotions & Actions,Emotions & Actions,0.9998373985290527,Emotions & Actions,0.9997345805168152,6.93705296725966e-05,0.00015795507351867855,1.3468362567436998e-06,8.622363623089768e-08,2.5636859390942845e-07,5.990266060962313e-08,9.159120236290619e-05,0.00010727938933996484,0.9998373985290527,0.9997345805168152
3388,Nature & Space,Nature & Space,0.9997936487197876,Nature & Space,0.9996978640556335,1.0910197261182475e-06,7.164433668549464e-07,8.745509148866404e-06,2.51019400820951e-07,0.00012786418665200472,0.00016133989265654236,0.9997936487197876,0.9996978640556335,6.85964259901084e-05,0.00013973966997582465
9200,Emotions & Actions,Emotions & Actions,0.9997943639755249,Emotions & Actions,0.9996639490127563,9.876196418190375e-05,0.0001636510860407725,1.7991645790971234e-06,1.4549468119184894e-07,4.893055347565678e-07,1.0721517895717625e-07,0.00010450460104038939,0.00017213149112649262,0.9997943639755249,0.9996639490127563
8139,Emotions & Actions,Emotions & Actions,0.999739944934845,Emotions & Actions,0.9995725750923157,0.00013350746303331107,0.0002418228395981714,1.7643806131673045e-06,1.5091127636424062e-07,5.811704681946139e-07,8.35907414398207e-08,0.00012417246762197465,0.0001853117864811793,0.999739944934845,0.9995725750923157
11483,Food & Fruits,Food & Fruits,0.9997475743293762,Food & Fruits,0.9997064471244812,0.00010495394235476851,0.0001598300295881927,0.9997475743293762,0.9997064471244812,0.0001423390640411526,0.00013331686204764992,4.3241198000032455e-06,2.81922837075399e-07,8.47820217586559e-07,1.1399144028700903e-07
11737,Food & Fruits,Food & Fruits,0.9998282194137573,Food & Fruits,0.9996899962425232,7.278199336724356e-05,0.00020081366528756917,0.9998282194137573,0.9996899962425232,9.376540401717648e-05,0.00010867832315852866,4.453724613995291e-06,3.3287210499111097e-07,7.491101428058755e-07,1.0224510305079093e-07
11242,Nature & Space,Nature & Space,0.9998162984848022,Nature & Space,0.999717652797699,7.17362354407669e-07,5.42751138254971e-07,6.125661911937641e-06,1.795568351781185e-07,5.5983287893468514e-05,0.00014127996109891683,0.9998162984848022,0.999717652797699,0.00012089357187505811,0.0001402917696395889
83,Food & Fruits,Food & Fruits,0.9998418092727661,Food & Fruits,0.9996808171272278,6.729451706632972e-05,0.00014580182323697954,0.9998418092727661,0.9996808171272278,8.446686115348712e-05,0.00017294625286012888,5.594065441982821e-06,3.037688713902753e-07,7.155877028708346e-07,1.0689273466368832e-07
8127,Nature & Space,Nature & Space,0.9998016357421875,Nature & Space,0.999723494052887,1.272570784749405e-06,7.280698923750606e-07,6.691248927381821e-06,2.2895780205089977e-07,0.00012002607400063425,9.802346176002175e-05,0.9998016357421875,0.999723494052887,7.0334026531782e-05,0.0001774212287273258
8965,People & Occupations,People & Occupations,0.9998059272766113,People & Occupations,0.9997261166572571,1.2832331776735373e-05,2.6739886038740224e-07,8.701786282472312e-05,0.00016382976900786161,0.9998059272766113,0.9997261166572571,9.394421067554504e-05,0.00010972189920721576,2.1652732584698242e-07,3.787931035503789e-08
8760,Emotions & Actions,Emotions & Actions,0.9997696280479431,Emotions & Actions,0.9997149109840393,0.00011009594891220331,0.00014786369865760207,1.7032182313414523e-06,1.0415399032126516e-07,4.162697848641983e-07,7.605751051187326e-08,0.00011818027996923774,0.00013704676530323923,0.9997696280479431,0.9997149109840393
2516,Animals & Pets,Animals & Pets,0.999798059463501,Animals & Pets,0.9996479749679565,0.999798059463501,0.9996479749679565,7.494456076528877e-05,0.00016356923151761293,1.5851992429816164e-05,5.237946538727556e-07,9.309165989179746e-07,5.041787858317548e-07,0.0001101209272746928,0.00018742252723313868
3536,Emotions & Actions,Emotions & Actions,0.9998577833175659,Emotions & Actions,0.9997512698173523,6.851876969449222e-05,0.00014144554734230042,1.1757148286051233e-06,9.195924377536357e-08,2.6049855250676046e-07,6.788905437815629e-08,7.221883424790576e-05,0.0001070773578248918,0.9998577833175659,0.9997512698173523
7893,Emotions & Actions,Emotions & Actions,0.9998223781585693,Emotions & Actions,0.9996676445007324,7.514333992730826e-05,0.00017775120795704424,1.4007423487782944e-06,1.0282344931056286e-07,3.202393372703227e-07,7.508546673307137e-08,0.00010077254410134628,0.00015437815454788506,0.9998223781585693,0.9996676445007324
3862,Animals & Pets,Animals & Pets,0.9998432397842407,Animals & Pets,0.9997076392173767,0.9998432397842407,0.9997076392173767,4.811957842321135e-05,0.0001222518039867282,6.5503154473844916e-06,3.7588554846479383e-07,7.109929924808966e-07,3.62630231620642e-07,0.00010129911970579997,0.00016940284695010632
146,People & Occupations,People & Occupations,0.9998615980148315,People & Occupations,0.9997605681419373,1.1190331861143932e-05,2.3832853912608698e-07,6.838527042418718e-05,0.0001454964658478275,0.9998615980148315,0.9997605681419373,5.8556815929478034e-05,9.363369463244453e-05,2.643407981395285e-07,3.265089887349859e-08
4455,Emotions & Actions,Emotions & Actions,0.9997787475585938,Emotions & Actions,0.9996232986450195,0.0001032766085700132,0.00018529273802414536,1.5856712707318366e-06,1.2417746120263473e-07,4.1576495846129546e-07,8.654338046198973e-08,0.00011593476665439084,0.00019122232333756983,0.9997787475585938,0.9996232986450195
11943,People & Occupations,People & Occupations,0.9998025894165039,People & Occupations,0.9996897578239441,1.5555926438537426e-05,3.414119191802456e-07,9.926824714057148e-05,0.00016737020632717758,0.9998025894165039,0.9996897578239441,8.229933882830665e-05,0.000142507124110125,2.6588307378005993e-07,4.301598011124952e-08
5884,Animals & Pets,Animals & Pets,0.9997479319572449,Animals & Pets,0.9995987415313721,0.9997479319572449,0.9995987415313721,0.00012655484897550195,0.000181250594323501,1.1289093890809454e-05,4.4616393779506325e-07,1.0990537475663587e-06,5.020730213800562e-07,0.00011305368389002979,0.0002190761879319325
7522,People & Occupations,People & Occupations,0.9997561573982239,People & Occupations,0.9996055364608765,2.0388242774060927e-05,3.527886178744666e-07,0.00011730420374078676,0.00022433625417761505,0.9997561573982239,0.9996055364608765,0.00010584472329355776,0.0001697102125035599,3.6104904665990034e-07,4.9660414447316725e-08
3122,Emotions & Actions,Emotions & Actions,0.9998470544815063,Emotions & Actions,0.9997429251670837,6.104293424868956e-05,0.0001506517583038658,1.1498140111143584e-06,8.258305683739309e-08,2.545060340253258e-07,5.362632649053012e-08,9.043992758961394e-05,0.00010630561882862821,0.9998470544815063,0.9997429251670837
9699,People & Occupations,People & Occupations,0.9997986555099487,People & Occupations,0.9996308088302612,1.7743583157425746e-05,3.0240036608120135e-07,7.83635041443631e-05,0.0001929791906150058,0.9997986555099487,0.9996308088302612,0.00010502929944777861,0.0001758818980306387,2.629220432481816e-07,3.9721872013842585e-08
8603,Nature & Space,Nature & Space,0.9996967911720276,Nature & Space,0.9997121691703796,1.7973050034925109e-06,7.671588377888838e-07,9.876480362436268e-06,3.0596129363402724e-07,0.00020074896747246385,0.00013682425196748227,0.9996967911720276,0.9997121691703796,9.079999290406704e-05,0.00014997870312072337
7171,Food & Fruits,Food & Fruits,0.9998611211776733,Food & Fruits,0.9997047781944275,6.709650915581733e-05,0.0001516907796030864,0.9998611211776733,0.9997047781944275,6.7112960095983e-05,0.0001431532873539254,3.999771706730826e-06,2.702670656162809e-07,6.457767085521482e-07,7.94196566289429e-08
11013,Animals & Pets,Animals & Pets,0.9998513460159302,Animals & Pets,0.9996915459632874,0.9998513460159302,0.9996915459632874,5.6424130889354274e-05,0.00011412490857765079,1.0750776709755883e-05,4.1311665199827985e-07,7.878517180870404e-07,4.4264638177082816e-07,8.064205758273602e-05,0.00019345972395967692
394,Animals & Pets,Animals & Pets,0.9998369216918945,Animals & Pets,0.9997398257255554,0.9998369216918945,0.9997398257255554,4.702181104221381e-05,0.000128280880744569,8.24023209133884e-06,4.0470672502124216e-07,8.552423764740524e-07,3.807528514698788e-07,0.00010692295472836122,0.00013121080701239407
5356,Emotions & Actions,Emotions & Actions,0.9998214244842529,Emotions & Actions,0.9997195601463318,9.498256258666515e-05,0.00015570998948533088,1.0865912827284774e-06,9.109673726470646e-08,3.0767674275011814e-07,5.901954125420161e-08,8.213544788304716e-05,0.00012455777323339134,0.9998214244842529,0.9997195601463318
5266,Food & Fruits,Food & Fruits,0.9998905658721924,Food & Fruits,0.999747097492218,5.480870822793804e-05,0.00012368548777885735,0.9998905658721924,0.999747097492218,4.979379446012899e-05,0.0001287843770114705,4.166945018369006e-06,2.2243636976782e-07,5.503051170308026e-07,8.437460508048389e-08
9429,Nature & Space,Nature & Space,0.999781608581543,Nature & Space,0.999717652797699,1.2731254628306488e-06,7.526878107455559e-07,1.0941163054667413e-05,2.5973872652684804e-07,9.920512820826843e-05,0.00015401073324028403,0.999781608581543,0.999717652797699,0.0001069659847416915,0.00012726010754704475
1166,Nature & Space,Nature & Space,0.9997991323471069,Nature & Space,0.9997240900993347,7.180632906056417e-07,4.79571269806911e-07,7.483426088583656e-06,2.160638388204461e-07,4.3752905185101554e-05,0.0001444071385776624,0.9997991323471069,0.9997240900993347,0.00014890768215991557,0.0001307227648794651
7375,Nature & Space,Nature & Space,0.9998180866241455,Nature & Space,0.9997368454933167,6.992219709900382e-07,4.982337600267783e-07,7.71830127632711e-06,2.1658691196080326e-07,4.7976369387470186e-05,0.00014584518794436008,0.9998180866241455,0.9997368454933167,0.0001254738017451018,0.00011658171570161358
5001,Food & Fruits,Food & Fruits,0.9998741149902344,Food & Fruits,0.9997238516807556,7.12573601049371e-05,0.00010984153777826577,0.9998741149902344,0.9997238516807556,4.999682278139517e-05,0.0001659473782638088,4.010997145087458e-06,2.2685871670091728e-07,5.909978426643647e-07,7.178362437798569e-08
75,People & Occupations,People & Occupations,0.9997624754905701,People & Occupations,0.9995600581169128,2.2084857846493833e-05,3.5438841905488516e-07,0.0001209738984471187,0.000296526966849342,0.9997624754905701,0.9995600581169128,9.409810445504263e-05,0.00014294595166575164,3.5882149518329243e-07,4.696045863283871e-08
3545,Animals & Pets,Animals & Pets,0.9997363686561584,Animals & Pets,0.9995408654212952,0.9997363686561584,0.9995408654212952,0.00010238181857857853,0.00022140891815070063,1.5019709280750249e-05,4.6550610477424925e-07,1.2022202326988918e-06,5.698693712474778e-07,0.00014499484677799046,0.00023664283799007535
5449,Food & Fruits,Food & Fruits,0.9998476505279541,Food & Fruits,0.9996903538703918,6.771400512661785e-05,0.00011946493032155558,0.9998476505279541,0.9996903538703918,7.939560600789264e-05,0.00018978441949002445,4.604639343597228e-06,2.851473368536972e-07,6.427089829230681e-07,8.695474207343068e-08
7323,Nature & Space,Nature & Space,0.9997270703315735,Nature & Space,0.9996250867843628,1.420199396306998e-06,8.996276505968126e-07,1.0173444934480358e-05,3.6790385138374404e-07,0.0001786480424925685,0.00017312340787611902,0.9997270703315735,0.9996250867843628,8.268093370134011e-05,0.00020055756613146514
8936,People & Occupations,People & Occupations,0.9997892379760742,People & Occupations,0.9996569156646729,1.9347779016243294e-05,3.1597357974533224e-07,0.00010573652980383486,0.00015999778406694531,0.9997892379760742,0.9996569156646729,8.524843724444509e-05,0.0001828588283387944,3.231113794299745e-07,4.7570306804800566e-08
8581,Food & Fruits,Food & Fruits,0.9998751878738403,Food & Fruits,0.9997408986091614,6.0184160247445107e-05,0.00010243502038065344,0.9998751878738403,0.9997408986091614,6.018122803652659e-05,0.0001562644902151078,3.8152870729391e-06,2.244784411686851e-07,5.688586952601327e-07,7.498420018237084e-08
3946,Nature & Space,Nature & Space,0.9998440742492676,Nature & Space,0.9997037053108215,7.108485533535713e-07,5.503324587152747e-07,7.83670930104563e-06,2.1717872300541785e-07,5.8652534789871424e-05,0.00013696814130526036,0.9998440742492676,0.9997037053108215,8.862739923642948e-05,0.0001584462443133816
2601,Food & Fruits,Food & Fruits,0.999879002571106,Food & Fruits,0.9997439980506897,5.761117790825665e-05,9.844610758591443e-05,0.999879002571106,0.9997439980506897,5.869190499652177e-05,0.0001571573520777747,4.045919013151433e-06,2.292572531814585e-07,6.632497502323531e-07,8.585128341564996e-08
3452,People & Occupations,People & Occupations,0.9998325109481812,People & Occupations,0.9997418522834778,8.654928024043329e-06,2.398018921212497e-07,7.023364014457911e-05,0.00015697485650889575,0.9998325109481812,0.9997418522834778,8.831302693579346e-05,0.00010092888987855986,2.0010170942441619e-07,3.7875498293260534e-08
1952,Nature & Space,Nature & Space,0.9998104572296143,Nature & Space,0.9997319579124451,7.0963659482004e-07,5.198816666052153e-07,6.589893473574193e-06,2.019370271000298e-07,4.020240521640517e-05,0.00013420262257568538,0.9998104572296143,0.9997319579124451,0.00014199671568349004,0.0001331648527411744
3783,Food & Fruits,Food & Fruits,0.9998173713684082,Food & Fruits,0.9996527433395386,8.977008110377938e-05,0.00016377509746234864,0.9998173713684082,0.9996527433395386,8.709175745025277e-05,0.00018302992975804955,4.916787929687416e-06,3.031774156170286e-07,7.834293000996695e-07,9.335864348258838e-08
1344,Emotions & Actions,Emotions & Actions,0.9998142719268799,Emotions & Actions,0.9997009634971619,0.00010374929115641862,0.00019054794393014163,1.1799185131167178e-06,1.0107602577136277e-07,3.100790593180136e-07,6.577104727512051e-08,8.041144610615447e-05,0.00010827594087459147,0.9998142719268799,0.9997009634971619
6169,Animals & Pets,Animals & Pets,0.9998413324356079,Animals & Pets,0.9997084736824036,0.9998413324356079,0.9997084736824036,3.8847269024699926e-05,0.00014513303176499903,8.663287189847324e-06,3.8943363733778824e-07,7.881978376644838e-07,3.4979723295691656e-07,0.00011020196689059958,0.0001456668833270669
9461,Food & Fruits,Food & Fruits,0.9997677206993103,Food & Fruits,0.9997195601463318,9.599736949894577e-05,0.0001538988435640931,0.9997677206993103,0.9997195601463318,0.00013024687359575182,0.00012607687676791102,5.252258688415168e-06,3.112272679572925e-07,8.828380373415712e-07,1.052064817486098e-07
9480,Nature & Space,Nature & Space,0.9998437166213989,Nature & Space,0.9997274279594421,8.481475788357784e-07,6.125581535343372e-07,7.921245924080722e-06,2.154933298470496e-07,7.602963887620717e-05,0.00011297139280941337,0.9998437166213989,0.9997274279594421,7.153318438213319e-05,0.00015870362403802574
1106,Emotions & Actions,Emotions & Actions,0.9997337460517883,Emotions & Actions,0.9995672106742859,0.0001174080025521107,0.00025354139506816864,2.3261509340954944e-06,1.4117485136466712e-07,5.588237854681211e-07,8.561568876075398e-08,0.000145973710459657,0.0001790137612260878,0.9997337460517883,0.9995672106742859
7240,Food & Fruits,Food & Fruits,0.9998602867126465,Food & Fruits,0.9997157454490662,6.343012501019984e-05,0.00013985027908347547,0.9998602867126465,0.9997157454490662,7.090151484590024e-05,0.00014405585534404963,4.628604983736295e-06,2.512751109406963e-07,6.821263127676502e-07,8.875561263721465e-08
11549,Nature & Space,Nature & Space,0.9998397827148438,Nature & Space,0.9997432827949524,7.057913649077818e-07,5.622718504127988e-07,8.862883078109007e-06,2.102411400528581e-07,4.981957681593485e-05,0.00011126955359941348,0.9998397827148438,0.9997432827949524,0.00010081438813358545,0.0001446947135264054
3394,Food & Fruits,Food & Fruits,0.9998748302459717,Food & Fruits,0.999722421169281,6.557545566465706e-05,0.00010306879266863689,0.9998748302459717,0.999722421169281,5.512651114258915e-05,0.00017416670743841678,3.799316800723318e-06,2.434371708659455e-07,7.156481842685025e-07,8.250170679957591e-08
6964,Food & Fruits,Food & Fruits,0.99983811378479,Food & Fruits,0.9997203946113586,6.010764991515316e-05,0.0001159857347374782,0.99983811378479,0.9997203946113586,9.617218893254176e-05,0.00016325969772879034,4.902421551378211e-06,2.947736277292279e-07,7.515233164667734e-07,9.210103968371186e-08
9353,Emotions & Actions,Emotions & Actions,0.9998422861099243,Emotions & Actions,0.9997250437736511,8.46042821649462e-05,0.0001711323857307434,9.596891459295875e-07,9.130111067179314e-08,3.241232491291157e-07,6.83904985976369e-08,7.184423157013953e-05,0.00010370482050348073,0.9998422861099243,0.9997250437736511
3509,Nature & Space,Nature & Space,0.9997735023498535,Nature & Space,0.9997398257255554,1.2852386817030492e-06,6.60137516206305e-07,8.197096576623153e-06,2.758712867034774e-07,0.00014051853213459253,0.0001237730757566169,0.9997735023498535,0.9997398257255554,7.641915726708248e-05,0.00013552364544011652
3488,Nature & Space,Nature & Space,0.9998292922973633,Nature & Space,0.9997418522834778,9.161456091533182e-07,6.250641604310658e-07,6.505536930490052e-06,2.0337169814865774e-07,5.7627872593002394e-05,0.00011437875946285203,0.9998292922973633,0.9997418522834778,0.00010560562805039808,0.00014285050565376878
9097,Food & Fruits,Food & Fruits,0.9998773336410522,Food & Fruits,0.999761164188385,6.730845780111849e-05,0.0001230288908118382,0.9998773336410522,0.999761164188385,5.0985763664357364e-05,0.00011552790238056332,3.654964984889375e-06,1.9453155175597203e-07,5.461851628751901e-07,7.943079793903962e-08
7434,People & Occupations,People & Occupations,0.9998432397842407,People & Occupations,0.9996950030326843,1.2862241419497877e-05,2.556165838996094e-07,8.794684981694445e-05,0.00015805670409463346,0.9998432397842407,0.9996950030326843,5.5618187616346404e-05,0.00014672003453597426,2.5570105322003656e-07,3.690504613018675e-08
10823,Animals & Pets,Animals & Pets,0.9997892379760742,Animals & Pets,0.999670684337616,0.9997892379760742,0.999670684337616,0.00010970999574055895,0.00014915730571374297,1.084475024981657e-05,4.623784946033993e-07,1.010543428492383e-06,3.89994653460235e-07,8.911902841646224e-05,0.00017926447617355734
9247,Emotions & Actions,Emotions & Actions,0.9998459815979004,Emotions & Actions,0.9997550845146179,7.950163126224652e-05,0.00013989501167088747,1.2805759297407349e-06,9.095777642187386e-08,2.9481094543371e-07,7.031957949266143e-08,7.287336484296247e-05,0.00010489248961675912,0.9998459815979004,0.9997550845146179
3121,Emotions & Actions,Emotions & Actions,0.999843955039978,Emotions & Actions,0.9997021555900574,7.81627677497454e-05,0.00018534198170527816,1.301436782341625e-06,9.890624141917215e-08,3.358630351613101e-07,7.140314295384087e-08,7.619886309839785e-05,0.00011225811613257974,0.999843955039978,0.9997021555900574
7457,Emotions & Actions,Emotions & Actions,0.9998301267623901,Emotions & Actions,0.9996830821037292,6.790487532271072e-05,0.00016241768025793135,1.475709495935007e-06,1.0181081933069436e-07,2.9148816338420147e-07,7.174333660486809e-08,0.00010017809108830988,0.0001542645477456972,0.9998301267623901,0.9996830821037292
1781,Emotions & Actions,Emotions & Actions,0.9998277425765991,Emotions & Actions,0.9997159838676453,7.721538713667542e-05,0.00015718860959168524,1.5865643945289776e-06,1.0712427922499046e-07,3.404948643037642e-07,7.045832717267331e-08,9.305218554800376e-05,0.00012659028288908303,0.9998277425765991,0.9997159838676453
1947,Food & Fruits,Food & Fruits,0.999761164188385,Food & Fruits,0.9995579123497009,0.0001147951406892389,0.00025297049432992935,0.999761164188385,0.9995579123497009,0.00011722572526196018,0.00018858768453355879,5.819751095259562e-06,3.5609787119028624e-07,8.992921038952773e-07,1.2377468294744176e-07
11739,Emotions & Actions,Emotions & Actions,0.9997537732124329,Emotions & Actions,0.9996473789215088,9.454751125304028e-05,0.0002142361190635711,1.9695264654728817e-06,1.325824285913768e-07,4.358404339654953e-07,9.204022433095815e-08,0.0001492435549153015,0.0001381825131829828,0.9997537732124329,0.9996473789215088
9865,Nature & Space,Nature & Space,0.9998201131820679,Nature & Space,0.9997009634971619,1.0915305210801307e-06,6.005574277878623e-07,9.630468412069604e-06,2.716878952924162e-07,8.229159720940515e-05,0.000165502933668904,0.9998201131820679,0.9997009634971619,8.694252755958587e-05,0.00013266652240417898
6981,Food & Fruits,Food & Fruits,0.9998852014541626,Food & Fruits,0.9997268319129944,6.209498678799719e-05,0.0001204334112117067,0.9998852014541626,0.9997268319129944,4.852636266150512e-05,0.0001523523242212832,3.5222747101215646e-06,2.1804292771321343e-07,5.599477503892558e-07,8.012497687559517e-08
4086,Animals & Pets,Animals & Pets,0.999825119972229,Animals & Pets,0.9997242093086243,0.999825119972229,0.9997242093086243,6.284936534939334e-05,0.00011847417044918984,7.886072125984356e-06,4.4117021502643183e-07,8.829939019960875e-07,3.803861261530983e-07,0.00010336317791370675,0.00015642530343029648
4313,Emotions & Actions,Emotions & Actions,0.9998443126678467,Emotions & Actions,0.9997513890266418,5.601145312539302e-05,0.00015840682317502797,1.3203393791627605e-06,8.992553546249837e-08,2.0137925105245813e-07,6.343497460647995e-08,9.817592217586935e-05,9.003689046949148e-05,0.9998443126678467,0.9997513890266418
10421,Nature & Space,Nature & Space,0.9998300075531006,Nature & Space,0.9997618794441223,8.930191484068928e-07,5.620126444227935e-07,8.468448868370615e-06,2.070506610607481e-07,6.889558426337317e-05,0.00010889011173276231,0.9998300075531006,0.9997618794441223,9.165369556285441e-05,0.00012850412167608738
11994,Food & Fruits,Food & Fruits,0.9997754096984863,Food & Fruits,0.9996485710144043,9.454359678784385e-05,0.00019149853324051946,0.9997754096984863,0.9996485710144043,0.0001242438011104241,0.00015945812629070133,4.95889617013745e-06,3.8796983403699414e-07,7.762982932035811e-07,1.0107419967653186e-07
9664,Nature & Space,Nature & Space,0.9998213052749634,Nature & Space,0.9996721148490906,6.876297788949159e-07,5.141137080499902e-07,8.001952664926648e-06,2.273043548939313e-07,5.188057548366487e-05,0.0001981951791094616,0.9998213052749634,0.9996721148490906,0.0001181114639621228,0.0001289595675189048
3153,Nature & Space,Nature & Space,0.9998488426208496,Nature & Space,0.99972003698349,7.944083790789591e-07,5.853361244589905e-07,7.492266831832239e-06,2.0355741980893072e-07,6.670370203210041e-05,0.0001610378676559776,0.9998488426208496,0.99972003698349,7.614322385052219e-05,0.00011807235568994656
3491,Emotions & Actions,Emotions & Actions,0.9998487234115601,Emotions & Actions,0.9997701048851013,7.342257595155388e-05,0.00013061413483228534,1.0760107898022397e-06,8.520928673760864e-08,2.928843230165512e-07,5.426396754160123e-08,7.651541091036052e-05,9.91158522083424e-05,0.9998487234115601,0.9997701048851013
730,Nature & Space,Nature & Space,0.9998003244400024,Nature & Space,0.9996702075004578,9.125676001531247e-07,6.374689291988034e-07,9.215726095135324e-06,2.5874692255456466e-07,8.206245547626168e-05,0.0001731526863295585,0.9998003244400024,0.9996702075004578,0.00010734314128058031,0.00015564543718937784
3377,Animals & Pets,Animals & Pets,0.9998182058334351,Animals & Pets,0.9996798634529114,0.9998182058334351,0.9996798634529114,4.509641439653933e-05,0.0001486949622631073,9.121666153077967e-06,3.63425755267599e-07,7.73674514675804e-07,3.3834066925919615e-07,0.00012677816266659647,0.00017070589819923043
6469,Nature & Space,Nature & Space,0.9998464584350586,Nature & Space,0.9997273087501526,8.50934554819105e-07,6.292519287853793e-07,6.638265404035337e-06,1.8352589847836498e-07,6.929452501935884e-05,0.00011398563219700009,0.9998464584350586,0.9997273087501526,7.671704952372238e-05,0.00015785197319928557
927,Food & Fruits,Food & Fruits,0.9998186826705933,Food & Fruits,0.9997020363807678,6.958152516745031e-05,0.00013224575377535075,0.9998186826705933,0.9997020363807678,0.00010565296543063596,0.0001651905768085271,5.407277512858855e-06,3.6095960354032286e-07,7.604527922921989e-07,1.0030179709019649e-07
2630,Emotions & Actions,Emotions & Actions,0.9998197555541992,Emotions & Actions,0.9997057318687439,8.156135299941525e-05,0.00014532402565237135,1.3484718692780007e-06,9.425788505268429e-08,3.04198408684897e-07,7.3061272587438e-08,9.705446427688003e-05,0.00014869071310386062,0.9998197555541992,0.9997057318687439
7371,People & Occupations,People & Occupations,0.9998445510864258,People & Occupations,0.9997367262840271,1.2485493243730161e-05,2.5327176444989163e-07,6.372275674948469e-05,0.00013105619291309267,0.9998445510864258,0.9997367262840271,7.90688645793125e-05,0.00013197443331591785,2.389366500210599e-07,3.87347611763289e-08
7004,People & Occupations,People & Occupations,0.9997768402099609,People & Occupations,0.9996328353881836,1.8429762349114753e-05,3.4495448630877945e-07,9.971885447157547e-05,0.00017330431728623807,0.9997768402099609,0.9996328353881836,0.00010470338020240888,0.0001935003965627402,2.840426134298468e-07,4.3740428168348444e-08
10929,Nature & Space,Nature & Space,0.9997812509536743,Nature & Space,0.9996932148933411,1.3059726597930421e-06,7.926623766252305e-07,9.737043001223356e-06,3.088987625687878e-07,8.60040818224661e-05,0.000147634360473603,0.9997812509536743,0.9996932148933411,0.00012172552669653669,0.0001579895179020241
2081,People & Occupations,People & Occupations,0.9998234510421753,People & Occupations,0.9997338652610779,1.6585085177212022e-05,3.239806005694845e-07,6.178536568768322e-05,0.00014813581947237253,0.9998234510421753,0.9997338652610779,9.787109593162313e-05,0.00011767503747250885,2.7370401767257135e-07,3.754212229978293e-08
6615,Animals & Pets,Animals & Pets,0.9998050928115845,Animals & Pets,0.9996514320373535,0.9998050928115845,0.9996514320373535,5.038100425736047e-05,0.00012557211448438466,1.2897750821139198e-05,4.498838279687334e-07,9.9841088285757e-07,4.62008614476872e-07,0.0001306258054682985,0.00022204096603672951
5939,Nature & Space,Nature & Space,0.9998170137405396,Nature & Space,0.9997021555900574,1.0045871476904722e-06,6.074483849261014e-07,7.982535862538498e-06,2.423067826384795e-07,9.675542241893709e-05,0.00012784238788299263,0.9998170137405396,0.9997021555900574,7.719497079961002e-05,0.00016915604646783322
2243,Animals & Pets,Animals & Pets,0.9997931718826294,Animals & Pets,0.9996934533119202,0.9997931718826294,0.9996934533119202,0.00010785460472106934,0.00013420922914519906,1.3181350368540734e-05,4.582904296057677e-07,1.1995307431789115e-06,4.938529514220136e-07,8.44522874103859e-05,0.00017139253031928092
578,Nature & Space,Nature & Space,0.999833345413208,Nature & Space,0.9997382760047913,7.833476161067665e-07,5.977062755846418e-07,8.830749720800668e-06,2.2834841217900248e-07,6.800969276810065e-05,0.000130774118588306,0.999833345413208,0.9997382760047913,8.899241220206022e-05,0.0001301255979342386
5012,Animals & Pets,Animals & Pets,0.9997294545173645,Animals & Pets,0.9995511174201965,0.9997294545173645,0.9995511174201965,0.00014827650738880038,0.0001990849559661001,1.4235744856705423e-05,4.507593871494464e-07,1.2028403943986632e-06,5.966070375507115e-07,0.00010686884343158454,0.0002487019810359925
5895,Nature & Space,Nature & Space,0.9997923374176025,Nature & Space,0.9997202754020691,7.329054483307118e-07,5.425854396889918e-07,7.346643997152569e-06,2.0354192997729115e-07,5.4853411711519584e-05,0.00013613355986308306,0.9997923374176025,0.9997202754020691,0.0001446504902560264,0.0001427815150236711
10922,People & Occupations,People & Occupations,0.9998191595077515,People & Occupations,0.9997355341911316,1.2581490409502294e-05,2.5954923899007554e-07,8.31823272164911e-05,0.00015829072799533606,0.9998191595077515,0.9997355341911316,8.487400918966159e-05,0.0001059647329384461,2.4253699848486576e-07,3.9806050011748084e-08
3911,People & Occupations,People & Occupations,0.9998480081558228,People & Occupations,0.9997478127479553,1.4494252354779746e-05,2.4421328248536156e-07,4.570374221657403e-05,0.0001467476540710777,0.9998480081558228,0.9997478127479553,9.155610314337537e-05,0.0001052929219440557,2.1919002790582454e-07,3.956718686026761e-08
10816,Animals & Pets,Animals & Pets,0.9998478889465332,Animals & Pets,0.9997134804725647,0.9998478889465332,0.9997134804725647,6.62269740132615e-05,0.0001366448705084622,8.952245480031706e-06,4.350658571183885e-07,7.588753874188114e-07,3.936689267902693e-07,7.616399670951068e-05,0.00014900515088811517
9332,Food & Fruits,Food & Fruits,0.9998366832733154,Food & Fruits,0.9997090697288513,9.15066193556413e-05,0.00013785382907371968,0.9998366832733154,0.9997090697288513,6.652722368016839e-05,0.00015266086847987026,4.505222022999078e-06,2.687769153908448e-07,6.83179223415209e-07,7.574740124027812e-08
5936,Emotions & Actions,Emotions & Actions,0.9998061656951904,Emotions & Actions,0.9996970295906067,8.68936549522914e-05,0.00016933659208007157,1.34463823542319e-06,1.0070750278146079e-07,3.625186195677088e-07,8.00837796077758e-08,0.00010518515773583204,0.00013343224418349564,0.9998061656951904,0.9996970295906067
6447,People & Occupations,People & Occupations,0.9998223781585693,People & Occupations,0.9996972680091858,1.951146259671077e-05,2.9602014706142654e-07,6.982700870139524e-05,0.00016465410590171814,0.9998223781585693,0.9996972680091858,8.792346488917246e-05,0.0001377588778268546,2.937050851414824e-07,3.72381627755658e-08
7862,Nature & Space,Nature & Space,0.9997485280036926,Nature & Space,0.9996971487998962,1.3389420701059862e-06,6.792200792915537e-07,9.235475772584323e-06,3.2645726832924993e-07,0.0001570853783050552,0.00016422360204160213,0.9997485280036926,0.9996971487998962,8.373812306672335e-05,0.00013763649621978402
1152,Emotions & Actions,Emotions & Actions,0.9997879266738892,Emotions & Actions,0.9996623992919922,0.00010509188723517582,0.0001731749507598579,1.611967604731035e-06,1.2746191657697636e-07,4.032225717764959e-07,8.485775282451868e-08,0.00010496108006918803,0.00016421789769083261,0.9997879266738892,0.9996623992919922
6945,Emotions & Actions,Emotions & Actions,0.9998105764389038,Emotions & Actions,0.9996684193611145,9.82797791948542e-05,0.00020079323439858854,1.2045635457980097e-06,9.924323052246109e-08,3.326672413095366e-07,6.920739537008558e-08,8.958132821135223e-05,0.00013061828212812543,0.9998105764389038,0.9996684193611145
5744,Food & Fruits,Food & Fruits,0.9998314380645752,Food & Fruits,0.99972003698349,9.565319487592205e-05,0.0001338176371064037,0.9998314380645752,0.99972003698349,6.812712672399357e-05,0.0001457078760722652,4.048015853186371e-06,2.561369001341518e-07,5.971614882582799e-07,8.317570632243587e-08
479,Animals & Pets,Animals & Pets,0.9997681975364685,Animals & Pets,0.9995787739753723,0.9997681975364685,0.9995787739753723,0.00010279089474352077,0.00020402004884090275,1.3677027709491085e-05,4.997609153178928e-07,1.3651415429194458e-06,5.602931310022541e-07,0.0001140343229053542,0.00021620816551148891
3461,Emotions & Actions,Emotions & Actions,0.9998077154159546,Emotions & Actions,0.9996649026870728,0.00010410184040665627,0.0001649446930969134,1.7390023003827082e-06,1.1961596158016619e-07,3.0330832601066504e-07,8.767496950667919e-08,8.614722173660994e-05,0.00016995401529129595,0.9998077154159546,0.9996649026870728
6491,Nature & Space,Nature & Space,0.9997910261154175,Nature & Space,0.9997422099113464,1.2273652600924834e-06,6.936954832781339e-07,8.22236506792251e-06,2.64937852989533e-07,0.00012320764653850347,0.00012068280193489045,0.9997910261154175,0.9997422099113464,7.626193109899759e-05,0.00013605855929199606
3904,Animals & Pets,Animals & Pets,0.9998360872268677,Animals & Pets,0.9997206330299377,0.9998360872268677,0.9997206330299377,3.735921563929878e-05,0.0001212283386848867,8.199283001886215e-06,4.395454880068428e-07,6.920002988408669e-07,3.3448171166128304e-07,0.00011768426338676363,0.000157264614244923
5401,Food & Fruits,Food & Fruits,0.9998598098754883,Food & Fruits,0.9997255206108093,6.666493572993204e-05,0.00012767125735990703,0.9998598098754883,0.9997255206108093,6.871954974485561e-05,0.00014644410111941397,4.050841653224779e-06,2.510541037281655e-07,6.585265168723708e-07,8.28646804507116e-08
7797,People & Occupations,People & Occupations,0.999887228012085,People & Occupations,0.9997615218162537,9.598444194125477e-06,2.2156497436753853e-07,3.999016189482063e-05,0.00012668648560065776,0.999887228012085,0.9997615218162537,6.302697875071317e-05,0.00011156898835906759,1.5758381266550714e-07,3.568140982679324e-08
8131,Food & Fruits,Food & Fruits,0.9998370409011841,Food & Fruits,0.999705970287323,8.379866631003097e-05,0.0001441827043890953,0.9998370409011841,0.999705970287323,7.326133345486596e-05,0.0001492812589276582,5.178334504307713e-06,3.219658140096726e-07,7.294175929928315e-07,8.560014208569555e-08
11275,Nature & Space,Nature & Space,0.9998375177383423,Nature & Space,0.9997196793556213,6.066928790460224e-07,4.934788648824906e-07,7.108706995495595e-06,1.9702414988387318e-07,5.376554690883495e-05,0.0001302060845773667,0.9998375177383423,0.9997196793556213,0.00010090177966048941,0.00014944154827389866
4184,People & Occupations,People & Occupations,0.9998245239257812,People & Occupations,0.9997186064720154,1.6749201677157544e-05,2.69393297003262e-07,6.989458051975816e-05,0.00016125739784911275,0.9998245239257812,0.9997186064720154,8.85634872247465e-05,0.00011991314386250451,2.2985391012753098e-07,3.9488451619718035e-08
6088,Emotions & Actions,Emotions & Actions,0.9997857809066772,Emotions & Actions,0.9996320009231567,0.00011305710359010845,0.00021549567463807762,1.764022272254806e-06,1.1255965404188828e-07,4.4117760467088374e-07,7.633153131791914e-08,9.893919195747003e-05,0.0001522957463748753,0.9997857809066772,0.9996320009231567
8894,Nature & Space,Nature & Space,0.9997982978820801,Nature & Space,0.9997087121009827,9.011412771542382e-07,5.335506898518361e-07,6.761157237633597e-06,2.067326363430766e-07,6.160212069517002e-05,0.00018261856166645885,0.9997982978820801,0.9997087121009827,0.00013243482680991292,0.00010779387957882136
41,People & Occupations,People & Occupations,0.9998445510864258,People & Occupations,0.9997251629829407,1.1214788173674606e-05,2.6288313392797136e-07,5.4531792557099834e-05,0.00016839956515468657,0.9998445510864258,0.9997251629829407,8.937069651437923e-05,0.00010617019142955542,1.9985010624168353e-07,3.341336096696068e-08
9267,Nature & Space,Nature & Space,0.9998394250869751,Nature & Space,0.9997106194496155,7.480041972485196e-07,6.17360399246536e-07,7.5619627750711516e-06,2.154169607138101e-07,7.500486390199512e-05,0.00013391440734267235,0.9998394250869751,0.9997106194496155,7.72487765061669e-05,0.00015461581642739475
5803,Nature & Space,Nature & Space,0.9997924566268921,Nature & Space,0.9997010827064514,1.310620064032264e-06,6.860583425805089e-07,8.70606345415581e-06,2.546946689108154e-07,0.00011557614925550297,0.0001339325390290469,0.9997924566268921,0.9997010827064514,8.189411892089993e-05,0.00016398994193878025
10153,Animals & Pets,Animals & Pets,0.9998339414596558,Animals & Pets,0.9996861815452576,0.9998339414596558,0.9996861815452576,4.739471114589833e-05,0.00013479548215400428,7.83041468821466e-06,3.459065283095697e-07,7.678304996261431e-07,3.4252605018991744e-07,0.00011006840213667601,0.00017832279263529927
11031,Emotions & Actions,Emotions & Actions,0.9997503161430359,Emotions & Actions,0.999570906162262,0.00013463709910865873,0.0002068194153252989,1.6581078625677037e-06,1.2533438109585404e-07,5.753737468694453e-07,7.231349741232407e-08,0.00011280495527898893,0.0002221145696239546,0.9997503161430359,0.999570906162262
8172,Food & Fruits,Food & Fruits,0.9998226165771484,Food & Fruits,0.99970942735672,6.565719377249479e-05,0.00012994365533813834,0.9998226165771484,0.99970942735672,0.00010568249854259193,0.0001602818665560335,5.226344001130201e-06,2.5733413622219814e-07,6.846090059298149e-07,1.0008639605985081e-07
7064,Food & Fruits,Food & Fruits,0.9998366832733154,Food & Fruits,0.9997020363807678,7.479030318791047e-05,0.00015386972518172115,0.9998366832733154,0.9997020363807678,8.333616278832778e-05,0.00014370263670571148,4.510750841291156e-06,2.476865006428852e-07,6.87359829498746e-07,9.324028127366546e-08
11779,Emotions & Actions,Emotions & Actions,0.9998455047607422,Emotions & Actions,0.9997279047966003,7.489495328627527e-05,0.00016207202861551195,1.3655752582053537e-06,9.564378444792965e-08,2.9399967615972855e-07,5.7193155100776494e-08,7.790228846715763e-05,0.0001098661741707474,0.9998455047607422,0.9997279047966003
6921,Nature & Space,Nature & Space,0.9998166561126709,Nature & Space,0.9997132420539856,1.1015542895620456e-06,7.527692105213646e-07,8.585588147980161e-06,2.48662018975665e-07,0.00010437366290716454,0.00011361990618752316,0.9998166561126709,0.9997132420539856,6.91988825565204e-05,0.00017203197057824582
3964,Animals & Pets,Animals & Pets,0.9997552037239075,Animals & Pets,0.9996027946472168,0.9997552037239075,0.9996027946472168,9.523295011604205e-05,0.00020928177400492132,1.1116400855826214e-05,4.456758233573055e-07,1.0647097496985225e-06,5.581200070992054e-07,0.00013743486488237977,0.00018679579079616815
6178,Emotions & Actions,Emotions & Actions,0.9998406171798706,Emotions & Actions,0.9997355341911316,7.14671696186997e-05,0.00015502260066568851,1.203375859404332e-06,8.938681617109978e-08,2.763546831374697e-07,5.338131003895796e-08,8.646810601931065e-05,0.00010927650873782113,0.9998406171798706,0.9997355341911316
8575,Emotions & Actions,Emotions & Actions,0.9998445510864258,Emotions & Actions,0.999739944934845,5.496336962096393e-05,0.00013284260057844222,9.426040605831076e-07,8.935464990145192e-08,2.546078405885055e-07,6.103670813217832e-08,9.929457155521959e-05,0.0001270074862986803,0.9998445510864258,0.999739944934845
8330,Emotions & Actions,Emotions & Actions,0.9997948408126831,Emotions & Actions,0.9995877146720886,0.0001245161984115839,0.00019596338097471744,1.6136012845890946e-06,1.2600429499798338e-07,3.4885897548520006e-07,8.023631181686142e-08,7.868634565966204e-05,0.00021609652321785688,0.9997948408126831,0.9995877146720886
11836,Animals & Pets,Animals & Pets,0.9998205900192261,Animals & Pets,0.9996780753135681,0.9998205900192261,0.9996780753135681,7.352343527600169e-05,0.00012092020187992603,1.0086404472531285e-05,3.865040980599588e-07,9.235185416400782e-07,4.903158696833998e-07,9.480646986048669e-05,0.00020004287944175303
9391,People & Occupations,People & Occupations,0.9998151063919067,People & Occupations,0.9997206330299377,1.5151744264585432e-05,2.829217748967494e-07,8.280318434117362e-05,0.00014913275663275272,0.9998151063919067,0.9997206330299377,8.670255192555487e-05,0.0001298448769375682,2.434339592127799e-07,3.842582074753409e-08
9320,Nature & Space,Nature & Space,0.9998207092285156,Nature & Space,0.9997442364692688,7.264933401529561e-07,5.491656338563189e-07,8.233925655076746e-06,2.148644853150472e-07,5.19202440045774e-05,0.00011266611545579508,0.9998207092285156,0.9997442364692688,0.00011839457147289068,0.00014232161629479378
9022,Food & Fruits,Food & Fruits,0.9998941421508789,Food & Fruits,0.9997392296791077,5.478988168761134e-05,9.915135888149962e-05,0.9998941421508789,0.9997392296791077,4.6727083827136084e-05,0.00016125518595799804,3.6521726087812567e-06,2.3501755208599207e-07,5.494355832524889e-07,7.255420797491752e-08
11328,Food & Fruits,Food & Fruits,0.9998855590820312,Food & Fruits,0.9997530579566956,5.3463947551790625e-05,0.00011793671001214534,0.9998855590820312,0.9997530579566956,5.6260774726979434e-05,0.00012861946015618742,3.934805590688484e-06,2.1241172021291277e-07,6.566952492903511e-07,8.675245055655978e-08
8552,Nature & Space,Nature & Space,0.999696671962738,Nature & Space,0.9996737837791443,1.5612797596986638e-06,8.554004580219043e-07,9.170455086859874e-06,3.1631714136892697e-07,0.00020479348313529044,0.00014016820932738483,0.999696671962738,0.9996737837791443,8.767881081439555e-05,0.00018484194879420102
10107,Food & Fruits,Food & Fruits,0.9998792409896851,Food & Fruits,0.9997450709342957,6.280560774030164e-05,9.464573668083176e-05,0.9998792409896851,0.9997450709342957,5.396412598202005e-05,0.00015991213149391115,3.3645594612607965e-06,2.1230795255178236e-07,5.827511699862953e-07,6.828980048112498e-08
1124,People & Occupations,People & Occupations,0.999850869178772,People & Occupations,0.999733030796051,1.2219593372719828e-05,2.423641944915289e-07,6.286249117692932e-05,0.00015459761198144406,0.999850869178772,0.999733030796051,7.380534225376323e-05,0.0001121217428590171,2.1988786613746925e-07,3.396079506501337e-08
5370,People & Occupations,People & Occupations,0.9998029470443726,People & Occupations,0.9996710419654846,1.576923023094423e-05,3.0613611556873366e-07,8.451385656371713e-05,0.00016864179633557796,0.9998029470443726,0.9996710419654846,9.651077562011778e-05,0.00015993551642168313,2.4013559141167207e-07,4.022285438054496e-08
11113,People & Occupations,People & Occupations,0.9998577833175659,People & Occupations,0.9997676014900208,1.010360756481532e-05,2.1711639419663697e-07,8.362668449990451e-05,0.0001262208097614348,0.9998577833175659,0.9997676014900208,4.827522934647277e-05,0.00010595116327749565,2.0383258458878117e-07,3.6386079926842285e-08
4098,People & Occupations,People & Occupations,0.99983811378479,People & Occupations,0.9997566342353821,1.21031816888717e-05,2.188992738183515e-07,7.667486352147534e-05,0.0001282572338823229,0.99983811378479,0.9997566342353821,7.282450678758323e-05,0.00011490382166812196,2.1766909696907533e-07,3.6300072281392204e-08
4440,Food & Fruits,Food & Fruits,0.9998664855957031,Food & Fruits,0.9996978640556335,7.234305667225271e-05,0.00015187500684987754,0.9998664855957031,0.9996978640556335,5.63757166673895e-05,0.00014997740800026804,4.0395457290287595e-06,2.526366529309598e-07,6.61386366118677e-07,9.40942186389293e-08
4292,Food & Fruits,Food & Fruits,0.9998399019241333,Food & Fruits,0.999705970287323,7.105500844772905e-05,0.00016853980196174234,0.9998399019241333,0.999705970287323,8.354212332051247e-05,0.0001251211215276271,4.719025127997156e-06,2.7098175792161783e-07,7.261830887728138e-07,1.1088027918049193e-07
4789,Emotions & Actions,Emotions & Actions,0.9996973872184753,Emotions & Actions,0.9995713829994202,0.000178953428985551,0.00022459618048742414,1.8112763200406334e-06,1.2680035865741957e-07,6.175005751174467e-07,1.0064414368571306e-07,0.0001212486531585455,0.00020383417722769082,0.9996973872184753,0.9995713829994202
7229,Emotions & Actions,Emotions & Actions,0.9998105764389038,Emotions & Actions,0.9997034668922424,6.189142004586756e-05,0.00014900410315021873,1.4403615296032513e-06,1.1217225903692452e-07,3.319988479688618e-07,7.49186312987149e-08,0.00012567742669489235,0.0001473120937589556,0.9998105764389038,0.9997034668922424
4309,Food & Fruits,Food & Fruits,0.9998363256454468,Food & Fruits,0.9997041821479797,7.652847125427797e-05,0.00013892042625229806,0.9998363256454468,0.9997041821479797,8.261713810497895e-05,0.00015643886581528932,3.879241376125719e-06,2.561736494044453e-07,5.74154853438813e-07,8.274083285186862e-08
980,Emotions & Actions,Emotions & Actions,0.9998438358306885,Emotions & Actions,0.9997619986534119,7.726450712652877e-05,0.00013926700921729207,9.046196964845876e-07,8.60475850572584e-08,2.9481032015610253e-07,5.83937485032493e-08,7.768499199301004e-05,9.860828140517697e-05,0.9998438358306885,0.9997619986534119
6243,Nature & Space,Nature & Space,0.9998311996459961,Nature & Space,0.9997544884681702,9.051337883647648e-07,6.094537639000919e-07,8.058411367528606e-06,1.909981506287295e-07,8.603191963629797e-05,9.418201807420701e-05,0.9998311996459961,0.9997544884681702,7.381332397926599e-05,0.00015057349810376763
7710,People & Occupations,People & Occupations,0.999836802482605,People & Occupations,0.9997186064720154,1.3156204659026116e-05,2.489599637556239e-07,6.627337279496714e-05,0.0001590555621078238,0.999836802482605,0.9997186064720154,8.350124699063599e-05,0.00012207291729282588,2.591881695934717e-07,3.5832307787586615e-08
361,Animals & Pets,Animals & Pets,0.9998065233230591,Animals & Pets,0.9997225403785706,0.9998065233230591,0.9997225403785706,4.017070386908017e-05,0.00013457868772093207,6.36499680695124e-06,3.7650031003977347e-07,7.171569791353249e-07,3.47229956787487e-07,0.00014618915156461298,0.0001422085042577237
438,Nature & Space,Nature & Space,0.9997979402542114,Nature & Space,0.9997255206108093,9.475884894527553e-07,6.299665074038785e-07,9.368314749735873e-06,2.339720026611758e-07,5.9379493904998526e-05,9.011392830871046e-05,0.9997979402542114,0.9997255206108093,0.0001322936441283673,0.00018347300647292286
1996,Nature & Space,Nature & Space,0.9998366832733154,Nature & Space,0.9997103810310364,7.239686965476722e-07,5.217618195274554e-07,7.374360393441748e-06,2.2037777114292112e-07,5.878442607354373e-05,0.00019157705537509173,0.9998366832733154,0.9997103810310364,9.644032979849726e-05,9.72286652540788e-05
4503,Nature & Space,Nature & Space,0.999756395816803,Nature & Space,0.9996935725212097,1.3855138831786462e-06,7.654447244931362e-07,1.1096649359387811e-05,3.1623534368918627e-07,0.00011586972686927766,0.00011404691031202674,0.999756395816803,0.9996935725212097,0.00011526487651281059,0.00019122756202705204
9243,Emotions & Actions,Emotions & Actions,0.9998306035995483,Emotions & Actions,0.9997438788414001,6.341740663629025e-05,0.00015194401203189045,1.275330191674584e-06,8.769544024289644e-08,2.6905348704531207e-07,6.112910710953656e-08,0.00010442081111250445,0.00010406700312159956,0.9998306035995483,0.9997438788414001
11212,Food & Fruits,Food & Fruits,0.9998780488967896,Food & Fruits,0.9997476935386658,7.08005391061306e-05,0.00010426717199152336,0.9998780488967896,0.9997476935386658,4.6324254071805626e-05,0.00014762226783204824,4.074405751453014e-06,2.1418598805666988e-07,6.985879394960648e-07,7.706732674250816e-08
4332,Animals & Pets,Animals & Pets,0.9997950792312622,Animals & Pets,0.9997140765190125,0.9997950792312622,0.9997140765190125,5.550312562263571e-05,0.0001522771781310439,8.581408110330813e-06,4.3874396737919596e-07,8.485035891681036e-07,3.8147211967043404e-07,0.00013997586211189628,0.00013279382255859673
9421,People & Occupations,People & Occupations,0.9998677968978882,People & Occupations,0.9997454285621643,1.4546593774866778e-05,3.038968543478404e-07,4.676222670241259e-05,0.00013964054232928902,0.9998677968978882,0.9997454285621643,7.066073158057407e-05,0.00011460955283837393,2.0027907510211662e-07,3.434660200696271e-08
3699,Nature & Space,Nature & Space,0.9997997283935547,Nature & Space,0.9997327923774719,7.699431421315239e-07,5.229631483416597e-07,6.454338290495798e-06,1.844273356255144e-07,4.098734279978089e-05,0.0001492068258812651,0.9997997283935547,0.9997327923774719,0.000151902946527116,0.00011732193524949253
8906,People & Occupations,People & Occupations,0.9998753070831299,People & Occupations,0.9997625946998596,1.533653812657576e-05,2.6085908189088514e-07,4.734598405775614e-05,0.00012925098417326808,0.9998753070831299,0.9997625946998596,6.169018161017448e-05,0.00010782148456200957,2.0982980686312658e-07,3.76458118012124e-08
4064,Nature & Space,Nature & Space,0.9997773170471191,Nature & Space,0.9997397065162659,9.908575293593458e-07,6.023536798238638e-07,7.757584171486087e-06,2.5833512040662754e-07,9.138912719208747e-05,0.00014347306569106877,0.9997773170471191,0.9997397065162659,0.00012255999899934977,0.00011601253208937123
10809,Nature & Space,Nature & Space,0.9998272657394409,Nature & Space,0.9997027516365051,6.798846357014554e-07,5.07644642766536e-07,7.861190169933252e-06,2.243898364895358e-07,7.57917296141386e-05,0.00015568718663416803,0.9998272657394409,0.9997027516365051,8.830732986098155e-05,0.00014070532051846385
10337,Food & Fruits,Food & Fruits,0.9998674392700195,Food & Fruits,0.9997281432151794,5.6282890000147745e-05,0.0001392341364407912,0.9998674392700195,0.9997281432151794,7.250316411955282e-05,0.0001322668686043471,3.1999963994167047e-06,2.1783849035728053e-07,6.258345592868864e-07,9.150676305580419e-08
5365,Nature & Space,Nature & Space,0.9998421669006348,Nature & Space,0.9997445940971375,6.509925469799782e-07,5.343453608475102e-07,7.0906889959587716e-06,1.7086998127524566e-07,4.4926437112735584e-05,0.00012175810115877539,0.9998421669006348,0.9997445940971375,0.00010517058399273083,0.00013287033652886748
7145,Nature & Space,Nature & Space,0.999772310256958,Nature & Space,0.999722421169281,9.943720442606718e-07,6.060505484128953e-07,7.536811608588323e-06,2.360227853159813e-07,5.9752663219114766e-05,0.00015942139725666493,0.999772310256958,0.999722421169281,0.000159292874741368,0.00011727530363714322
4616,Animals & Pets,Animals & Pets,0.9998292922973633,Animals & Pets,0.9996892809867859,0.9998292922973633,0.9996892809867859,4.438581527210772e-05,0.0001443543442292139,8.884208909876179e-06,3.5994503377878573e-07,7.91649824805063e-07,3.567504052170989e-07,0.0001165246867458336,0.00016568307182751596
7521,Animals & Pets,Animals & Pets,0.999815821647644,Animals & Pets,0.9996663331985474,0.999815821647644,0.9996663331985474,9.093031258089468e-05,0.00013922859216108918,9.844045962381642e-06,4.102156196950091e-07,7.404964890156407e-07,4.043675971843186e-07,8.26418399810791e-05,0.00019381381571292877
7828,Food & Fruits,Food & Fruits,0.9998372793197632,Food & Fruits,0.9996832013130188,6.760754331480712e-05,0.00017739037866704166,0.9998372793197632,0.9996832013130188,8.911515033105388e-05,0.00013883408973924816,5.2215632422303315e-06,3.11246253659192e-07,7.684015486120188e-07,1.0513344506080102e-07
9728,Nature & Space,Nature & Space,0.9997727870941162,Nature & Space,0.9996827244758606,1.1585416359594092e-06,6.4759041151774e-07,6.9744305619678926e-06,2.4360772954423737e-07,0.00014331206330098212,0.00017675534763839096,0.9997727870941162,0.9996827244758606,7.562458631582558e-05,0.0001395735889673233
2978,Animals & Pets,Animals & Pets,0.9998100996017456,Animals & Pets,0.9997130036354065,0.9998100996017456,0.9997130036354065,5.2548188250511885e-05,0.00011448381701484323,9.264379514206666e-06,4.2606637862263597e-07,7.842533022994758e-07,3.942135151646653e-07,0.00012716038327198476,0.0001716093538561836
11810,People & Occupations,People & Occupations,0.9998595714569092,People & Occupations,0.9997559189796448,1.0356206075812224e-05,2.1735914401688206e-07,6.49785142741166e-05,0.00014960653788875788,0.9998595714569092,0.9997559189796448,6.47970664431341e-05,9.431130456505343e-05,2.3094722223504505e-07,3.5177443180600676e-08
2854,Food & Fruits,Food & Fruits,0.9997610449790955,Food & Fruits,0.9997039437294006,8.155407704180107e-05,0.0001435526501154527,0.9997610449790955,0.9997039437294006,0.00015210174024105072,0.00015190578415058553,4.5718707042397e-06,3.203687981567782e-07,8.604671393186436e-07,9.69325526511966e-08
5726,Nature & Space,Nature & Space,0.9998326301574707,Nature & Space,0.9997064471244812,6.559337748512917e-07,4.785544547303289e-07,7.396129149128683e-06,2.4255660946437274e-07,6.437550473492593e-05,0.00015583288040943444,0.9998326301574707,0.9997064471244812,9.490585216553882e-05,0.00013688925537280738
5919,Nature & Space,Nature & Space,0.9997729063034058,Nature & Space,0.9996904730796814,1.2049903261868167e-06,7.594899784635345e-07,9.003404557006434e-06,2.91981280042819e-07,0.00013321249571163207,0.00015985689242370427,0.9997729063034058,0.9996904730796814,8.371446165256202e-05,0.00014865866978652775
5693,Food & Fruits,Food & Fruits,0.9997782707214355,Food & Fruits,0.9997181296348572,7.976036431500688e-05,0.0001348242221865803,0.9997782707214355,0.9997181296348572,0.00013556817430071533,0.00014661741442978382,5.562923888646765e-06,3.012345359820756e-07,8.317448418893036e-07,1.0925901960945339e-07
2662,Animals & Pets,Animals & Pets,0.999814510345459,Animals & Pets,0.999682605266571,0.999814510345459,0.999682605266571,6.427397602237761e-05,0.00010781491437228397,8.603085007052869e-06,3.672369075502502e-07,7.751472139716498e-07,3.446915002314199e-07,0.00011174123937962577,0.00020879607473034412
2427,People & Occupations,People & Occupations,0.9997906684875488,People & Occupations,0.9997074007987976,1.199648431793321e-05,2.7154612780577736e-07,0.00011251006799284369,0.00014588498743250966,0.9997906684875488,0.9997074007987976,8.446568972431123e-05,0.00014648180513177067,2.1880238421090326e-07,4.028673927791715e-08
6059,People & Occupations,People & Occupations,0.9998601675033569,People & Occupations,0.9997562766075134,1.1266408364463132e-05,2.3485151245949965e-07,6.708237924613059e-05,0.00014274826389737427,0.9998601675033569,0.9997562766075134,6.123942148406059e-05,0.00010075655882246792,1.9665648665068147e-07,3.304565510120483e-08
4617,Food & Fruits,Food & Fruits,0.9998835325241089,Food & Fruits,0.999725878238678,5.698386303265579e-05,0.00012675703328568488,0.9998835325241089,0.999725878238678,5.5534826969960704e-05,0.00014699473103974015,3.289390178906615e-06,2.189362078297563e-07,5.596472760771576e-07,8.395463879651288e-08
1821,Food & Fruits,Food & Fruits,0.9998809099197388,Food & Fruits,0.9997287392616272,4.779719893122092e-05,0.0001251230132766068,0.9998809099197388,0.9997287392616272,6.613177538383752e-05,0.00014576822286471725,4.36334039477515e-06,2.450746308113594e-07,6.586528229490796e-07,9.162575054233457e-08
8433,Nature & Space,Nature & Space,0.9998149871826172,Nature & Space,0.9997523427009583,7.695577437516476e-07,5.273254828352947e-07,6.95048265697551e-06,1.976350745280797e-07,5.196462734602392e-05,0.00013788136129733175,0.9998149871826172,0.9997523427009583,0.00012526658247224987,0.00010906471288762987
3221,Animals & Pets,Animals & Pets,0.9997758865356445,Animals & Pets,0.9996795058250427,0.9997758865356445,0.9996795058250427,7.767201168462634e-05,0.0001525207335362211,1.029259328788612e-05,5.308867230269243e-07,8.943753755374928e-07,4.5304724949346564e-07,0.0001351744867861271,0.0001670064084464684
5053,Animals & Pets,Animals & Pets,0.999835729598999,Animals & Pets,0.9997064471244812,0.999835729598999,0.9997064471244812,4.116855780011974e-05,0.0001161049585789442,6.709477474942105e-06,3.9712659827273455e-07,7.057049629111134e-07,3.78480734752884e-07,0.00011576018732739612,0.00017670205852482468
4339,Animals & Pets,Animals & Pets,0.9998292922973633,Animals & Pets,0.9997442364692688,0.9998292922973633,0.9997442364692688,4.200557305011898e-05,0.00010054523590952158,8.1442312875879e-06,3.9701058085483965e-07,8.600189289609261e-07,3.9122360817600565e-07,0.00011976869427599013,0.0001545066334074363
4853,Nature & Space,Nature & Space,0.9998128414154053,Nature & Space,0.9997469782829285,1.0711601134971716e-06,6.359045414683351e-07,9.101275281864218e-06,2.4300589984704857e-07,9.036975825438276e-05,0.00010361822205595672,0.9998128414154053,0.9997469782829285,8.647056529298425e-05,0.0001484542735852301
7679,Nature & Space,Nature & Space,0.9997169375419617,Nature & Space,0.9996347427368164,1.16087232981954e-06,7.315017001019442e-07,1.14362428575987e-05,3.6527836755340104e-07,0.00012916229024995118,0.0001629971229704097,0.9997169375419617,0.9996347427368164,0.00014121209096629173,0.00020114793733227998
5974,Emotions & Actions,Emotions & Actions,0.9998030662536621,Emotions & Actions,0.9996333122253418,9.320494427811354e-05,0.00023222426534630358,1.665741592660197e-06,1.1070783045852295e-07,3.157895491767704e-07,7.79713218435063e-08,0.00010176708019571379,0.00013421358016785234,0.9998030662536621,0.9996333122253418
2768,Nature & Space,Nature & Space,0.9998223781585693,Nature & Space,0.9997096657752991,1.155224026661017e-06,6.55860560527799e-07,7.072071184666129e-06,2.2176614322688692e-07,7.75472799432464e-05,0.00013483580551110208,0.9998223781585693,0.9997096657752991,9.179751214105636e-05,0.0001545114500913769
2893,People & Occupations,People & Occupations,0.9998661279678345,People & Occupations,0.999755322933197,1.1818317034339998e-05,2.443413791297644e-07,5.908324965275824e-05,0.00012572479317896068,0.9998661279678345,0.999755322933197,6.272792961681262e-05,0.00011868650472024456,2.1500464697510324e-07,3.5258832298268317e-08
3979,Emotions & Actions,Emotions & Actions,0.9997178912162781,Emotions & Actions,0.9995886087417603,0.00010992743773385882,0.00017218795255757868,1.8032318394034519e-06,1.3967994050290145e-07,5.528094106921344e-07,9.599870054444182e-08,0.00016981316730380058,0.0002388583088759333,0.9997178912162781,0.9995886087417603
7149,People & Occupations,People & Occupations,0.9998363256454468,People & Occupations,0.9996192455291748,1.8407514289719984e-05,3.3034402235898597e-07,8.537506073480472e-05,0.0001319294678978622,0.9998363256454468,0.9996192455291748,5.943605356151238e-05,0.00024842191487550735,3.5089149719169654e-07,4.836131495267182e-08
5845,Nature & Space,Nature & Space,0.9998037815093994,Nature & Space,0.9997420907020569,7.576429652544903e-07,4.896346581517719e-07,6.649139322689734e-06,1.991781459764752e-07,4.800666283699684e-05,0.00015882420120760798,0.9998037815093994,0.9997420907020569,0.00014077282685320824,9.839636186370626e-05
6057,Animals & Pets,Animals & Pets,0.9998250007629395,Animals & Pets,0.9997091889381409,0.9998250007629395,0.9997091889381409,8.00598572823219e-05,0.00014902569819241762,1.1394334251235705e-05,4.3141733385709813e-07,9.328044257017609e-07,4.1266241623816313e-07,8.251478720922023e-05,0.0001409753895131871
1423,Food & Fruits,Food & Fruits,0.9998629093170166,Food & Fruits,0.9997619986534119,6.002910959068686e-05,0.00011603823804762214,0.9998629093170166,0.9997619986534119,7.224359433166683e-05,0.00012153584248153493,3.900110641552601e-06,2.2209164285413863e-07,7.922852205410891e-07,9.200059025715746e-08
4847,Animals & Pets,Animals & Pets,0.9998373985290527,Animals & Pets,0.9996883273124695,0.9998373985290527,0.9996883273124695,6.234818283701316e-05,0.0001615378714632243,8.390421498916112e-06,3.867930900014471e-07,8.386417675865232e-07,4.031350897548691e-07,9.109718666877598e-05,0.00014929057215340436
2979,Food & Fruits,Food & Fruits,0.9998725652694702,Food & Fruits,0.9997463822364807,6.310514436336234e-05,0.00012788876483682543,0.9998725652694702,0.9997463822364807,5.916155350860208e-05,0.0001253797672688961,4.607161372405244e-06,2.5737142550497083e-07,5.826116762364109e-07,8.07762390309108e-08
6977,Nature & Space,Nature & Space,0.9998362064361572,Nature & Space,0.9996759295463562,8.841556677907647e-07,6.561131158377975e-07,7.4431895882298704e-06,2.4380244667554507e-07,6.823382864240557e-05,0.00014305743388831615,0.9998362064361572,0.9996759295463562,8.729736873647198e-05,0.00018004841695073992
3747,Nature & Space,Nature & Space,0.9998478889465332,Nature & Space,0.9997151494026184,7.434227313751762e-07,5.410257699622889e-07,9.145568583335262e-06,2.079365799545485e-07,5.270425754133612e-05,0.00013150308222975582,0.9998478889465332,0.9997151494026184,8.955204248195514e-05,0.00015256108599714935
10100,People & Occupations,People & Occupations,0.9998607635498047,People & Occupations,0.9997397065162659,1.1592685950745363e-05,2.3311915242629766e-07,5.4817370255477726e-05,0.0001451205462217331,0.9998607635498047,0.9997397065162659,7.259166159201413e-05,0.00011486133735161275,2.1431115726500138e-07,3.5799789799284554e-08
8859,Emotions & Actions,Emotions & Actions,0.9997992515563965,Emotions & Actions,0.9995793700218201,0.00010346593626309186,0.00023963136482052505,1.5987124015737209e-06,1.2138328031596757e-07,3.8354750131475157e-07,8.809792717556775e-08,9.52029149630107e-05,0.00018082874885294586,0.9997992515563965,0.9995793700218201
8148,Emotions & Actions,Emotions & Actions,0.9998259544372559,Emotions & Actions,0.9997257590293884,8.433021866949275e-05,0.00014999188715592027,1.074172587323119e-06,1.0497541325094062e-07,3.311340606160229e-07,6.693485232744933e-08,8.82397944224067e-05,0.00012406926543917507,0.9998259544372559,0.9997257590293884
10738,People & Occupations,People & Occupations,0.9997975826263428,People & Occupations,0.9996849894523621,1.5102243196452036e-05,3.3072569749492686e-07,0.00011896462820004672,0.00014877541980240494,0.9997975826263428,0.9996849894523621,6.790189218008891e-05,0.000165835241205059,3.0427406727540074e-07,4.16348662213295e-08
5478,Emotions & Actions,Emotions & Actions,0.9998369216918945,Emotions & Actions,0.9997387528419495,7.287471817107871e-05,0.00015679483476560563,9.823991149460198e-07,8.837015030849216e-08,2.912561569701211e-07,5.54335812807949e-08,8.887255535228178e-05,0.0001042446747305803,0.9998369216918945,0.9997387528419495
4352,Food & Fruits,Food & Fruits,0.9998623132705688,Food & Fruits,0.9997304081916809,8.135801908792928e-05,0.00011655250273179263,0.9998623132705688,0.9997304081916809,5.155151666258462e-05,0.00015269499272108078,3.890063908329466e-06,2.607206113225402e-07,7.219498456834117e-07,7.560885961765962e-08
1741,Nature & Space,Nature & Space,0.9997535347938538,Nature & Space,0.9996709227561951,1.6311305444105528e-06,8.788766763245803e-07,7.77748937252909e-06,2.8494770276665804e-07,0.00013627462612930685,0.0001135921265813522,0.9997535347938538,0.9996709227561951,0.00010085818939842284,0.0002142840821761638
156,Emotions & Actions,Emotions & Actions,0.9997860193252563,Emotions & Actions,0.9996902346611023,0.00011185320181539282,0.00016945935203693807,1.4777131127630128e-06,1.131818265776019e-07,4.3113624315083143e-07,7.39271328598079e-08,0.00010019994806498289,0.0001400418404955417,0.9997860193252563,0.9996902346611023
10960,Nature & Space,Nature & Space,0.9997350573539734,Nature & Space,0.9997105002403259,7.044573067105375e-07,5.033340357840643e-07,6.760968517482979e-06,2.0027431446578703e-07,3.8809819670859724e-05,0.00019434101704973727,0.9997350573539734,0.9997105002403259,0.00021870648197364062,9.437675907975063e-05
4965,People & Occupations,People & Occupations,0.9998005628585815,People & Occupations,0.9996899962425232,1.657852226344403e-05,2.815511663811776e-07,7.957880006870255e-05,0.00016888834943529218,0.9998005628585815,0.9996899962425232,0.00010299254063284025,0.00014071531768422574,2.6154205556849774e-07,3.8690419756903793e-08
5150,Animals & Pets,Animals & Pets,0.9998247623443604,Animals & Pets,0.9996865391731262,0.9998247623443604,0.9996865391731262,6.979514728300273e-05,0.00016966911789495498,1.1280995749984868e-05,3.8171927485564083e-07,1.0162718808714999e-06,5.036604306951631e-07,9.294928167946637e-05,0.00014284491771832108
760,Food & Fruits,Food & Fruits,0.9998891353607178,Food & Fruits,0.9997608065605164,4.7675952373538166e-05,9.847001638263464e-05,0.9998891353607178,0.9997608065605164,5.818456702399999e-05,0.00014043062401469797,4.353168606030522e-06,2.2429311741234415e-07,5.751716685153951e-07,8.487905489573677e-08
6481,Food & Fruits,Food & Fruits,0.9998782873153687,Food & Fruits,0.9997466206550598,6.386368477251381e-05,0.00010392199328634888,0.9998782873153687,0.9997466206550598,5.349691491574049e-05,0.00014908018056303263,3.770503781197476e-06,2.0952646195837588e-07,5.351496952243906e-07,7.262354984050035e-08
10536,Nature & Space,Nature & Space,0.9998085498809814,Nature & Space,0.9997314810752869,7.448369387930143e-07,5.129491569277889e-07,6.653395303146681e-06,1.7169622879009694e-07,5.3533549362327904e-05,0.00011562433064682409,0.9998085498809814,0.9997314810752869,0.0001305044861510396,0.00015218269254546613
3105,Animals & Pets,Animals & Pets,0.9998408555984497,Animals & Pets,0.9996843934059143,0.9998408555984497,0.9996843934059143,5.745272210333496e-05,0.0001402523193974048,1.064920343196718e-05,3.8922303247090895e-07,8.07323090157297e-07,4.19280894448093e-07,9.022442100103945e-05,0.00017446729179937392
3924,Nature & Space,Nature & Space,0.9997762441635132,Nature & Space,0.9997166991233826,1.4841104984952835e-06,7.675537858631287e-07,9.73138685367303e-06,2.583146283541282e-07,0.00014045878197066486,0.00013447423407342285,0.9997762441635132,0.9997166991233826,7.199119863798842e-05,0.0001477412151871249
8265,Food & Fruits,Food & Fruits,0.9997749328613281,Food & Fruits,0.9996839165687561,0.00010944873793050647,0.00018462870502844453,0.9997749328613281,0.9996839165687561,0.00010839544120244682,0.00013097206829115748,6.43673365630093e-06,3.571277034097875e-07,8.449891311101965e-07,1.2628193246655428e-07
1399,Animals & Pets,Animals & Pets,0.9997880458831787,Animals & Pets,0.9996442794799805,0.9997880458831787,0.9996442794799805,9.285975102102384e-05,0.00019364419858902693,1.3570228475145996e-05,5.423642051027855e-07,1.03472166301799e-06,5.398387088462187e-07,0.00010436530283186585,0.00016087538097053766
4565,Emotions & Actions,Emotions & Actions,0.9998230934143066,Emotions & Actions,0.999724805355072,9.100054739974439e-05,0.00016246273298747838,1.3817834769724868e-06,9.303650472247682e-08,3.1088603691387107e-07,6.994677903549018e-08,8.41989167383872e-05,0.00011259003076702356,0.9998230934143066,0.999724805355072
3074,People & Occupations,People & Occupations,0.9998292922973633,People & Occupations,0.9996851086616516,1.953951141331345e-05,2.9957845981698483e-07,4.707565312855877e-05,0.00017999959527514875,0.9998292922973633,0.9996851086616516,0.00010381835454609245,0.00013459508772939444,2.6699623845161113e-07,3.902597711658018e-08
7548,Emotions & Actions,Emotions & Actions,0.9998353719711304,Emotions & Actions,0.9997338652610779,5.9437188610900193e-05,0.00015913796960376203,1.4530780845234403e-06,1.0000201200455194e-07,2.447980307351827e-07,5.905856070853588e-08,0.0001034484594129026,0.00010687043686630204,0.9998353719711304,0.9997338652610779
1671,Emotions & Actions,Emotions & Actions,0.9997547268867493,Emotions & Actions,0.999574601650238,0.0001127206051023677,0.00022498062753584236,1.8794642073771683e-06,1.2606490429334372e-07,4.4910163410349924e-07,8.562187758798245e-08,0.00013024343934375793,0.0002001587999984622,0.9997547268867493,0.999574601650238
6072,Emotions & Actions,Emotions & Actions,0.9998196363449097,Emotions & Actions,0.9997134804725647,0.00010521626973059028,0.00018860571435652673,1.217327394442691e-06,9.135177947428019e-08,3.2588479825790273e-07,6.778660122108704e-08,7.362195174209774e-05,9.774533100426197e-05,0.9998196363449097,0.9997134804725647
1036,Food & Fruits,Food & Fruits,0.9998736381530762,Food & Fruits,0.9997318387031555,5.950701597612351e-05,0.00013909052358940244,0.9998736381530762,0.9997318387031555,6.258361099753529e-05,0.00012871243234258145,3.5687694435182493e-06,2.1749990253283613e-07,6.635897307205596e-07,8.790857464191504e-08
7282,Food & Fruits,Food & Fruits,0.9998692274093628,Food & Fruits,0.999765932559967,7.188598101492971e-05,0.00012590068217832595,0.9998692274093628,0.999765932559967,5.4673579143127427e-05,0.00010788418148877099,3.62656828656327e-06,2.116359638648646e-07,6.140336381577072e-07,7.691689773992039e-08
3827,Emotions & Actions,Emotions & Actions,0.9998164176940918,Emotions & Actions,0.9996898770332336,0.00010230148473056033,0.00017771092825569212,1.5308607999031665e-06,1.0249129900330445e-07,3.745733465621015e-07,6.51849703103835e-08,7.939638453535736e-05,0.00013220531400293112,0.9998164176940918,0.9996898770332336
2143,Emotions & Actions,Emotions & Actions,0.9997583031654358,Emotions & Actions,0.9996455907821655,0.00013576664787251502,0.00016940945351962,1.7855057876658975e-06,1.3101131912662822e-07,4.907042239210568e-07,8.519396033079829e-08,0.00010364824993303046,0.00018481435836292803,0.9997583031654358,0.9996455907821655
4077,People & Occupations,People & Occupations,0.9998706579208374,People & Occupations,0.9997660517692566,1.0944705536530819e-05,2.2701199497987545e-07,5.165070979273878e-05,0.00012274998880457133,0.9998706579208374,0.9997660517692566,6.664703687420115e-05,0.00011101685231551528,1.751242137970621e-07,3.4635256440651574e-08
4354,Food & Fruits,Food & Fruits,0.9998518228530884,Food & Fruits,0.9996957182884216,8.240289753302932e-05,0.00014852453023195267,0.9998518228530884,0.9996957182884216,6.0771035350626335e-05,0.00015545434143859893,4.462230663193623e-06,2.617796326376265e-07,6.142806796560762e-07,8.323603850612926e-08
8930,Food & Fruits,Food & Fruits,0.9998095035552979,Food & Fruits,0.9997078776359558,8.879794768290594e-05,0.00011743073264369741,0.9998095035552979,0.9997078776359558,9.629884152673185e-05,0.0001743042521411553,4.6957893573562615e-06,2.9089127906445356e-07,6.790043016735581e-07,8.361481462770826e-08
8434,Emotions & Actions,Emotions & Actions,0.9998197555541992,Emotions & Actions,0.9997020363807678,8.819558570394292e-05,0.00017292650591116399,1.5897215916993446e-06,1.0427011432057043e-07,3.4633666246008943e-07,6.41485939922859e-08,9.012483496917412e-05,0.00012480185250751674,0.9998197555541992,0.9997020363807678
8263,Animals & Pets,Animals & Pets,0.9998470544815063,Animals & Pets,0.9997202754020691,0.9998470544815063,0.9997202754020691,5.8787445595953614e-05,0.00011009020818164572,9.068178769666702e-06,3.2313965903085773e-07,8.385922001252766e-07,4.150370500610734e-07,8.427033753832802e-05,0.00016887606761883944
7432,Nature & Space,Nature & Space,0.999779224395752,Nature & Space,0.9997158646583557,1.1311113894407754e-06,6.98595215453679e-07,1.0177507647313178e-05,2.964663678994839e-07,0.00010700613347580656,0.000157528804265894,0.999779224395752,0.9997158646583557,0.00010233720240648836,0.0001255950628546998
10445,Food & Fruits,Food & Fruits,0.9998599290847778,Food & Fruits,0.9997099041938782,7.576378993690014e-05,0.0001762830652296543,0.9998599290847778,0.9997099041938782,5.89921219216194e-05,0.00011340399942127988,4.672060185839655e-06,2.7528588475433935e-07,6.279846047618776e-07,8.512537874594273e-08
2016,Food & Fruits,Food & Fruits,0.9998888969421387,Food & Fruits,0.9997590184211731,6.101917824707925e-05,0.00012145390792284161,0.9998888969421387,0.9997590184211731,4.5327749830903485e-05,0.00011919625103473663,4.192317192064365e-06,2.1090050950078876e-07,5.651914989357465e-07,7.897878617768583e-08
2945,Food & Fruits,Food & Fruits,0.9998170137405396,Food & Fruits,0.9997097849845886,6.6365537350066e-05,0.00018368038581684232,0.9998170137405396,0.9997097849845886,0.00011026751599274576,0.00010614618804538622,5.530047474167077e-06,2.8382942218740936e-07,8.458833917757147e-07,1.209795783552181e-07
1799,People & Occupations,People & Occupations,0.9998829364776611,People & Occupations,0.9997869729995728,9.671138286648784e-06,2.2204361016520124e-07,4.497465124586597e-05,0.0001179708560812287,0.9998829364776611,0.9997869729995728,6.217099871719256e-05,9.479107393417507e-05,1.9132406237076793e-07,3.448516139314961e-08
7264,Nature & Space,Nature & Space,0.9998018741607666,Nature & Space,0.999717652797699,8.108926863314991e-07,5.545782073568262e-07,7.335547707043588e-06,2.298216799090369e-07,7.714796083746478e-05,0.00015850180352572352,0.9998018741607666,0.999717652797699,0.00011269324750173837,0.00012300489470362663
2889,People & Occupations,People & Occupations,0.9998664855957031,People & Occupations,0.9997201561927795,1.5320949387387373e-05,2.3497072731970547e-07,5.9015132137574255e-05,0.0001406961091561243,0.9998664855957031,0.9997201561927795,5.887302540941164e-05,0.0001388819800922647,1.970481946500513e-07,3.197779818719937e-08
10481,Nature & Space,Nature & Space,0.9998388290405273,Nature & Space,0.9996938109397888,7.163558279899007e-07,5.319321871866123e-07,6.941757874301402e-06,2.0631280506222538e-07,4.894934318144806e-05,0.00017156808462459594,0.9998388290405273,0.9996938109397888,0.00010458302858751267,0.00013384576595854014
11298,Emotions & Actions,Emotions & Actions,0.999841570854187,Emotions & Actions,0.9997344613075256,8.41778310132213e-05,0.00015877967234700918,1.0521856665945961e-06,9.74441718426533e-08,3.0650207349935954e-07,6.666684271294798e-08,7.28237209841609e-05,0.00010652615310391411,0.999841570854187,0.9997344613075256
7851,Food & Fruits,Food & Fruits,0.9997568726539612,Food & Fruits,0.9997075200080872,8.735256415093318e-05,0.00014859855582471937,0.9997568726539612,0.9997075200080872,0.00014935308718122542,0.00014336573076434433,5.549536581384018e-06,3.037784210846439e-07,8.419316941399302e-07,1.1342149974780114e-07
4758,Emotions & Actions,Emotions & Actions,0.9998016357421875,Emotions & Actions,0.9996602535247803,9.485196642344818e-05,0.00015575763245578855,1.7807535641622962e-06,1.159779117188009e-07,3.0954655017012556e-07,7.717238048599029e-08,0.00010141562961507589,0.00018379096582066268,0.9998016357421875,0.9996602535247803
9685,Food & Fruits,Food & Fruits,0.9997859001159668,Food & Fruits,0.9996938109397888,9.891647641779855e-05,0.0001729796640574932,0.9997859001159668,0.9996938109397888,0.00010888088581850752,0.00013266544556245208,5.538763616641518e-06,3.0404120821003744e-07,6.9988652739994e-07,9.6429062068637e-08
2341,People & Occupations,People & Occupations,0.9998539686203003,People & Occupations,0.9997463822364807,1.6370368030038662e-05,2.6693032850744203e-07,5.926023004576564e-05,0.00014811068831477314,0.9998539686203003,0.9997463822364807,7.010639819782227e-05,0.00010528002167120576,2.0508947784492193e-07,3.4894767964033235e-08
2718,Nature & Space,Nature & Space,0.9998236894607544,Nature & Space,0.9996964335441589,1.043812630996399e-06,6.603689257644874e-07,8.410718692175578e-06,2.4104514295686386e-07,6.774919893359765e-05,0.00012790225446224213,0.9998236894607544,0.9996964335441589,9.907779167406261e-05,0.00017465183918830007
3130,Food & Fruits,Food & Fruits,0.9997566342353821,Food & Fruits,0.9996565580368042,0.00011606993211898953,0.00016806120402179658,0.9997566342353821,0.9996565580368042,0.00012077987776137888,0.0001749110670061782,5.799269729322987e-06,3.7646216810571786e-07,7.728879154456081e-07,8.475437596189295e-08
426,Animals & Pets,Animals & Pets,0.9998416900634766,Animals & Pets,0.9997105002403259,0.9998416900634766,0.9997105002403259,4.1733172110980377e-05,0.00011376195470802486,8.54690824780846e-06,3.7300449662325263e-07,7.130276458156004e-07,3.5617733828985365e-07,0.00010729854693636298,0.0001749820658005774
583,Nature & Space,Nature & Space,0.9998115301132202,Nature & Space,0.9997537732124329,7.385594358311209e-07,5.16251702720183e-07,6.396775461325888e-06,1.8603840601372212e-07,5.4463729611597955e-05,0.00012693308235611767,0.9998115301132202,0.9997537732124329,0.00012680706277024,0.00011855531920446083
11175,Animals & Pets,Animals & Pets,0.9998071193695068,Animals & Pets,0.9997110962867737,0.9998071193695068,0.9997110962867737,5.542863073060289e-05,0.00012691518350038677,9.54504321271088e-06,4.665872666009818e-07,7.874135121710424e-07,4.1964528918470023e-07,0.00012710277223959565,0.0001609911269042641
3371,Food & Fruits,Food & Fruits,0.9998635053634644,Food & Fruits,0.9997153878211975,6.502371252281591e-05,0.00014036988432053477,0.9998635053634644,0.9997153878211975,6.601952918572351e-05,0.00014380573702510446,4.636951871361816e-06,2.699690639929031e-07,6.821018700975401e-07,7.872943541542554e-08
9931,Emotions & Actions,Emotions & Actions,0.9998475313186646,Emotions & Actions,0.9997543692588806,6.895115075167269e-05,0.00012664234964177012,9.97014581116673e-07,9.176083892725728e-08,2.8351951186778024e-07,5.81563313062361e-08,8.22006695671007e-05,0.00011885267304023728,0.9998475313186646,0.9997543692588806
3293,People & Occupations,People & Occupations,0.9997780323028564,People & Occupations,0.9996199607849121,2.548681186453905e-05,3.404082349334203e-07,9.285412670578808e-05,0.0002130174689227715,0.9997780323028564,0.9996199607849121,0.00010315968393115327,0.00016668204625602812,4.045396906349197e-07,4.622150839850292e-08
8019,Emotions & Actions,Emotions & Actions,0.9998553991317749,Emotions & Actions,0.9997579455375671,6.068640868761577e-05,0.00013253484212327749,1.2865530152339488e-06,1.0677729278540937e-07,2.4598827508270915e-07,5.642092659741138e-08,8.240593888331205e-05,0.00010931857104878873,0.9998553991317749,0.9997579455375671
2595,People & Occupations,People & Occupations,0.9998703002929688,People & Occupations,0.9997864961624146,1.0141655366169289e-05,1.9857625943586754e-07,5.3081235819263384e-05,0.0001240595302078873,0.9998703002929688,0.9997864961624146,6.639154889853671e-05,8.911716577131301e-05,1.7287108278196683e-07,3.535434700552287e-08
9798,Emotions & Actions,Emotions & Actions,0.9998139142990112,Emotions & Actions,0.9996650218963623,0.00010326212213840336,0.00016266663442365825,1.597147843312996e-06,1.1899724228214836e-07,3.6388476587490004e-07,8.870271273053731e-08,8.086675370577723e-05,0.0001721305015962571,0.9998139142990112,0.9996650218963623
5250,Animals & Pets,Animals & Pets,0.9998493194580078,Animals & Pets,0.9997127652168274,0.9998493194580078,0.9997127652168274,4.4801821786677465e-05,0.00013481461792252958,7.4551294346747454e-06,4.119290508697304e-07,7.838772830837115e-07,3.4575214158394374e-07,9.744102862896398e-05,0.00015166652156040072
2705,Emotions & Actions,Emotions & Actions,0.9997913837432861,Emotions & Actions,0.9996733069419861,9.589834371581674e-05,0.0001915186148835346,1.6896959778023302e-06,1.2796705561868293e-07,3.666220891318517e-07,9.1352113429366e-08,0.00011057913798140362,0.00013493561709765345,0.9997913837432861,0.9996733069419861
5657,Food & Fruits,Food & Fruits,0.9998525381088257,Food & Fruits,0.9997287392616272,6.793023931095377e-05,0.00011899286619154736,0.9998525381088257,0.9997287392616272,7.522655505454168e-05,0.0001518994104117155,3.644443040684564e-06,2.5226211164408596e-07,6.4471828409296e-07,7.95443568790688e-08
9031,Food & Fruits,Food & Fruits,0.9998542070388794,Food & Fruits,0.9997460246086121,9.752638288773596e-05,0.00011058519157813862,0.9998542070388794,0.9997460246086121,4.3782736611319706e-05,0.00014295754954218864,3.936634129786398e-06,2.3809357685422583e-07,6.15261285474844e-07,6.406301622519095e-08
10028,Nature & Space,Nature & Space,0.9998446702957153,Nature & Space,0.9997738599777222,9.344218483420264e-07,6.065073421268607e-07,9.336250514024869e-06,1.8101395937719644e-07,6.124857463873923e-05,9.382130519952625e-05,0.9998446702957153,0.9997738599777222,8.38143314467743e-05,0.00013145852426532656
6943,Food & Fruits,Food & Fruits,0.999882698059082,Food & Fruits,0.9997550845146179,5.57459716219455e-05,0.00010053950973087922,0.999882698059082,0.9997550845146179,5.687881275662221e-05,0.00014397404447663575,4.094220003025839e-06,2.2266844723617396e-07,5.535114837584842e-07,7.257570189267426e-08
5662,Animals & Pets,Animals & Pets,0.9998576641082764,Animals & Pets,0.9997395873069763,0.9998576641082764,0.9997395873069763,5.020920070819557e-05,0.00013501457578968257,8.107536814350169e-06,4.1306205389446404e-07,7.797798957653868e-07,3.5882729321201623e-07,8.322021312778816e-05,0.00012467436317820102
7220,Animals & Pets,Animals & Pets,0.9997667670249939,Animals & Pets,0.9996607303619385,0.9997667670249939,0.9996607303619385,9.305555431637913e-05,0.00017136012320406735,1.5189220903266687e-05,5.544429768633563e-07,1.038813707054942e-06,4.948767582391156e-07,0.00012394167424645275,0.0001668910263106227
11087,Nature & Space,Nature & Space,0.9997776746749878,Nature & Space,0.9997114539146423,7.1157313641379e-07,4.483277677991282e-07,8.267688826890662e-06,2.0986345816709218e-07,3.8625923480140045e-05,0.00013145181583240628,0.9997776746749878,0.9997114539146423,0.0001747201895341277,0.00015635782619938254
5960,People & Occupations,People & Occupations,0.9998124837875366,People & Occupations,0.99973064661026,1.2302177310630213e-05,2.835850807514362e-07,9.986849909182638e-05,0.00013967882841825485,0.9998124837875366,0.99973064661026,7.513298623962328e-05,0.00012940978922415525,2.3182249719866377e-07,4.154006916223807e-08
4576,Emotions & Actions,Emotions & Actions,0.9998301267623901,Emotions & Actions,0.9997209906578064,8.786052057985216e-05,0.00016295678506139666,1.0953517630696297e-06,8.987392874360012e-08,3.019188739017409e-07,6.598030921622922e-08,8.063181303441525e-05,0.00011587015615077689,0.9998301267623901,0.9997209906578064
7350,Nature & Space,Nature & Space,0.999762237071991,Nature & Space,0.9997125267982483,9.851382856140845e-07,6.302479960140772e-07,7.969761099957395e-06,2.2594630877392774e-07,8.12435828265734e-05,0.00014710875984746963,0.999762237071991,0.9997125267982483,0.0001475458702770993,0.00013946439139544964
4720,Animals & Pets,Animals & Pets,0.9997542500495911,Animals & Pets,0.9996236562728882,0.9997542500495911,0.9996236562728882,0.0001241792197106406,0.00015712479944340885,1.2143196727265604e-05,5.016007094127417e-07,1.1347717645548983e-06,5.332377668310073e-07,0.00010825951903825626,0.00021817153901793063
7605,People & Occupations,People & Occupations,0.9997997283935547,People & Occupations,0.9997017979621887,1.4259681847761385e-05,2.496757360859192e-07,9.102236799662933e-05,0.00019739067647606134,0.9997997283935547,0.9997017979621887,9.480060543864965e-05,0.00010061741340905428,2.609000944175932e-07,4.4003527932545694e-08
8632,People & Occupations,People & Occupations,0.9996339082717896,People & Occupations,0.9995042085647583,2.0270381355658174e-05,3.686699585614406e-07,0.00019532311125658453,0.00031705459696240723,0.9996339082717896,0.9995042085647583,0.00014997310063336045,0.00017840701912064105,4.2391911847516894e-07,4.9924135936407765e-08
7878,People & Occupations,People & Occupations,0.9996741414070129,People & Occupations,0.9996488094329834,1.861419514170848e-05,3.139743682822882e-07,0.00017759767069946975,0.00019772330415435135,0.9996741414070129,0.9996488094329834,0.0001292655651923269,0.00015315591008402407,3.3464738180555287e-07,5.574645101091846e-08
174,Nature & Space,Nature & Space,0.9997656941413879,Nature & Space,0.9997283816337585,1.2870758610006305e-06,6.713950710945937e-07,1.2097480976080988e-05,3.2920942771852424e-07,0.00011308491957606748,0.00013165514974389225,0.9997656941413879,0.9997283816337585,0.00010787261999212205,0.00013896937889512628
8570,People & Occupations,People & Occupations,0.9997344613075256,People & Occupations,0.9995622038841248,2.3497499569202773e-05,3.829252364084823e-07,0.00013834252604283392,0.00021202280186116695,0.9997344613075256,0.9995622038841248,0.00010334661783417687,0.00022528744011651725,3.245420430175727e-07,4.6282089272153826e-08
4500,Nature & Space,Nature & Space,0.9998302459716797,Nature & Space,0.999734103679657,7.013093750174448e-07,4.6200452175071405e-07,7.112337243597722e-06,1.9485082702885848e-07,5.0179056415800005e-05,0.00011032400652766228,0.9998302459716797,0.999734103679657,0.00011169623030582443,0.00015488508506678045
5441,People & Occupations,People & Occupations,0.9998513460159302,People & Occupations,0.999729335308075,1.5364012142526917e-05,2.5369485001647263e-07,8.795486792223528e-05,0.00013403828779701144,0.9998513460159302,0.999729335308075,4.5057244278723374e-05,0.0001363374904030934,2.4326220682269195e-07,3.777914159286411e-08
11086,Nature & Space,Nature & Space,0.999800443649292,Nature & Space,0.9996950030326843,1.0056986639028764e-06,6.385702704392315e-07,9.447264346817974e-06,2.954971023427788e-07,8.807981794234365e-05,0.00014931451005395502,0.999800443649292,0.9996950030326843,0.00010095608740812168,0.0001546328712720424
8178,Animals & Pets,Animals & Pets,0.9997296929359436,Animals & Pets,0.9995468258857727,0.9997296929359436,0.9995468258857727,9.930485248332843e-05,0.00023380453058052808,1.587066253705416e-05,5.911470566388743e-07,1.3626929558085976e-06,6.382759352163703e-07,0.000153816188685596,0.00021819847461301833
475,Emotions & Actions,Emotions & Actions,0.9998263120651245,Emotions & Actions,0.9996885657310486,9.570881957188249e-05,0.0001729155919747427,1.5523462479904993e-06,1.0506545322641614e-07,3.1398937494486745e-07,8.192218814428998e-08,7.605688733747229e-05,0.0001383023918606341,0.9998263120651245,0.9996885657310486
6024,People & Occupations,People & Occupations,0.9997232556343079,People & Occupations,0.9996050596237183,1.7128562831203453e-05,3.6648455647991796e-07,0.00014919588284101337,0.00024535664124414325,0.9997232556343079,0.9996050596237183,0.00011007667490048334,0.00014924512652214617,2.7791770662588533e-07,4.40538521218059e-08
11843,Food & Fruits,Food & Fruits,0.9998102188110352,Food & Fruits,0.9996878504753113,9.003239392768592e-05,0.0001764869230100885,0.9998102188110352,0.9996878504753113,9.342489647679031e-05,0.0001351165701635182,5.580222023127135e-06,3.7601540725518134e-07,7.541530067101121e-07,9.632096009681845e-08
8348,Food & Fruits,Food & Fruits,0.9998683929443359,Food & Fruits,0.9997172951698303,6.27701883786358e-05,0.00014322718197945505,0.9998683929443359,0.9997172951698303,6.35800461168401e-05,0.00013913545990362763,4.520979928201996e-06,2.481480123606161e-07,7.321285124817223e-07,8.545053731268126e-08
10948,Animals & Pets,Animals & Pets,0.9998297691345215,Animals & Pets,0.9997398257255554,0.9998297691345215,0.9997398257255554,3.7951824197079986e-05,0.00012021258589811623,7.848295354051515e-06,4.817350713892665e-07,7.397479748760816e-07,3.567697888229304e-07,0.0001237704127561301,0.00013910249981563538
2251,People & Occupations,People & Occupations,0.9998190402984619,People & Occupations,0.9996909499168396,1.6643320122966543e-05,2.6776757522384287e-07,8.058470848482102e-05,0.00016267085447907448,0.9998190402984619,0.9996909499168396,8.346011600224301e-05,0.0001461212377762422,2.2507651920022909e-07,3.627235756198388e-08
7772,Animals & Pets,Animals & Pets,0.9998085498809814,Animals & Pets,0.9996803402900696,0.9998085498809814,0.9996803402900696,0.00010068449773825705,0.00013821687025483698,1.1683856428135186e-05,4.0693154801374476e-07,9.051746019395068e-07,4.234450443618698e-07,7.809205271769315e-05,0.00018052408995572478
4329,Animals & Pets,Animals & Pets,0.9998148679733276,Animals & Pets,0.9997054934501648,0.9998148679733276,0.9997054934501648,8.544931188225746e-05,0.0001248670305358246,9.149680408881977e-06,4.2761001850522007e-07,9.929436828315374e-07,3.8346473729689023e-07,8.954225631896406e-05,0.0001687413896434009
8860,Animals & Pets,Animals & Pets,0.9997917413711548,Animals & Pets,0.9996315240859985,0.9997917413711548,0.9996315240859985,9.542844782117754e-05,0.00016270183550659567,1.494890238973312e-05,4.92862056944432e-07,1.1491748637126875e-06,5.915750307394774e-07,9.667208360042423e-05,0.0002047496964223683
9483,Food & Fruits,Food & Fruits,0.9998931884765625,Food & Fruits,0.9997482895851135,5.4939471738180146e-05,0.00011254843411734328,0.9998931884765625,0.9997482895851135,4.711490691988729e-05,0.00013879149628337473,4.2959181882906705e-06,2.414897721791931e-07,4.6055802727096307e-07,7.295896864434326e-08
3027,Animals & Pets,Animals & Pets,0.999847412109375,Animals & Pets,0.9997183680534363,0.999847412109375,0.9997183680534363,4.561031892080791e-05,0.00014221741002984345,8.127100045385305e-06,4.079771827036893e-07,7.554371563855966e-07,3.2986798714773613e-07,9.807198512135074e-05,0.00013870226393919438
264,Nature & Space,Nature & Space,0.9998369216918945,Nature & Space,0.9997155070304871,8.845720458339201e-07,5.817296369059477e-07,7.865914994908962e-06,2.3061397769197356e-07,8.043766138143837e-05,0.00014031796308699995,0.9998369216918945,0.9997155070304871,7.395191641990095e-05,0.00014334281149785966
5565,Nature & Space,Nature & Space,0.9997314810752869,Nature & Space,0.9996377229690552,1.315541453550395e-06,7.407078328469652e-07,8.713772331248038e-06,3.018452332526067e-07,9.528946247883141e-05,0.00018869288032874465,0.9997314810752869,0.9996377229690552,0.00016312392835970968,0.00017258654406759888
2411,Animals & Pets,Animals & Pets,0.9997861385345459,Animals & Pets,0.999668300151825,0.9997861385345459,0.999668300151825,3.449896757956594e-05,0.00016179689555428922,7.889442713349126e-06,3.653052544905222e-07,7.211723414002336e-07,3.3118101328000193e-07,0.00017077289521694183,0.00016904775111470371
9131,Animals & Pets,Animals & Pets,0.9998517036437988,Animals & Pets,0.9997212290763855,0.9998517036437988,0.9997212290763855,5.3887561080046e-05,0.00013140095688868314,8.572576916776597e-06,4.145263972077373e-07,7.830049639778736e-07,3.5288934441268793e-07,8.494527719449252e-05,0.00014655914856120944
7948,Food & Fruits,Food & Fruits,0.9998420476913452,Food & Fruits,0.9996866583824158,7.385502976831049e-05,0.00017681572353467345,0.9998420476913452,0.9996866583824158,7.837332668714225e-05,0.0001360729365842417,4.860839453613153e-06,2.882423757455399e-07,6.699299319734564e-07,1.0459598343004473e-07
3313,People & Occupations,People & Occupations,0.9998327493667603,People & Occupations,0.9996852278709412,2.0489551388891414e-05,2.8144566499577195e-07,5.528280962607823e-05,0.00017628159548621625,0.9998327493667603,0.9996852278709412,9.114655404118821e-05,0.00013813227997161448,2.3076951549683145e-07,3.558062644515303e-08
526,Nature & Space,Nature & Space,0.9998180866241455,Nature & Space,0.9997346997261047,7.352360285040049e-07,5.565337346524757e-07,8.439597877440974e-06,2.2902150931258802e-07,7.63255447964184e-05,0.00012233197048772126,0.9998180866241455,0.9997346997261047,9.636765025788918e-05,0.00014214529073797166
4004,Animals & Pets,Animals & Pets,0.999761164188385,Animals & Pets,0.9995798468589783,0.999761164188385,0.9995798468589783,0.00010105932597070932,0.00022980677022133023,1.5053580682433676e-05,6.081392029955168e-07,1.1329316293995362e-06,5.14311864208139e-07,0.00012154987780377269,0.000189276528544724
7482,Emotions & Actions,Emotions & Actions,0.9998414516448975,Emotions & Actions,0.9997573494911194,8.148513734340668e-05,0.00014790933346375823,1.0356595794291934e-06,7.865198625722769e-08,2.902390008330258e-07,6.421115017474222e-08,7.573905168101192e-05,9.454558312427253e-05,0.9998414516448975,0.9997573494911194
1701,Nature & Space,Nature & Space,0.9997422099113464,Nature & Space,0.9996380805969238,1.218590909957129e-06,7.354261697400943e-07,9.676641639089212e-06,3.4587799291330157e-07,0.00014996518439147621,0.00017154002853203565,0.9997422099113464,0.9996380805969238,9.691375453257933e-05,0.00018919316062238067
5808,Animals & Pets,Animals & Pets,0.9998195171356201,Animals & Pets,0.9996505975723267,0.9998195171356201,0.9996505975723267,6.202841905178502e-05,0.00016494453302584589,1.129512475017691e-05,4.7243969447663403e-07,9.361795605400403e-07,4.653166456591862e-07,0.00010616837244015187,0.00018345890566706657
10208,Food & Fruits,Food & Fruits,0.9998648166656494,Food & Fruits,0.9996951222419739,7.089757855283096e-05,0.00014938230742700398,0.9998648166656494,0.9996951222419739,5.960178896202706e-05,0.00015518497093580663,3.988336629845435e-06,2.6035260702883534e-07,7.021795909167849e-07,8.93973535198711e-08
2154,Food & Fruits,Food & Fruits,0.9997437596321106,Food & Fruits,0.9996773600578308,0.00010386482608737424,0.0001843115605879575,0.9997437596321106,0.9996773600578308,0.00014605317846871912,0.00013773670070804656,5.506256911758101e-06,3.394920895516407e-07,8.603177548138774e-07,1.08778820617772e-07
4262,Food & Fruits,Food & Fruits,0.9998356103897095,Food & Fruits,0.9996785521507263,6.985770596656948e-05,0.00016121927183121443,0.9998356103897095,0.9996785521507263,8.920496475184336e-05,0.0001598056114744395,4.520357379078632e-06,2.9764342457383464e-07,8.056083515839418e-07,9.194097572162718e-08
1364,Emotions & Actions,Emotions & Actions,0.9998396635055542,Emotions & Actions,0.9997236132621765,7.098076457623392e-05,0.00016270937339868397,1.260214389731118e-06,8.437422849283394e-08,2.636270721723122e-07,6.929112572606755e-08,8.783087105257437e-05,0.00011351332068443298,0.9998396635055542,0.9997236132621765
9502,Nature & Space,Nature & Space,0.9998257160186768,Nature & Space,0.9997552037239075,6.50391086765012e-07,4.853360451306798e-07,7.3071369115496054e-06,1.8537593859946355e-07,4.2930136260110885e-05,0.00011679429735522717,0.9998257160186768,0.9997552037239075,0.0001234078372363001,0.00012731539027299732
910,Emotions & Actions,Emotions & Actions,0.9998558759689331,Emotions & Actions,0.999768078327179,6.126188236521557e-05,0.0001500985526945442,1.0691619536373764e-06,8.452634148170546e-08,2.686515756522567e-07,6.022039400477297e-08,8.148732740664855e-05,8.162561425706372e-05,0.9998558759689331,0.999768078327179
6235,Animals & Pets,Animals & Pets,0.999762237071991,Animals & Pets,0.9995818734169006,0.999762237071991,0.9995818734169006,8.002773392945528e-05,0.00023460140801034868,1.736544436425902e-05,4.3018050632781524e-07,1.1063920055676135e-06,5.764081265624554e-07,0.00013936853792984039,0.00018247042316943407
935,Emotions & Actions,Emotions & Actions,0.9997649788856506,Emotions & Actions,0.999616265296936,0.00013398339797277004,0.00021147246297914535,1.1574018117244123e-06,1.1018666157269763e-07,4.205886625641142e-07,7.158463688483607e-08,9.944121848093346e-05,0.0001719969295663759,0.9997649788856506,0.999616265296936
2434,Emotions & Actions,Emotions & Actions,0.9998180866241455,Emotions & Actions,0.9997426867485046,6.997956370469183e-05,0.00014038469817023724,1.133245746132161e-06,8.356958147714977e-08,2.9101437348799664e-07,6.618265757651898e-08,0.00011052251647925004,0.00011675987479975447,0.9998180866241455,0.9997426867485046
431,Emotions & Actions,Emotions & Actions,0.9997518658638,Emotions & Actions,0.9996210336685181,0.0001334085245616734,0.00017021404346451163,2.135667273250874e-06,1.334875747716069e-07,5.649081344927254e-07,9.439021653179225e-08,0.00011205800547031686,0.00020847762061748654,0.9997518658638,0.9996210336685181
10049,Food & Fruits,Food & Fruits,0.9998799562454224,Food & Fruits,0.9997290968894958,5.339206109056249e-05,0.00012102156324544922,0.9998799562454224,0.9997290968894958,6.190552085172385e-05,0.00014960595581214875,4.1998705455625895e-06,2.3207104504763265e-07,5.861325576006493e-07,8.53686330515302e-08
7090,Nature & Space,Nature & Space,0.9997625946998596,Nature & Space,0.999686062335968,1.4170541362545919e-06,7.758781634947809e-07,1.1386398909962736e-05,3.480056136595522e-07,9.710012091090903e-05,0.00013801561726722866,0.9997625946998596,0.999686062335968,0.00012750491441693157,0.00017471735191065818
7690,Emotions & Actions,Emotions & Actions,0.9998372793197632,Emotions & Actions,0.9997190833091736,8.196420094463974e-05,0.00013881392078474164,1.102346345760452e-06,9.905026132628336e-08,2.977991471198038e-07,7.2378867344014e-08,7.937722693895921e-05,0.0001419260515831411,0.9998372793197632,0.9997190833091736
11701,Nature & Space,Nature & Space,0.9998047351837158,Nature & Space,0.999713122844696,1.2287313211345463e-06,6.766661044821376e-07,9.685980330687016e-06,2.703744996779278e-07,9.68786989687942e-05,0.00015610911941621453,0.9998047351837158,0.999713122844696,8.753646397963166e-05,0.00012980699830222875
11433,Nature & Space,Nature & Space,0.9997432827949524,Nature & Space,0.9996702075004578,1.3086558965369477e-06,7.53508231809974e-07,9.427680197404698e-06,3.0648638471575396e-07,0.0001432244898751378,0.00018156648729927838,0.9997432827949524,0.9996702075004578,0.00010278011177433655,0.00014722532068844885
3813,Food & Fruits,Food & Fruits,0.9998868703842163,Food & Fruits,0.9997696280479431,6.332766497507691e-05,0.00011729649850167334,0.9998868703842163,0.9997696280479431,4.5859382225899026e-05,0.00011275766155449674,3.3698258903314127e-06,2.0780952070253988e-07,6.101038252381841e-07,7.450192640590103e-08
158,Food & Fruits,Food & Fruits,0.9997779130935669,Food & Fruits,0.9996504783630371,0.00010286417091265321,0.00015679011994507164,0.9997779130935669,0.9996504783630371,0.00011264639033470303,0.00019225005235057324,5.750871423515491e-06,3.1334698746832146e-07,8.305111691697675e-07,1.078709459534366e-07
9831,Nature & Space,Nature & Space,0.9998401403427124,Nature & Space,0.999729335308075,9.951538686436834e-07,7.120831355678092e-07,7.086929144861642e-06,1.8854044014915416e-07,9.256290650228038e-05,0.00010388699593022466,0.9998401403427124,0.999729335308075,5.9186269936617464e-05,0.00016591488383710384
6457,Nature & Space,Nature & Space,0.9997982978820801,Nature & Space,0.9996896386146545,7.577327210128715e-07,5.678561478816846e-07,7.612365607201355e-06,2.1088003165914415e-07,6.753369962098077e-05,0.000152731008711271,0.9997982978820801,0.9996896386146545,0.0001257138792425394,0.00015687583072576672
11778,Emotions & Actions,Emotions & Actions,0.9997499585151672,Emotions & Actions,0.9995836615562439,0.00011275006545474753,0.0002038786478806287,2.026118636422325e-06,1.516759198239015e-07,5.020719413550978e-07,9.371382247991278e-08,0.00013478299661073834,0.00021225214004516602,0.9997499585151672,0.9995836615562439
8223,Nature & Space,Nature & Space,0.9997987747192383,Nature & Space,0.9996415376663208,9.859055580818676e-07,6.236742819965002e-07,7.024523256404791e-06,2.6405510311633407e-07,8.334913582075387e-05,0.00019585585687309504,0.9997987747192383,0.9996415376663208,0.00010977593046845868,0.0001616821245988831
6547,Emotions & Actions,Emotions & Actions,0.9998081922531128,Emotions & Actions,0.9996544122695923,8.946500020101666e-05,0.0002337347250431776,1.3196295185480267e-06,9.671463629956634e-08,3.5034662460020627e-07,8.071767609862945e-08,0.000100676879810635,0.00011169649951625615,0.9998081922531128,0.9996544122695923
2283,People & Occupations,People & Occupations,0.9998431205749512,People & Occupations,0.9997221827507019,1.3842650332662743e-05,2.581614069185889e-07,7.667057070648298e-05,0.0001528075081296265,0.9998431205749512,0.9997221827507019,6.620720523642376e-05,0.00012480841542128474,2.559508800459298e-07,4.305891465605782e-08
103,Food & Fruits,Food & Fruits,0.9998452663421631,Food & Fruits,0.9996914267539978,7.773179822834209e-05,0.00013662452693097293,0.9998452663421631,0.9996914267539978,7.191621261881664e-05,0.00017160546849481761,4.576692390401149e-06,2.532392784360127e-07,6.468222863986739e-07,8.387284111677218e-08
794,Food & Fruits,Food & Fruits,0.9998589754104614,Food & Fruits,0.9997137188911438,7.213852950371802e-05,0.00013977425987832248,0.9998589754104614,0.9997137188911438,6.475354894064367e-05,0.00014607844059355557,3.5936727726948448e-06,2.2159538559662906e-07,5.538922209780139e-07,8.473303836353807e-08
1908,People & Occupations,People & Occupations,0.999848484992981,People & Occupations,0.9997376799583435,1.206466640724102e-05,2.5337880060760654e-07,7.021119381533936e-05,0.00014404364628717303,0.999848484992981,0.9997376799583435,6.900772859808058e-05,0.0001179581813630648,2.15986702301052e-07,4.163554834235583e-08
4541,Emotions & Actions,Emotions & Actions,0.9997936487197876,Emotions & Actions,0.9996797442436218,9.493673132965341e-05,0.0001671423378866166,1.968596507140319e-06,1.2247400604792347e-07,3.8414717096202367e-07,8.11341678286226e-08,0.0001090751466108486,0.00015282435924746096,0.9997936487197876,0.9996797442436218
6432,Animals & Pets,Animals & Pets,0.9998123645782471,Animals & Pets,0.9997456669807434,0.9998123645782471,0.9997456669807434,3.820805795839988e-05,0.00010510970605537295,7.881686542532407e-06,4.78261199532426e-07,7.226184379760525e-07,3.5346045024198247e-07,0.00014079846732784063,0.00014843382814433426
3828,Emotions & Actions,Emotions & Actions,0.9998427629470825,Emotions & Actions,0.9997327923774719,7.762270251987502e-05,0.0001606147561687976,9.287997499995981e-07,8.2609481921736e-08,2.845372080173547e-07,6.971704635816423e-08,7.833475683582947e-05,0.00010640394611982629,0.9998427629470825,0.9997327923774719
5177,Food & Fruits,Food & Fruits,0.9998259544372559,Food & Fruits,0.9996851086616516,8.748858817853034e-05,0.0001532988389953971,0.9998259544372559,0.9996851086616516,7.999010995263234e-05,0.00016117203631438315,5.838774541189196e-06,3.2204016520154255e-07,7.638498118467396e-07,9.243850485063376e-08
3391,Food & Fruits,Food & Fruits,0.9998852014541626,Food & Fruits,0.9997807741165161,6.255480548134074e-05,0.0001028354381560348,0.9998852014541626,0.9997807741165161,4.807921504834667e-05,0.00011592383089009672,3.6265018934500404e-06,2.000400201040975e-07,6.510043704111013e-07,8.101818593786447e-08
502,Emotions & Actions,Emotions & Actions,0.9998427629470825,Emotions & Actions,0.9997503161430359,7.235196972033009e-05,0.00011678670853143558,1.0820922398124821e-06,8.726518530011163e-08,3.199860714175884e-07,6.503069727159527e-08,8.342525688931346e-05,0.00013268976181279868,0.9998427629470825,0.9997503161430359
2848,People & Occupations,People & Occupations,0.9998525381088257,People & Occupations,0.9997755289077759,9.964783203031402e-06,2.2541858868407871e-07,6.608317926293239e-05,0.00012578201130963862,0.9998525381088257,0.9997755289077759,7.114168693078682e-05,9.843335283221677e-05,2.2973149782501423e-07,3.815608806689852e-08
57,Animals & Pets,Animals & Pets,0.999853253364563,Animals & Pets,0.999721109867096,0.999853253364563,0.999721109867096,4.129502849536948e-05,0.00012812761997338384,7.143566563172499e-06,3.616569870246167e-07,7.856922366045183e-07,3.524077101246803e-07,9.747644799062982e-05,0.0001500733196735382
4270,Food & Fruits,Food & Fruits,0.9997698664665222,Food & Fruits,0.9996994137763977,0.00010384782945038751,0.00015240730135701597,0.9997698664665222,0.9996994137763977,0.00011886086576851085,0.00014767455286346376,6.7232931542093866e-06,3.822983671852853e-07,8.923218501877273e-07,1.1018805423645972e-07
8331,Animals & Pets,Animals & Pets,0.9997937679290771,Animals & Pets,0.9996736645698547,0.9997937679290771,0.9996736645698547,6.471610686276108e-05,0.00012933369725942612,1.1059093594667502e-05,4.801346449312405e-07,9.671728093962884e-07,4.056459488310793e-07,0.0001294672256335616,0.00019612119649536908
11294,Emotions & Actions,Emotions & Actions,0.999853253364563,Emotions & Actions,0.9997639060020447,7.31993859517388e-05,0.00012925744522362947,9.424946370018006e-07,8.318045274791075e-08,2.65266379528839e-07,5.968589533722479e-08,7.232548523461446e-05,0.00010664915316738188,0.999853253364563,0.9997639060020447
5159,Nature & Space,Nature & Space,0.9998025894165039,Nature & Space,0.9996824860572815,8.464013490083744e-07,6.463531576628156e-07,9.504424269834999e-06,2.3053468112266273e-07,4.7048088163137436e-05,0.00017675817070994526,0.9998025894165039,0.9996824860572815,0.00013993648462928832,0.0001397473824908957
4212,Animals & Pets,Animals & Pets,0.9998146295547485,Animals & Pets,0.9996315240859985,0.9998146295547485,0.9996315240859985,6.959975144127384e-05,0.00016646570293232799,1.1228096809645649e-05,3.6934758895768027e-07,9.838323649091762e-07,4.087392824203562e-07,0.00010359756561229005,0.00020128680625930429
10979,Nature & Space,Nature & Space,0.999828577041626,Nature & Space,0.9996899962425232,1.032225668495812e-06,6.714154210385459e-07,8.496092959831003e-06,2.2851298808745923e-07,8.659266313770786e-05,0.00017361744539812207,0.999828577041626,0.9996899962425232,7.52699634176679e-05,0.00013547245180234313
3871,Emotions & Actions,Emotions & Actions,0.9998364448547363,Emotions & Actions,0.9997532963752747,5.225232962402515e-05,0.00012438972771633416,1.1471106518001761e-06,9.47291809438866e-08,2.5713501372592873e-07,5.981347328543052e-08,0.00010986354027409106,0.00012214994058012962,0.9998364448547363,0.9997532963752747
8663,Food & Fruits,Food & Fruits,0.9998669624328613,Food & Fruits,0.9997178912162781,5.2109709940850735e-05,0.00015970523236319423,0.9998669624328613,0.9997178912162781,7.54747015889734e-05,0.00012197705655125901,4.849898687098175e-06,2.2949210176648194e-07,5.50498953089118e-07,1.0108352910265239e-07
5675,Emotions & Actions,Emotions & Actions,0.9998127222061157,Emotions & Actions,0.9997169375419617,0.00012254377361387014,0.00015890339273028076,1.2376440281514078e-06,1.0101250325078581e-07,3.827291266134125e-07,8.422188813028697e-08,6.303748523350805e-05,0.00012389708717819303,0.9998127222061157,0.9997169375419617
3588,Nature & Space,Nature & Space,0.9998126029968262,Nature & Space,0.9997410178184509,1.1886502306879265e-06,6.575816087206476e-07,9.257752026314847e-06,2.2522083042986196e-07,9.733843762660399e-05,0.00012865029566455632,0.9998126029968262,0.9997410178184509,7.961125811561942e-05,0.00012947310460731387
5381,Animals & Pets,Animals & Pets,0.9998112916946411,Animals & Pets,0.9996638298034668,0.9998112916946411,0.9996638298034668,5.3739222494186834e-05,0.0001527706190245226,9.740550012793392e-06,4.597056033617264e-07,9.987389830712345e-07,4.5647234969692363e-07,0.0001242018333869055,0.00018244117381982505
5984,Animals & Pets,Animals & Pets,0.9998276233673096,Animals & Pets,0.9997109770774841,0.9998276233673096,0.9997109770774841,8.03030125098303e-05,0.00014279720198828727,9.303002116212156e-06,4.4228113438293803e-07,9.098533269025211e-07,4.1289268892796827e-07,8.170797082129866e-05,0.00014540478878188878
10464,Nature & Space,Nature & Space,0.9997451901435852,Nature & Space,0.9996664524078369,1.1863289728353266e-06,7.166012778725417e-07,1.1248806004005019e-05,2.642027254751156e-07,0.00010892630234593526,0.000129837091662921,0.9997451901435852,0.9996664524078369,0.00013348297215998173,0.00020267631043680012
3409,People & Occupations,People & Occupations,0.9998539686203003,People & Occupations,0.9997666478157043,1.073101520887576e-05,2.4651524199725827e-07,5.386923294281587e-05,0.0001421415654476732,0.9998539686203003,0.9997666478157043,8.121857536025345e-05,9.08977453946136e-05,2.1247996073725517e-07,3.4801356463276534e-08
4032,Food & Fruits,Food & Fruits,0.9998793601989746,Food & Fruits,0.9997387528419495,6.924811896169558e-05,0.00011050521425204352,0.9998793601989746,0.9997387528419495,4.670242196880281e-05,0.00015038513811305165,3.924175416614162e-06,2.435700139358232e-07,7.014903076196788e-07,8.163586073806073e-08
7980,Food & Fruits,Food & Fruits,0.999842643737793,Food & Fruits,0.9997226595878601,6.610680429730564e-05,0.00012486049672588706,0.999842643737793,0.9997226595878601,8.538024121662602e-05,0.00015207123942673206,5.077865807834314e-06,2.894334159009304e-07,6.706155772917555e-07,8.434857079464564e-08
94,Emotions & Actions,Emotions & Actions,0.9998174905776978,Emotions & Actions,0.999718964099884,9.020425204653293e-05,0.0001656568783801049,1.211442622661707e-06,1.0822787288589097e-07,3.685330511871143e-07,7.60481029260518e-08,9.066799248103052e-05,0.00011512500350363553,0.9998174905776978,0.999718964099884
6192,Food & Fruits,Food & Fruits,0.9998461008071899,Food & Fruits,0.999694287776947,7.760171865811571e-05,0.0001258218107977882,0.9998461008071899,0.999694287776947,7.105999247869477e-05,0.00017946936713997275,4.682357484853128e-06,2.6375792572252976e-07,6.48337731945503e-07,8.388828121042025e-08
3052,Food & Fruits,Food & Fruits,0.9998283386230469,Food & Fruits,0.9997205138206482,7.922510849311948e-05,0.00013064277300145477,0.9998283386230469,0.9997205138206482,8.640538726467639e-05,0.00014844992256257683,5.108646291773766e-06,2.904459108776791e-07,8.320141660078662e-07,1.1144100398041701e-07
4806,Nature & Space,Nature & Space,0.9997738599777222,Nature & Space,0.9996760487556458,1.426318249286851e-06,8.365494750250946e-07,7.27613405615557e-06,2.685057154394599e-07,0.00012630877608899027,0.0001341305032838136,0.9997738599777222,0.9996760487556458,9.100673196371645e-05,0.00018863695731852204
9433,Emotions & Actions,Emotions & Actions,0.999793291091919,Emotions & Actions,0.9996821284294128,0.00010093215678352863,0.00015462069131899625,1.7033689800882712e-06,1.2268050397779007e-07,3.6257341662349063e-07,7.983901895158851e-08,0.00010361808381276205,0.0001629865146242082,0.999793291091919,0.9996821284294128
10408,Animals & Pets,Animals & Pets,0.9997742176055908,Animals & Pets,0.9996656179428101,0.9997742176055908,0.9996656179428101,8.922509732656181e-05,0.00011315017763990909,1.2847169273300096e-05,4.661110608594754e-07,1.1294381465631886e-06,4.988434056940605e-07,0.00012248776329215616,0.00022033714049030095
7421,Emotions & Actions,Emotions & Actions,0.9998191595077515,Emotions & Actions,0.9996694922447205,6.725250568706542e-05,0.0002136573166353628,1.567959202475322e-06,1.1420964796116095e-07,3.253377940382052e-07,7.542449509401195e-08,0.00011168774653924629,0.00011666639329632744,0.9998191595077515,0.9996694922447205
3863,Emotions & Actions,Emotions & Actions,0.9998332262039185,Emotions & Actions,0.9997138381004333,8.661783795105293e-05,0.0001661900751059875,1.3151609437045408e-06,8.862992473268605e-08,2.883421359456406e-07,6.814376973807157e-08,7.85351512604393e-05,0.00011978809197898954,0.9998332262039185,0.9997138381004333
787,Food & Fruits,Food & Fruits,0.9998186826705933,Food & Fruits,0.9996711611747742,9.079011215362698e-05,0.0001467802212573588,0.9998186826705933,0.9996711611747742,8.388732385355979e-05,0.00018154138524550945,5.858806616743095e-06,3.3220939599232224e-07,7.540558044638601e-07,9.893789609805026e-08
5747,Animals & Pets,Animals & Pets,0.9997986555099487,Animals & Pets,0.999625563621521,0.9997986555099487,0.999625563621521,6.526910874526948e-05,0.00011963652650592849,1.0301980182703119e-05,3.90519630855124e-07,8.412829970438906e-07,4.738880647892074e-07,0.0001248579501407221,0.0002538978587836027
8271,Food & Fruits,Food & Fruits,0.9998269081115723,Food & Fruits,0.999692976474762,7.369856029981747e-05,0.00015212720609270036,0.9998269081115723,0.999692976474762,9.356992086395621e-05,0.00015431347128469497,4.954344149155077e-06,3.0086692959230277e-07,8.126781381179171e-07,1.0528056293424015e-07
7936,People & Occupations,People & Occupations,0.9998549222946167,People & Occupations,0.9997314810752869,1.4991564967203885e-05,2.779544274744694e-07,6.88344516674988e-05,0.00014523077697958797,0.9998549222946167,0.9997314810752869,6.096818469814025e-05,0.00012296448403503746,2.3710137497801043e-07,3.608165144441955e-08
7949,Emotions & Actions,Emotions & Actions,0.9998283386230469,Emotions & Actions,0.9997547268867493,5.0806535000447184e-05,0.0001320426381425932,1.1716665540006943e-06,9.41638518270338e-08,2.429121650493471e-07,5.649311063393725e-08,0.00011940988770220429,0.00011305768566671759,0.9998283386230469,0.9997547268867493
11440,People & Occupations,People & Occupations,0.9998528957366943,People & Occupations,0.9997573494911194,1.3764262803306337e-05,2.3614269650806818e-07,6.241804658202454e-05,0.00012263098324183375,0.9998528957366943,0.9997573494911194,7.064324017846957e-05,0.0001198279278469272,2.2127903775981395e-07,3.557070726856182e-08
801,Animals & Pets,Animals & Pets,0.9997775554656982,Animals & Pets,0.9995999336242676,0.9997775554656982,0.9995999336242676,8.588565106038004e-05,0.00012114563287468627,1.1178320164617617e-05,4.434250229223835e-07,1.1368661034794059e-06,5.14474834290013e-07,0.00012405510642565787,0.0002778830530587584
692,People & Occupations,People & Occupations,0.9998267889022827,People & Occupations,0.9997019171714783,2.06445183721371e-05,3.2201333510784025e-07,6.562859925907105e-05,0.00018358191300649196,0.9998267889022827,0.9997019171714783,8.660687308292836e-05,0.00011418291978770867,2.912942989041767e-07,3.588779406982212e-08
9143,Emotions & Actions,Emotions & Actions,0.9998040199279785,Emotions & Actions,0.9996664524078369,0.00010962805390590802,0.0001933102757902816,1.2894583960587624e-06,1.0392233207312529e-07,3.65942412372533e-07,7.087116671300464e-08,8.460645040031523e-05,0.00014010477752890438,0.9998040199279785,0.9996664524078369
2105,Food & Fruits,Food & Fruits,0.9998435974121094,Food & Fruits,0.9997000098228455,6.287234282353893e-05,0.00015284041000995785,0.9998435974121094,0.9997000098228455,8.8077737018466e-05,0.00014674120757263154,4.5903534555691294e-06,2.9278825763867644e-07,8.776631261753209e-07,1.0152611906733e-07
2944,People & Occupations,People & Occupations,0.9997901916503906,People & Occupations,0.9996405839920044,1.825602157623507e-05,3.0404993367483257e-07,9.868407505564392e-05,0.00017928180750459433,0.9997901916503906,0.9996405839920044,9.266408596886322e-05,0.00017976581875700504,2.5802830805332633e-07,4.6620098004268584e-08
8842,Animals & Pets,Animals & Pets,0.9998469352722168,Animals & Pets,0.9997090697288513,0.9998469352722168,0.9997090697288513,5.69686308153905e-05,0.00010781684977700934,1.0804031262523495e-05,3.442186766733357e-07,7.299403819160943e-07,4.399581143843534e-07,8.454216731479391e-05,0.00018218965851701796
9730,People & Occupations,People & Occupations,0.9998084306716919,People & Occupations,0.9996951222419739,1.8220438505522907e-05,2.9179392413425376e-07,0.00010404067870695144,0.00019451064872555435,0.9998084306716919,0.9996951222419739,6.90017404849641e-05,0.00011000431550201029,2.919249482147279e-07,4.3851166253716656e-08
7701,Nature & Space,Nature & Space,0.9997060894966125,Nature & Space,0.9996787905693054,1.4088141142565291e-06,7.232492293951509e-07,7.735394319752231e-06,2.688456959276664e-07,0.00021266273688524961,0.00014927164011169225,0.9997060894966125,0.9996787905693054,7.215095683932304e-05,0.00017089922039303929
8912,Nature & Space,Nature & Space,0.9998117685317993,Nature & Space,0.999666690826416,8.74725628818851e-07,7.545108360318409e-07,7.871848538343329e-06,2.409092871857865e-07,6.27746048849076e-05,0.0001781894388841465,0.9998117685317993,0.999666690826416,0.00011670781532302499,0.00015404327132273465
7635,Emotions & Actions,Emotions & Actions,0.9998292922973633,Emotions & Actions,0.9996899962425232,9.125165524892509e-05,0.0001426730741513893,1.4466781976807397e-06,1.0149354778832276e-07,3.5674727882906154e-07,7.114764599691625e-08,7.760826701996848e-05,0.0001671667123446241,0.9998292922973633,0.9996899962425232
5976,Food & Fruits,Food & Fruits,0.999793529510498,Food & Fruits,0.999668300151825,0.00010275067324982956,0.00015495394472964108,0.999793529510498,0.999668300151825,9.714368934510276e-05,0.00017622177256271243,5.47248146176571e-06,3.821821792371338e-07,1.0648399211277138e-06,1.2147896200076502e-07
11758,Animals & Pets,Animals & Pets,0.9998469352722168,Animals & Pets,0.9997127652168274,0.9998469352722168,0.9997127652168274,3.9938469853950664e-05,0.00010951417789328843,9.419005436939187e-06,3.5874271020475135e-07,8.48081583626481e-07,3.5700998068932677e-07,0.00010284008021699265,0.00017692509572952986
10781,People & Occupations,People & Occupations,0.9997549653053284,People & Occupations,0.9996538162231445,2.0706758732558228e-05,2.994865155869775e-07,0.00012554082786664367,0.00018810873734764755,0.9997549653053284,0.9996538162231445,9.844014857662842e-05,0.0001577732473379001,3.433980850786611e-07,4.594548741465587e-08
3513,Food & Fruits,Food & Fruits,0.9998539686203003,Food & Fruits,0.9997226595878601,6.9203189923428e-05,0.00013147159188520163,0.9998539686203003,0.9997226595878601,7.238163379952312e-05,0.00014551746426150203,3.6885685403831303e-06,2.5401541847713816e-07,6.668947207799647e-07,7.952293401558563e-08
3300,People & Occupations,People & Occupations,0.9997930526733398,People & Occupations,0.9996821284294128,1.5421952411998063e-05,3.2716923215048155e-07,0.00010430513066239655,0.0001466544927097857,0.9997930526733398,0.9996821284294128,8.678642188897356e-05,0.0001708836789475754,3.07802991983408e-07,4.464575908968982e-08
7656,Emotions & Actions,Emotions & Actions,0.9997369647026062,Emotions & Actions,0.9996099472045898,0.00013308263442013413,0.00020518370729405433,2.1502949039131636e-06,1.426608804422358e-07,6.479919534285727e-07,8.504416371124535e-08,0.00012712778698187321,0.00018458740669302642,0.9997369647026062,0.9996099472045898
7413,Nature & Space,Nature & Space,0.9998098611831665,Nature & Space,0.999714195728302,8.537963935850712e-07,5.985852453704865e-07,9.809126822801773e-06,2.1286014373345097e-07,6.648409180343151e-05,0.000127779072499834,0.9998098611831665,0.999714195728302,0.00011301897029625252,0.00015722206444479525
5962,Emotions & Actions,Emotions & Actions,0.9997492432594299,Emotions & Actions,0.999626874923706,9.476987179368734e-05,0.0001811938127502799,2.275048245792277e-06,1.6183977891159884e-07,4.974019702785881e-07,9.273809808973965e-08,0.00015320694365072995,0.0001916721521411091,0.9997492432594299,0.999626874923706
1824,Food & Fruits,Food & Fruits,0.9998717308044434,Food & Fruits,0.9997178912162781,5.763570879935287e-05,0.00011473731137812138,0.9998717308044434,0.9997178912162781,6.593336729565635e-05,0.00016697077080607414,3.9461938285967335e-06,2.2153884060571727e-07,6.926806577212119e-07,8.875580448375331e-08
4201,People & Occupations,People & Occupations,0.9998488426208496,People & Occupations,0.9997324347496033,1.2689061804849189e-05,2.726360435190145e-07,7.806607754901052e-05,0.00013534970639739186,0.9998488426208496,0.9997324347496033,6.015021062921733e-05,0.00013195812061894685,2.197970587758391e-07,3.587875596622325e-08
3999,People & Occupations,People & Occupations,0.9998621940612793,People & Occupations,0.999735414981842,1.1687871847243514e-05,2.3944886606841465e-07,6.720475357724354e-05,0.00016287772450596094,0.9998621940612793,0.999735414981842,5.865449202246964e-05,0.0001013802902889438,2.5248161250601697e-07,3.4459056053037784e-08
9302,Emotions & Actions,Emotions & Actions,0.9998012781143188,Emotions & Actions,0.9996414184570312,0.00010764195758383721,0.00019433314446359873,1.5481546142837033e-06,1.1344602768303957e-07,3.86430087928602e-07,8.048510835578782e-08,8.907353912945837e-05,0.00016408294322900474,0.9998012781143188,0.9996414184570312
3178,Animals & Pets,Animals & Pets,0.9998140335083008,Animals & Pets,0.9997242093086243,0.9998140335083008,0.9997242093086243,4.8705482186051086e-05,0.0001561794924782589,8.341724424099084e-06,4.0349073060497176e-07,9.071058002518839e-07,4.029066360544675e-07,0.00012783706188201904,0.00011895284114871174
9957,Animals & Pets,Animals & Pets,0.9998260736465454,Animals & Pets,0.9996822476387024,0.9998260736465454,0.9996822476387024,6.201823271112517e-05,0.0001641292474232614,1.1492675184854306e-05,4.666053996515984e-07,8.611060025032202e-07,4.3954369743914867e-07,9.962300828192383e-05,0.00015262911620084196
5911,Animals & Pets,Animals & Pets,0.9997351765632629,Animals & Pets,0.9995667338371277,0.9997351765632629,0.9995667338371277,8.438234362984076e-05,0.00021705799736082554,1.2662488188652787e-05,5.156286988494685e-07,9.843191719483002e-07,5.168516281628399e-07,0.00016682021669112146,0.00021516249398700893
8340,Emotions & Actions,Emotions & Actions,0.9997627139091492,Emotions & Actions,0.9996088743209839,0.0001270000939257443,0.00021058320999145508,2.2133178845251678e-06,1.4324558605949278e-07,5.220823027229926e-07,9.12732645019787e-08,0.0001075316104106605,0.00018030524370260537,0.9997627139091492,0.9996088743209839
2350,Animals & Pets,Animals & Pets,0.9998539686203003,Animals & Pets,0.9997246861457825,0.9998539686203003,0.9997246861457825,4.4544660340761766e-05,0.00014043934061191976,6.90398019287386e-06,3.707329767621559e-07,7.215831487883406e-07,3.691333745337033e-07,9.380395204061642e-05,0.00013422917982097715
3032,Food & Fruits,Food & Fruits,0.9998142719268799,Food & Fruits,0.9997108578681946,9.004529420053586e-05,0.00015891424845904112,0.9998142719268799,0.9997108578681946,9.000382851809263e-05,0.0001298941351706162,4.996739789930871e-06,2.7839305971610884e-07,7.641862680429767e-07,1.1767316010491413e-07
919,Nature & Space,Nature & Space,0.9997507929801941,Nature & Space,0.9996700882911682,1.3106316600897117e-06,7.137296620385314e-07,1.0979993021464907e-05,3.162593031902361e-07,0.00011494435602799058,0.00017312790441792458,0.9997507929801941,0.9996700882911682,0.0001219221085193567,0.00015574670396745205
3581,Nature & Space,Nature & Space,0.9998141527175903,Nature & Space,0.9997130036354065,8.36448862173711e-07,6.292759167081385e-07,7.722578629909549e-06,2.114290964527754e-07,7.929019920993596e-05,0.00014012599422130734,0.9998141527175903,0.9997130036354065,9.797122038435191e-05,0.00014594286039937288
10199,Nature & Space,Nature & Space,0.999815821647644,Nature & Space,0.9996760487556458,6.751342880306765e-07,5.315576458997384e-07,7.426233878504718e-06,2.102923559732517e-07,5.231502655078657e-05,0.00022618459479417652,0.999815821647644,0.9996760487556458,0.00012374931247904897,9.695180779090151e-05
6965,Emotions & Actions,Emotions & Actions,0.9998363256454468,Emotions & Actions,0.9997507929801941,6.819162081228569e-05,0.00014324973744805902,1.160020474344492e-06,9.886540652814801e-08,2.8581902711266594e-07,6.808963348703401e-08,9.403059812029824e-05,0.00010583839321043342,0.9998363256454468,0.9997507929801941
6855,People & Occupations,People & Occupations,0.9998387098312378,People & Occupations,0.9997077584266663,1.8106298739439808e-05,3.033445352684794e-07,4.83647600049153e-05,0.0001612796331755817,0.9998387098312378,0.9997077584266663,9.45088395383209e-05,0.00013057298201601952,2.8482133984653046e-07,3.675139836900598e-08
9237,Emotions & Actions,Emotions & Actions,0.9997698664665222,Emotions & Actions,0.9996321201324463,0.00011079356772825122,0.0001850375992944464,1.8662220782061922e-06,1.2877293897872732e-07,4.2011365053440386e-07,8.260762029976831e-08,0.0001170781470136717,0.00018260789511259645,0.9997698664665222,0.9996321201324463
3084,Food & Fruits,Food & Fruits,0.9997578263282776,Food & Fruits,0.9996470212936401,0.00012150230759289116,0.0001925348915392533,0.9997578263282776,0.9996470212936401,0.00011385450488887727,0.00015990910469554365,5.982098628010135e-06,3.5228444517088064e-07,9.043227464644588e-07,1.0838409991720255e-07
3853,Food & Fruits,Food & Fruits,0.9998716115951538,Food & Fruits,0.999764621257782,7.122151146177202e-05,0.00011550912313396111,0.9998716115951538,0.999764621257782,5.296389281284064e-05,0.00011952350178034976,3.5828736599796684e-06,2.0022784497086832e-07,6.052745789020264e-07,8.043931387646808e-08
11050,People & Occupations,People & Occupations,0.9998323917388916,People & Occupations,0.99968022108078,1.4749551155546214e-05,2.6118581786249706e-07,8.032736513996497e-05,0.00019658914243336767,0.9998323917388916,0.99968022108078,7.227688183775172e-05,0.00012286065611988306,2.6685097509471234e-07,3.615889099251035e-08
6236,Emotions & Actions,Emotions & Actions,0.999778151512146,Emotions & Actions,0.9996368885040283,8.363270171685144e-05,0.00021910523355472833,1.910581431729952e-06,1.2705403662494064e-07,3.949873530473269e-07,9.041345094829012e-08,0.0001359099114779383,0.00014378264313563704,0.999778151512146,0.9996368885040283
3835,Animals & Pets,Animals & Pets,0.9998189210891724,Animals & Pets,0.9996967911720276,0.9998189210891724,0.9996967911720276,8.244891796493903e-05,0.00016173346375580877,1.0069895324704703e-05,4.4802456500292465e-07,8.355352179023612e-07,4.2978825831596623e-07,8.775847527431324e-05,0.00014048338925931603
10201,People & Occupations,People & Occupations,0.9997547268867493,People & Occupations,0.999613881111145,2.0306229998823255e-05,3.103011749772122e-07,0.00011592280498007312,0.0002210090751759708,0.9997547268867493,0.999613881111145,0.00010874580766540021,0.00016483565559610724,3.188174844126479e-07,4.2893759655271424e-08
4109,Emotions & Actions,Emotions & Actions,0.9998195171356201,Emotions & Actions,0.9996991753578186,7.783075125189498e-05,0.00016442876949440688,1.5844193512748461e-06,9.92228166296627e-08,2.9247408406263276e-07,6.703924526618721e-08,0.00010074343299493194,0.00013617589138448238,0.9998195171356201,0.9996991753578186
11968,Emotions & Actions,Emotions & Actions,0.9998030662536621,Emotions & Actions,0.9996612071990967,0.00010743468010332435,0.00019877791055478156,1.5169513289947645e-06,1.0661067761930099e-07,3.316435197575629e-07,6.730381585384748e-08,8.756162424106151e-05,0.00013987960119266063,0.9998030662536621,0.9996612071990967
3344,People & Occupations,People & Occupations,0.9998581409454346,People & Occupations,0.9997744560241699,1.1700973118422553e-05,2.339133970963303e-07,7.566148997284472e-05,0.00013654377835337073,0.9998581409454346,0.9997744560241699,5.429191514849663e-05,8.871051977621391e-05,2.1110876957664004e-07,3.409148519040173e-08
8509,Food & Fruits,Food & Fruits,0.9997854232788086,Food & Fruits,0.999617338180542,0.00010203495912719518,0.00018735406047198921,0.9997854232788086,0.999617338180542,0.00010485917300684378,0.00019483394862618297,6.662924533884507e-06,3.346481776134169e-07,8.989314892460243e-07,1.1260106447252838e-07
5799,Animals & Pets,Animals & Pets,0.9997740983963013,Animals & Pets,0.9996136426925659,0.9997740983963013,0.9996136426925659,0.00010891886631725356,0.00014045964053366333,1.4477929653367028e-05,5.906393312216096e-07,1.0766499372039107e-06,5.380986749514705e-07,0.0001013777291518636,0.00024460064014419913
10611,Nature & Space,Nature & Space,0.999727189540863,Nature & Space,0.9996620416641235,1.5356033600255614e-06,8.011110708139313e-07,1.086814791051438e-05,3.3216707606698037e-07,0.00013382827455643564,0.000147158294566907,0.999727189540863,0.9996620416641235,0.00012652289296966046,0.00018966813513543457
2906,Food & Fruits,Food & Fruits,0.9998722076416016,Food & Fruits,0.9997183680534363,5.2641844376921654e-05,0.00011835874465759844,0.9998722076416016,0.9997183680534363,6.971436960157007e-05,0.00016296847024932504,4.77538924315013e-06,2.4844996460160473e-07,6.442700168918236e-07,8.229706338624965e-08
3171,Animals & Pets,Animals & Pets,0.9997583031654358,Animals & Pets,0.9996482133865356,0.9997583031654358,0.9996482133865356,0.00013285163731779903,0.00017663046310190111,1.7859409126685932e-05,5.854241749148059e-07,1.3734278354604612e-06,5.712724373552192e-07,8.952284406404942e-05,0.00017392871086485684
8769,Nature & Space,Nature & Space,0.9998222589492798,Nature & Space,0.9997105002403259,6.387916187122755e-07,5.407901539911109e-07,6.549446879944298e-06,2.1360075663778844e-07,5.78267608943861e-05,0.00015572135453112423,0.9998222589492798,0.9997105002403259,0.00011278090823907405,0.00013301197031978518
332,Nature & Space,Nature & Space,0.999849796295166,Nature & Space,0.9997285008430481,7.480226145162305e-07,5.887786187486199e-07,5.954325388302095e-06,2.0340854689493426e-07,5.9333386161597446e-05,0.00013166484131943434,0.999849796295166,0.9997285008430481,8.410229929722846e-05,0.0001391119440086186
592,People & Occupations,People & Occupations,0.9997696280479431,People & Occupations,0.9996283054351807,2.5721865313244052e-05,3.6218878562976897e-07,0.00010083693632623181,0.00019803193572442979,0.9997696280479431,0.9996283054351807,0.00010345350165152922,0.0001732308155624196,3.352380417709355e-07,4.5161154815787086e-08
7322,People & Occupations,People & Occupations,0.9998406171798706,People & Occupations,0.9997068047523499,1.4996955542301293e-05,2.581273861324007e-07,7.84367075539194e-05,0.0001466114044887945,0.9998406171798706,0.9997068047523499,6.566857337020338e-05,0.00014629604993388057,2.636144529333251e-07,4.0078322882664e-08
6147,People & Occupations,People & Occupations,0.9997955560684204,People & Occupations,0.9997410178184509,1.3037744793109596e-05,2.241392138557785e-07,9.74330905592069e-05,0.00015423774311784655,0.9997955560684204,0.9997410178184509,9.371362102683634e-05,0.00010449862020323053,2.59521272027996e-07,4.23660395654224e-08
1897,Food & Fruits,Food & Fruits,0.9998422861099243,Food & Fruits,0.9997217059135437,7.216016092570499e-05,0.0001396931620547548,0.9998422861099243,0.9997217059135437,7.951369479997084e-05,0.00013817474246025085,5.234118361840956e-06,3.2596940968687704e-07,7.913347985777364e-07,8.67786908997914e-08
1427,Nature & Space,Nature & Space,0.999798059463501,Nature & Space,0.999739944934845,6.911824925737164e-07,4.604149523856904e-07,7.743501555523835e-06,2.0902074027162598e-07,4.567427095025778e-05,0.0001380289759254083,0.999798059463501,0.999739944934845,0.00014784188533667475,0.00012129498645663261
6068,Nature & Space,Nature & Space,0.9997642636299133,Nature & Space,0.9996704459190369,1.540500875307771e-06,8.440205760962272e-07,8.583526323491242e-06,3.1798023769624706e-07,9.495902486378327e-05,0.00011944957805098966,0.9997642636299133,0.9996704459190369,0.00013058284821454436,0.0002088766050292179
10272,Nature & Space,Nature & Space,0.9997843503952026,Nature & Space,0.9996866583824158,1.1744440371330711e-06,6.875752660562284e-07,8.985880413092673e-06,3.128170078525727e-07,9.630055137677118e-05,0.00014524270955007523,0.9997843503952026,0.9996866583824158,0.00010920735803665593,0.00016712087381165475
8840,Emotions & Actions,Emotions & Actions,0.9997652173042297,Emotions & Actions,0.999597430229187,0.00012322008842602372,0.0002162144664907828,1.5908831301203463e-06,1.267285938411078e-07,4.2240969833073905e-07,7.974839633106967e-08,0.00010955805919365957,0.0001861068158177659,0.9997652173042297,0.999597430229187
1920,Emotions & Actions,Emotions & Actions,0.9997951984405518,Emotions & Actions,0.9996684193611145,9.666523692430928e-05,0.00020568787294905633,1.6627842569505447e-06,1.291387121682419e-07,4.2408981926200795e-07,9.294896585743118e-08,0.00010600856330711395,0.00012563726340886205,0.9997951984405518,0.9996684193611145
9360,Emotions & Actions,Emotions & Actions,0.9998540878295898,Emotions & Actions,0.9997380375862122,7.144387200241908e-05,0.00014949847536627203,1.2995016049899277e-06,1.0299675068381475e-07,2.7420225023888634e-07,6.540780361774523e-08,7.281748548848554e-05,0.00011229469964746386,0.9998540878295898,0.9997380375862122
5668,Animals & Pets,Animals & Pets,0.9997393488883972,Animals & Pets,0.9995880722999573,0.9997393488883972,0.9995880722999573,0.00011211453966097906,0.0002175826084567234,1.2034105566272046e-05,5.283068844619265e-07,1.315479039476486e-06,5.888419423172309e-07,0.0001351289392914623,0.00019331667863298208
8759,Animals & Pets,Animals & Pets,0.9998011589050293,Animals & Pets,0.9996262788772583,0.9998011589050293,0.9996262788772583,8.542231080355123e-05,0.00016631725884508342,1.4936588740965817e-05,4.6419279442488914e-07,1.267549691874592e-06,6.024381491442909e-07,9.713998588267714e-05,0.00020633301755879074
917,Animals & Pets,Animals & Pets,0.9998401403427124,Animals & Pets,0.9997467398643494,0.9998401403427124,0.9997467398643494,3.35974182235077e-05,9.796619997359812e-05,8.291530321002938e-06,3.774355263885809e-07,7.886969228820817e-07,3.5208617532589415e-07,0.00011703055497491732,0.0001545264822198078
5883,Emotions & Actions,Emotions & Actions,0.9998462200164795,Emotions & Actions,0.999756395816803,4.777649519382976e-05,0.0001274135720450431,1.0685949973776587e-06,8.935236905927013e-08,2.4272245013889915e-07,5.696985283520917e-08,0.00010464515798958018,0.00011607023770920932,0.9998462200164795,0.999756395816803
7967,Nature & Space,Nature & Space,0.9998348951339722,Nature & Space,0.9997439980506897,7.151529075599683e-07,5.125859274812683e-07,6.544154075527331e-06,2.0415252777183923e-07,4.819169407710433e-05,0.00014339323388412595,0.9998348951339722,0.9997439980506897,0.00010969596041832119,0.00011194304534001276
8472,Emotions & Actions,Emotions & Actions,0.9998478889465332,Emotions & Actions,0.9997418522834778,6.962583574932069e-05,0.00014815536269452423,9.95737991615897e-07,9.752391605388766e-08,2.97587121167453e-07,6.103123695311297e-08,8.115296805044636e-05,0.00010986236156895757,0.9998478889465332,0.9997418522834778
5,Animals & Pets,Animals & Pets,0.999789834022522,Animals & Pets,0.9996377229690552,0.999789834022522,0.9996377229690552,0.00011639070726232603,0.00022650013852398843,1.2767623047693633e-05,4.939275868309778e-07,1.05337005606998e-06,6.524528544105124e-07,7.990015001269057e-05,0.00013460873742587864
8207,Animals & Pets,Animals & Pets,0.9997627139091492,Animals & Pets,0.9995933771133423,0.9997627139091492,0.9995933771133423,0.0001217990939039737,0.00016354373656213284,1.3878402569389436e-05,5.167727294974611e-07,1.2760319805238396e-06,5.330161911842879e-07,0.00010032372665591538,0.00024218653561547399
1326,Animals & Pets,Animals & Pets,0.9998502731323242,Animals & Pets,0.9997110962867737,0.9998502731323242,0.9997110962867737,3.7013476685388014e-05,0.00012211543798912317,8.254044587374665e-06,3.678418352137669e-07,7.740912906228914e-07,3.445284448844177e-07,0.00010370812378823757,0.00016599416267126799
1010,Emotions & Actions,Emotions & Actions,0.9997629523277283,Emotions & Actions,0.9996249675750732,0.00015358327073045075,0.00019421394972596318,1.4564409411832457e-06,1.2045276776007086e-07,5.185751206226996e-07,8.037854115627852e-08,8.152981172315776e-05,0.00018062723393086344,0.9997629523277283,0.9996249675750732
6251,Animals & Pets,Animals & Pets,0.9997490048408508,Animals & Pets,0.9995517134666443,0.9997490048408508,0.9995517134666443,0.00011338074546074495,0.00024111292441375554,1.4068049495108426e-05,5.716173632208665e-07,1.1766704801630112e-06,5.695995355381456e-07,0.000122397905215621,0.00020594039233401418
9299,Emotions & Actions,Emotions & Actions,0.9998579025268555,Emotions & Actions,0.9997443556785583,7.726818148512393e-05,0.00015829846961423755,1.0820745046657976e-06,9.023778346772815e-08,2.6390955554234097e-07,6.451254108696958e-08,6.341859261738136e-05,9.720600792206824e-05,0.9998579025268555,0.9997443556785583
2552,Food & Fruits,Food & Fruits,0.9998632669448853,Food & Fruits,0.9997372031211853,5.770452116848901e-05,0.00014930142788216472,0.9998632669448853,0.9997372031211853,7.475378515664488e-05,0.00011305678344797343,3.628383865361684e-06,2.2962110790558654e-07,6.819403211011377e-07,8.831239028950222e-08
9786,Food & Fruits,Food & Fruits,0.9998838901519775,Food & Fruits,0.999758780002594,6.022992602083832e-05,0.00013621855759993196,0.9998838901519775,0.999758780002594,5.2033417887287214e-05,0.00010461006604600698,3.357821015015361e-06,2.0926701438384043e-07,5.330755357135786e-07,7.582430328056944e-08
8486,Animals & Pets,Animals & Pets,0.999826192855835,Animals & Pets,0.9997259974479675,0.999826192855835,0.9997259974479675,7.611376349814236e-05,0.00013161415699869394,1.0385700079496019e-05,4.105140476440283e-07,9.922620165525586e-07,4.1589768784433545e-07,8.6288018792402e-05,0.00014175607066135854
5755,Animals & Pets,Animals & Pets,0.9998100996017456,Animals & Pets,0.9997243285179138,0.9998100996017456,0.9997243285179138,0.00011017824726877734,0.00013547737034969032,9.833874173637014e-06,3.7856656831536384e-07,8.342379373971198e-07,4.1399945871489763e-07,6.905135523993522e-05,0.00013947281695436686
4614,Food & Fruits,Food & Fruits,0.9998761415481567,Food & Fruits,0.9997313618659973,6.879857392050326e-05,0.00011020687816198915,0.9998761415481567,0.9997313618659973,5.0154900236520916e-05,0.0001579987001605332,4.38468578067841e-06,2.3242040469995118e-07,5.313725637279276e-07,7.128887347107593e-08
3240,Emotions & Actions,Emotions & Actions,0.9998517036437988,Emotions & Actions,0.9997292160987854,7.579453085782006e-05,0.0001443302317056805,1.3001803154111258e-06,1.022227849034607e-07,2.714380116231041e-07,6.283868714263008e-08,7.093803287716582e-05,0.00012623329530470073,0.9998517036437988,0.9997292160987854
9038,Food & Fruits,Food & Fruits,0.9998618364334106,Food & Fruits,0.9997598528862,8.110249473247677e-05,0.00011414163600420579,0.9998618364334106,0.9997598528862,5.259688259684481e-05,0.00012560011236928403,3.913795353582827e-06,2.123874338622045e-07,5.508049412128457e-07,7.202525864613563e-08
4198,Nature & Space,Nature & Space,0.9997475743293762,Nature & Space,0.9996614456176758,1.4075603758101352e-06,7.546976803496364e-07,1.1439266017987393e-05,3.3758536233108316e-07,0.0001419724867446348,0.00012932458776049316,0.9997475743293762,0.9996614456176758,9.765212598722428e-05,0.0002081770944641903
9518,Nature & Space,Nature & Space,0.999802827835083,Nature & Space,0.9996911883354187,1.0087316013596137e-06,5.644441785079835e-07,1.0294647836417425e-05,2.795102034269803e-07,9.226879046764225e-05,0.00012364046415314078,0.999802827835083,0.9996911883354187,9.355445945402607e-05,0.00018424977315589786
11975,People & Occupations,People & Occupations,0.9998511075973511,People & Occupations,0.9997403025627136,1.5289069779100828e-05,2.706904353999562e-07,6.0740574554074556e-05,0.00015843634901102632,0.9998511075973511,0.9997403025627136,7.253199873957783e-05,0.00010089504939969629,2.1780795123049757e-07,3.904741419091806e-08
7420,Emotions & Actions,Emotions & Actions,0.9997917413711548,Emotions & Actions,0.9996435642242432,9.575855801813304e-05,0.00021239180932752788,1.3036294603807619e-06,1.1152173584605407e-07,4.2996194338229543e-07,9.490975116932532e-08,0.00011067549348808825,0.0001437731843907386,0.9997917413711548,0.9996435642242432
10115,Nature & Space,Nature & Space,0.9998084306716919,Nature & Space,0.9997076392173767,7.061934184093843e-07,5.1660413191712e-07,6.318368377833394e-06,2.046199085725675e-07,4.314893885748461e-05,0.0001660279231145978,0.9998084306716919,0.9997076392173767,0.00014129710325505584,0.00012562074698507786
4404,Nature & Space,Nature & Space,0.9997507929801941,Nature & Space,0.9997120499610901,1.5943109019644908e-06,7.929510275062057e-07,6.386451786966063e-06,2.4557752453802095e-07,0.0001652572536841035,0.00013450927508529276,0.9997507929801941,0.9997120499610901,7.594583439640701e-05,0.0001524372783023864
5970,People & Occupations,People & Occupations,0.9998195171356201,People & Occupations,0.9997209906578064,1.2785597391484771e-05,2.614391974020691e-07,6.883129390189424e-05,0.00015225718379952013,0.9998195171356201,0.9997209906578064,9.862053411779925e-05,0.00012639474880415946,2.7554332859835995e-07,3.9790290173868925e-08
9836,People & Occupations,People & Occupations,0.9998435974121094,People & Occupations,0.9997057318687439,1.7909664165927097e-05,2.715316895773867e-07,6.413452501874417e-05,0.00015341799007728696,0.9998435974121094,0.9997057318687439,7.419470784952864e-05,0.0001404816866852343,2.8130992291153234e-07,3.73688280319584e-08
6757,Animals & Pets,Animals & Pets,0.9998211860656738,Animals & Pets,0.9996740221977234,0.9998211860656738,0.9996740221977234,6.394584488589317e-05,0.00015384341531898826,1.0771439519885462e-05,4.376023241547955e-07,9.9606268122443e-07,3.98268241497135e-07,0.00010305676551070064,0.00017126600141637027
1033,Food & Fruits,Food & Fruits,0.9999068975448608,Food & Fruits,0.9997672438621521,4.3564294173847884e-05,0.0001067594057531096,0.9999068975448608,0.9997672438621521,4.4974869524594396e-05,0.00012561469338834286,3.999649834440788e-06,2.0615134133095125e-07,5.368575557440636e-07,7.763878784317058e-08
4393,Emotions & Actions,Emotions & Actions,0.9998346567153931,Emotions & Actions,0.9997460246086121,7.713864761171862e-05,0.00015403507859446108,8.964450444182148e-07,9.265384903756058e-08,3.248610482842196e-07,6.174243338818997e-08,8.701512706466019e-05,9.981502080336213e-05,0.9998346567153931,0.9997460246086121
9548,People & Occupations,People & Occupations,0.9997979402542114,People & Occupations,0.9997254014015198,1.3532481716538314e-05,2.8532818419080286e-07,9.188285184791312e-05,0.0001586228027008474,0.9997979402542114,0.9997254014015198,9.639456402510405e-05,0.0001157545848400332,2.4984004198813636e-07,4.0026435499385116e-08
2448,Animals & Pets,Animals & Pets,0.999772310256958,Animals & Pets,0.9995951652526855,0.999772310256958,0.9995951652526855,0.0001131009848904796,0.000235534185776487,1.1919856660824735e-05,4.6965624278527685e-07,1.0839339665835723e-06,5.759421242146345e-07,0.00010148772707907483,0.000168123995536007
9059,Emotions & Actions,Emotions & Actions,0.9997891187667847,Emotions & Actions,0.9996827244758606,9.832895011641085e-05,0.0001744967739796266,1.4518361695081694e-06,1.1766816498948174e-07,3.5688674415723654e-07,6.74062405892073e-08,0.00011074532085331157,0.00014252039545681328,0.9997891187667847,0.9996827244758606
3187,People & Occupations,People & Occupations,0.9997655749320984,People & Occupations,0.9995768666267395,1.636116394365672e-05,3.1598983696312644e-07,0.0001226795866386965,0.00020880825468339026,0.9997655749320984,0.9995768666267395,9.502301691100001e-05,0.00021403170831035823,3.4634265944077924e-07,5.519410706256167e-08
6172,People & Occupations,People & Occupations,0.9998040199279785,People & Occupations,0.9995610117912292,2.402815516688861e-05,4.0730265027377754e-07,9.504524496151134e-05,0.00022525752137880772,0.9998040199279785,0.9995610117912292,7.64979122322984e-05,0.00021334787015803158,4.035186975670513e-07,4.250773599778768e-08
3430,Emotions & Actions,Emotions & Actions,0.9996959567070007,Emotions & Actions,0.9995784163475037,0.00015695358160883188,0.000215439751627855,1.860674728959566e-06,1.3073717752831726e-07,5.302426870912313e-07,8.052010969095136e-08,0.0001446863607270643,0.00020590799977071583,0.9996959567070007,0.9995784163475037
2187,Nature & Space,Nature & Space,0.9997449517250061,Nature & Space,0.9996048212051392,1.4504684031635406e-06,8.278237828562851e-07,1.118879208661383e-05,3.768216458865936e-07,0.00014534068759530783,0.00018994399579241872,0.9997449517250061,0.9996048212051392,9.697522909846157e-05,0.00020398858760017902
1558,Emotions & Actions,Emotions & Actions,0.9998314380645752,Emotions & Actions,0.9997261166572571,7.064124656608328e-05,0.00016401095490437,1.5250332126015564e-06,9.34585031586721e-08,3.313686818273709e-07,6.616464531816746e-08,9.604570368537679e-05,0.00010971824667649344,0.9998314380645752,0.9997261166572571
9152,Nature & Space,Nature & Space,0.9998080730438232,Nature & Space,0.9997134804725647,6.596746970899403e-07,5.082081315777032e-07,7.197251306934049e-06,2.0233211728282186e-07,5.931834675720893e-05,0.00013907364336773753,0.9998080730438232,0.9997134804725647,0.00012472619710024446,0.0001466953253839165
11215,Nature & Space,Nature & Space,0.9998142719268799,Nature & Space,0.9996834397315979,1.1160956319145043e-06,6.741834681633918e-07,7.209997875179397e-06,2.140942143569191e-07,9.133229468716308e-05,0.0001258849079022184,0.9998142719268799,0.9996834397315979,8.602611342212185e-05,0.00018969063239637762
10356,People & Occupations,People & Occupations,0.999763548374176,People & Occupations,0.9995471835136414,2.076074088108726e-05,3.7918954376436886e-07,9.832108480622992e-05,0.0002351779112359509,0.999763548374176,0.9995471835136414,0.00011698778689606115,0.000217220644117333,3.819300218310673e-07,5.021565385732174e-08
9169,Emotions & Actions,Emotions & Actions,0.9997925758361816,Emotions & Actions,0.9996965527534485,9.638835763325915e-05,0.00018660604837350547,1.7059754782167147e-06,1.0941850092649474e-07,3.90912077818939e-07,8.261483941396364e-08,0.00010892835416598246,0.00011660892778309062,0.9997925758361816,0.9996965527534485
3372,Animals & Pets,Animals & Pets,0.9998418092727661,Animals & Pets,0.9997232556343079,0.9998418092727661,0.9997232556343079,4.55104345746804e-05,0.00015185480879154056,9.03278669284191e-06,3.5455585134513967e-07,7.876376457716106e-07,3.463009363713354e-07,0.00010269852646160871,0.00012419515405781567
1775,Nature & Space,Nature & Space,0.9997497200965881,Nature & Space,0.9996741414070129,1.3104777281114366e-06,7.193888222900569e-07,8.863775292411447e-06,2.8479377078838297e-07,0.00010318520799046382,0.00017402315279468894,0.9997497200965881,0.9996741414070129,0.00013695839152205735,0.00015079333388712257
11233,Nature & Space,Nature & Space,0.999824047088623,Nature & Space,0.9997102618217468,8.774275670475618e-07,6.526246920657286e-07,8.853991857904475e-06,2.39104451793537e-07,6.304132693912834e-05,0.00014289941464085132,0.999824047088623,0.9997102618217468,0.00010312716040061787,0.00014587622717954218
5541,Nature & Space,Nature & Space,0.9998059272766113,Nature & Space,0.9997370839118958,7.572414801870764e-07,5.830651730320824e-07,7.008600732660852e-06,2.0320167948284507e-07,4.4623768189921975e-05,0.0001672549406066537,0.9998059272766113,0.9997370839118958,0.00014155327517073601,9.492139361100271e-05
665,Animals & Pets,Animals & Pets,0.9998435974121094,Animals & Pets,0.999723494052887,0.9998435974121094,0.999723494052887,4.897815961157903e-05,0.00010201521217823029,6.874395694467239e-06,3.617016659518413e-07,7.881041028667823e-07,3.6190559171700443e-07,9.967882942873985e-05,0.00017373921582475305
7831,Emotions & Actions,Emotions & Actions,0.9997230172157288,Emotions & Actions,0.9995692372322083,0.0001311633241130039,0.0002530394704081118,2.2816177533968585e-06,1.4863559272271232e-07,5.308581876306562e-07,9.662858246883843e-08,0.00014304685464594513,0.00017744171782396734,0.9997230172157288,0.9995692372322083
10000,Food & Fruits,Food & Fruits,0.999862551689148,Food & Fruits,0.9997513890266418,8.152961527230218e-05,0.00011850033479277045,0.999862551689148,0.9997513890266418,5.150950892129913e-05,0.00012978560698684305,3.884730176650919e-06,2.178138629460591e-07,5.209262781136204e-07,7.55045235223406e-08
3448,Animals & Pets,Animals & Pets,0.999809741973877,Animals & Pets,0.999681293964386,0.999809741973877,0.999681293964386,8.945635636337101e-05,0.00015681781223975122,1.0712933544709813e-05,5.733950274589006e-07,9.834635648076073e-07,4.123059227367776e-07,8.902350964490324e-05,0.0001608644670341164
9851,People & Occupations,People & Occupations,0.9997336268424988,People & Occupations,0.9995818734169006,2.2043588614906184e-05,3.8024060700081463e-07,0.00012175501615274698,0.00020858438801951706,0.9997336268424988,0.9995818734169006,0.00012218960910104215,0.00020915568165946752,3.5764102790381003e-07,4.4121616582515344e-08
1811,Animals & Pets,Animals & Pets,0.9998073577880859,Animals & Pets,0.9996669292449951,0.9998073577880859,0.9996669292449951,8.65092733874917e-05,0.00014796876348555088,1.1698226444423199e-05,5.358040198188974e-07,1.1306384521958535e-06,5.33219122189621e-07,9.329543536296114e-05,0.00018412726058159024
2252,People & Occupations,People & Occupations,0.9998490810394287,People & Occupations,0.9997308850288391,1.2765178325935267e-05,2.491908333013271e-07,6.86857893015258e-05,0.00016768896603025496,0.9998490810394287,0.9997308850288391,6.924991612322628e-05,0.00010120769002242014,1.8995858397374832e-07,3.814041349414765e-08
6143,People & Occupations,People & Occupations,0.9998719692230225,People & Occupations,0.9997562766075134,1.0315104191249702e-05,2.2518304376717424e-07,4.7672539949417114e-05,0.00012814592628274113,0.9998719692230225,0.9997562766075134,6.990683323238045e-05,0.00011539927800185978,1.9158616737513512e-07,3.39220953549102e-08
2912,Nature & Space,Nature & Space,0.9998258352279663,Nature & Space,0.9997230172157288,9.334805781691102e-07,5.992130240883853e-07,8.294646249851212e-06,2.1580662235010095e-07,9.291047899750993e-05,0.00012888891797047108,0.9998258352279663,0.9997230172157288,7.193141937023029e-05,0.0001473560114391148
9575,Food & Fruits,Food & Fruits,0.9998606443405151,Food & Fruits,0.9997259974479675,7.563512190245092e-05,0.00011418828216847032,0.9998606443405151,0.9997259974479675,5.931230407441035e-05,0.00015951642126310617,3.6956244002794847e-06,2.6491940730011265e-07,6.155622145342932e-07,6.736622992775665e-08
5648,People & Occupations,People & Occupations,0.999852180480957,People & Occupations,0.999744713306427,1.2061856978107244e-05,2.6415668230583833e-07,5.8775636716745794e-05,0.00015586099470965564,0.999852180480957,0.999744713306427,7.673482468817383e-05,9.911881352309138e-05,2.5540452952554915e-07,3.7658782758853704e-08
2332,Animals & Pets,Animals & Pets,0.9998031854629517,Animals & Pets,0.999649167060852,0.9998031854629517,0.999649167060852,9.196082828566432e-05,0.0001757756544975564,9.93173034657957e-06,4.337589984970691e-07,8.836290703584382e-07,4.243822786520468e-07,9.409224730916321e-05,0.00017413317982573062
7498,Nature & Space,Nature & Space,0.9998154640197754,Nature & Space,0.9996852278709412,8.26664859232551e-07,6.064905733182968e-07,8.533147592970636e-06,2.1483582202108664e-07,6.56155971228145e-05,0.00010980838123941794,0.9998154640197754,0.9996852278709412,0.00010953033779514953,0.0002041155385086313
7082,Animals & Pets,Animals & Pets,0.9997344613075256,Animals & Pets,0.9995920658111572,0.9997344613075256,0.9995920658111572,0.00012130704999435693,0.00017749264952726662,1.5653260561521165e-05,4.917351930089353e-07,1.4768691016797675e-06,5.856314260199724e-07,0.0001271950313821435,0.00022924090444575995
6342,Emotions & Actions,Emotions & Actions,0.9998167753219604,Emotions & Actions,0.9996921420097351,9.558366582496092e-05,0.00017338915495201945,1.3014486057727481e-06,9.91082558243761e-08,3.710165117354336e-07,6.700821586491656e-08,8.595301915192977e-05,0.00013431509432848543,0.9998167753219604,0.9996921420097351
2436,Nature & Space,Nature & Space,0.9998422861099243,Nature & Space,0.9997326731681824,9.405546279595001e-07,5.757780172643834e-07,8.85608733369736e-06,2.574948041456082e-07,7.436178566422313e-05,0.00010834611020982265,0.9998422861099243,0.9997326731681824,7.358845323324203e-05,0.00015816868108231574
4778,Animals & Pets,Animals & Pets,0.9997813701629639,Animals & Pets,0.9996060132980347,0.9997813701629639,0.9996060132980347,0.00010794512490974739,0.00018745989655144513,1.1919111784663983e-05,4.922365519632876e-07,1.1154980938954395e-06,5.396115625444509e-07,9.759602835401893e-05,0.0002054460346698761
2794,Food & Fruits,Food & Fruits,0.999850869178772,Food & Fruits,0.9997203946113586,6.329645839286968e-05,0.00014522267156280577,0.999850869178772,0.9997203946113586,8.011983300093561e-05,0.00013396693975664675,4.955880740453722e-06,2.6606818437358015e-07,6.87176850533433e-07,9.393406230628898e-08
5232,Animals & Pets,Animals & Pets,0.9998520612716675,Animals & Pets,0.9997212290763855,0.9998520612716675,0.9997212290763855,4.0283179259859025e-05,0.00012522615725174546,8.410364898736589e-06,3.436947793034051e-07,7.253039484567125e-07,3.5478916515785386e-07,9.850812784861773e-05,0.0001527282438473776
2209,Animals & Pets,Animals & Pets,0.9998596906661987,Animals & Pets,0.9997385144233704,0.9998596906661987,0.9997385144233704,5.1646500651258975e-05,0.00011599480058066547,8.466931831208058e-06,3.626172144777229e-07,7.453787702615955e-07,3.417047764742165e-07,7.944769458845258e-05,0.00014475172793027014
5186,Animals & Pets,Animals & Pets,0.9997882843017578,Animals & Pets,0.9996997714042664,0.9997882843017578,0.9996997714042664,0.00010902890062425286,0.00012778003292623907,1.0115101758856326e-05,3.870100329095294e-07,9.897926247504074e-07,4.722133724044397e-07,9.151065751211718e-05,0.00017155634122900665
6775,Animals & Pets,Animals & Pets,0.9997763633728027,Animals & Pets,0.9996269941329956,0.9997763633728027,0.9996269941329956,8.364794484805316e-05,0.0001505300315329805,1.2048515600326937e-05,5.789011083834339e-07,1.1122876912850188e-06,4.5678345372834883e-07,0.00012686550326179713,0.0002214351698057726
4058,Food & Fruits,Food & Fruits,0.9998104572296143,Food & Fruits,0.9997158646583557,8.427295688306913e-05,0.00014026131248101592,0.9998104572296143,0.9997158646583557,0.00010041457426268607,0.00014346156967803836,4.29026476922445e-06,2.7617318210104713e-07,6.458197390202258e-07,8.462436085210356e-08
8505,Emotions & Actions,Emotions & Actions,0.9998115301132202,Emotions & Actions,0.999691903591156,0.00011176733823958784,0.00019178958609700203,1.0283642950525973e-06,9.844261938951604e-08,3.6622412835640716e-07,8.162020037616458e-08,7.522662781411782e-05,0.00011608810746110976,0.9998115301132202,0.999691903591156
5290,Emotions & Actions,Emotions & Actions,0.999761164188385,Emotions & Actions,0.9996342658996582,0.00012638031330425292,0.00018437267863191664,1.5089520957189961e-06,1.1360241103375301e-07,5.397396876105631e-07,8.897142578234707e-08,0.00011036119394702837,0.00018115196144208312,0.999761164188385,0.9996342658996582
3997,Emotions & Actions,Emotions & Actions,0.9997418522834778,Emotions & Actions,0.9994990825653076,0.00012928838259540498,0.00023489358136430383,2.196559080402949e-06,1.6139125591507764e-07,5.965740683677723e-07,9.582491600212961e-08,0.00012608678662218153,0.00026569809415377676,0.9997418522834778,0.9994990825653076
3816,Food & Fruits,Food & Fruits,0.9998265504837036,Food & Fruits,0.9996834397315979,8.19902925286442e-05,0.00014794693561270833,0.9998265504837036,0.9996834397315979,8.558707486372441e-05,0.00016824438353069127,5.0726052904792596e-06,2.573579251929914e-07,6.849696205790679e-07,9.435687076120303e-08
7954,Animals & Pets,Animals & Pets,0.9998512268066406,Animals & Pets,0.9997239708900452,0.9998512268066406,0.9997239708900452,4.949971116730012e-05,0.00012418648111633956,7.427410764648812e-06,3.68122755389777e-07,8.116530239021813e-07,3.931114633815014e-07,9.1076988610439e-05,0.00015108053048606962
11295,Emotions & Actions,Emotions & Actions,0.9998424053192139,Emotions & Actions,0.9997311234474182,6.397281686076894e-05,0.00013897797907702625,1.176073510578135e-06,9.249320243043258e-08,3.0931425953895086e-07,6.649327843888386e-08,9.205754031427205e-05,0.00012970923853572458,0.9998424053192139,0.9997311234474182
11983,Emotions & Actions,Emotions & Actions,0.9998382329940796,Emotions & Actions,0.9997469782829285,5.981042704661377e-05,0.00014133854710962623,1.3318510809767758e-06,9.327239780532182e-08,2.6304905986762606e-07,6.79457627938973e-08,0.00010034297883976251,0.00011151514627272263,0.9998382329940796,0.9997469782829285
6042,Food & Fruits,Food & Fruits,0.9998735189437866,Food & Fruits,0.9997627139091492,6.875431427033618e-05,0.000124035170301795,0.9998735189437866,0.9997627139091492,5.332251021172851e-05,0.0001128486474044621,3.8572875382669736e-06,2.0904921882447525e-07,5.524632911146909e-07,7.344618779825396e-08
975,Nature & Space,Nature & Space,0.999802827835083,Nature & Space,0.999715268611908,1.2421960491337813e-06,7.327302000703639e-07,7.920552889117971e-06,2.5679335635686584e-07,0.00011377755436114967,0.00013465204392559826,0.999802827835083,0.999715268611908,7.409913087030873e-05,0.00014905660646036267
3723,Food & Fruits,Food & Fruits,0.999889612197876,Food & Fruits,0.9997547268867493,5.189213698031381e-05,9.681511437520385e-05,0.999889612197876,0.9997547268867493,5.417466309154406e-05,0.00014816787734162062,3.725786882569082e-06,2.3649049296636804e-07,5.553426376536663e-07,7.0391479312093e-08
11935,Emotions & Actions,Emotions & Actions,0.9997912645339966,Emotions & Actions,0.9996927380561829,8.79692961461842e-05,0.00016338337445631623,1.7710393649394973e-06,1.1049100834270575e-07,3.962352934649971e-07,7.900713683284266e-08,0.00011858102516271174,0.00014366814866662025,0.9997912645339966,0.9996927380561829
1726,Nature & Space,Nature & Space,0.99980628490448,Nature & Space,0.999727189540863,8.387763159589667e-07,5.649389436257479e-07,7.06621358403936e-06,2.2048322989576263e-07,6.37707780697383e-05,0.00012346876610536128,0.99980628490448,0.999727189540863,0.00012202879588585347,0.00014853022003080696
6428,Emotions & Actions,Emotions & Actions,0.999850869178772,Emotions & Actions,0.9997596144676208,6.917413702467456e-05,0.00015291542513296008,9.864667163128615e-07,8.097784842675537e-08,2.69530715968358e-07,5.860538720980912e-08,7.868167449487373e-05,8.727853128220886e-05,0.999850869178772,0.9997596144676208
2587,Food & Fruits,Food & Fruits,0.9998784065246582,Food & Fruits,0.9997528195381165,5.806597982882522e-05,0.00013720091374125332,0.9998784065246582,0.9997528195381165,5.9246987802907825e-05,0.00010966896661557257,3.739178964679013e-06,2.1520551740650262e-07,6.03615092131804e-07,7.997527973202523e-08
9186,Nature & Space,Nature & Space,0.999757707118988,Nature & Space,0.9997034668922424,8.171799095180177e-07,5.91435934893525e-07,9.32060993363848e-06,2.158715517452947e-07,6.284800474531949e-05,0.00013471067359205335,0.999757707118988,0.9997034668922424,0.00016933557344600558,0.0001610115432413295
9819,Emotions & Actions,Emotions & Actions,0.999850869178772,Emotions & Actions,0.9997450709342957,6.677677447441965e-05,0.00015181976777967066,1.0658724249879015e-06,9.489115626593048e-08,3.109180397586897e-07,6.148266606942343e-08,8.098698890535161e-05,0.00010289248166373,0.999850869178772,0.9997450709342957
10919,People & Occupations,People & Occupations,0.9997244477272034,People & Occupations,0.9996669292449951,2.3500066163251176e-05,3.2155620033336163e-07,0.00015011447248980403,0.00018162427295465022,0.9997244477272034,0.9996669292449951,0.00010162038961425424,0.00015112552500795573,2.8902954340992437e-07,4.305513812141726e-08
1567,Nature & Space,Nature & Space,0.9998354911804199,Nature & Space,0.9997208714485168,7.852835892663279e-07,5.753908567385224e-07,8.803087439446244e-06,2.433766610465682e-07,8.014832565095276e-05,0.00012448774941731244,0.9998354911804199,0.9997208714485168,7.478750922018662e-05,0.00015383624122478068
4426,Emotions & Actions,Emotions & Actions,0.9998091459274292,Emotions & Actions,0.9996733069419861,7.771638775011525e-05,0.00016966070688795298,1.6860653886396904e-06,1.2038097452204966e-07,4.004393758805236e-07,8.152098018854304e-08,0.0001110415396397002,0.00015678546333219856,0.9998091459274292,0.9996733069419861
7875,Emotions & Actions,Emotions & Actions,0.9997672438621521,Emotions & Actions,0.9996403455734253,8.739414624869823e-05,0.0002066699235001579,1.947585587913636e-06,1.313586750484319e-07,4.1485080259917595e-07,9.120147836938486e-08,0.00014300394104793668,0.00015272448945324868,0.9997672438621521,0.9996403455734253
2880,Emotions & Actions,Emotions & Actions,0.9998278617858887,Emotions & Actions,0.999677836894989,7.65488512115553e-05,0.00017534052312839776,1.401593181071803e-06,1.0089917878985943e-07,3.41890171284831e-07,8.698400932871664e-08,9.383881842950359e-05,0.0001466115063522011,0.9998278617858887,0.999677836894989
611,Animals & Pets,Animals & Pets,0.9997892379760742,Animals & Pets,0.9996381998062134,0.9997892379760742,0.9996381998062134,8.018498192541301e-05,0.0001838577154558152,1.0687467693060171e-05,4.55479209904297e-07,9.137652909885219e-07,5.386756924963265e-07,0.0001188419628306292,0.00017687902436591685
2424,Nature & Space,Nature & Space,0.9998078346252441,Nature & Space,0.9997308850288391,9.966080369849806e-07,6.36280674370937e-07,8.542242539988365e-06,2.4514667984476546e-07,8.404160325881094e-05,0.00015814877406228334,0.9998078346252441,0.9997308850288391,9.853543451754376e-05,0.00011009295121766627
6529,People & Occupations,People & Occupations,0.9998805522918701,People & Occupations,0.9997668862342834,1.1372331755410414e-05,2.151260503069352e-07,4.73290347144939e-05,0.00013385222700890154,0.9998805522918701,0.9997668862342834,6.0687700170092285e-05,9.90490079857409e-05,1.786239209877749e-07,3.318160679555149e-08
11670,Animals & Pets,Animals & Pets,0.9998362064361572,Animals & Pets,0.9996910691261292,0.9998362064361572,0.9996910691261292,4.4126722059445456e-05,0.00014363556692842394,7.4095205491175875e-06,3.683687737066066e-07,7.508928661081882e-07,3.648807762601791e-07,0.00011151721992064267,0.00016454131400678307
9838,Animals & Pets,Animals & Pets,0.9998403787612915,Animals & Pets,0.9997126460075378,0.9998403787612915,0.9997126460075378,5.133824379299767e-05,0.00011280285980319604,9.402886462339666e-06,4.176078789441817e-07,8.800035971034958e-07,3.7667800256713235e-07,9.801996202440932e-05,0.00017364804807584733
4676,Animals & Pets,Animals & Pets,0.9998126029968262,Animals & Pets,0.9997205138206482,0.9998126029968262,0.9997205138206482,5.348085323930718e-05,0.00014255527639761567,7.708637895120773e-06,4.105631035145052e-07,8.054792033362901e-07,3.462530742126546e-07,0.00012520788004621863,0.0001361769827781245
4684,People & Occupations,People & Occupations,0.999819278717041,People & Occupations,0.9997407793998718,1.4131000170891639e-05,2.647245480602578e-07,7.706164615228772e-05,0.00011804440873675048,0.999819278717041,0.9997407793998718,8.925277506932616e-05,0.0001408592943334952,2.8920200634274806e-07,4.1747405532532866e-08
379,Nature & Space,Nature & Space,0.9998469352722168,Nature & Space,0.9997267127037048,6.355006121339102e-07,5.073799229649012e-07,7.572563390567666e-06,2.0932576205723308e-07,4.862299101660028e-05,0.00015302286192309111,0.9998469352722168,0.9997267127037048,9.61857003858313e-05,0.00011955487570958212
5823,Emotions & Actions,Emotions & Actions,0.9997400641441345,Emotions & Actions,0.9996111392974854,0.00011893544433405623,0.0002286369854118675,2.35074139709468e-06,1.4638857237514458e-07,5.007915433452581e-07,8.589064748321107e-08,0.0001381125912303105,0.00015997246373444796,0.9997400641441345,0.9996111392974854
5394,Food & Fruits,Food & Fruits,0.999868631362915,Food & Fruits,0.999735414981842,6.384205335052684e-05,0.00011897481454070657,0.999868631362915,0.999735414981842,6.204311648616567e-05,0.00014522470883093774,4.763027845910983e-06,2.4854568891896633e-07,6.281644004957343e-07,8.848555665963431e-08
4112,Food & Fruits,Food & Fruits,0.9997949600219727,Food & Fruits,0.9996694922447205,8.691530820215121e-05,0.0001496969343861565,0.9997949600219727,0.9996694922447205,0.00011230880045332015,0.00018031118088401854,4.987754891772056e-06,3.2507170999451773e-07,7.924036253825761e-07,1.0500775715627242e-07
10244,Emotions & Actions,Emotions & Actions,0.9997830390930176,Emotions & Actions,0.9996505975723267,0.0001336345012532547,0.00016683204739820212,1.5317574479922769e-06,1.2792706627351436e-07,4.7461949748139887e-07,9.315814963883895e-08,8.132604853017256e-05,0.00018228936824016273,0.9997830390930176,0.9996505975723267
7305,Food & Fruits,Food & Fruits,0.9997289776802063,Food & Fruits,0.9996792674064636,0.00012535176938399673,0.0001888126862468198,0.9997289776802063,0.9996792674064636,0.00013879848120268434,0.00013139494694769382,5.9128210523340385e-06,3.3596816706449317e-07,8.905978461370978e-07,1.199237971150069e-07
8201,Animals & Pets,Animals & Pets,0.99980628490448,Animals & Pets,0.9996585845947266,0.99980628490448,0.9996585845947266,6.727973959641531e-05,0.00015331830945797265,1.1157808330608532e-05,4.6516768748006143e-07,1.0377052603871562e-06,5.546364150177396e-07,0.00011414867913117632,0.0001869511033874005
6388,People & Occupations,People & Occupations,0.9998135566711426,People & Occupations,0.9996747374534607,1.894729575724341e-05,2.766457782854559e-07,8.329673437401652e-05,0.0001972697937162593,0.9998135566711426,0.9996747374534607,8.387448906432837e-05,0.00012764614075422287,2.8898557502543554e-07,3.996490605118197e-08
6896,Emotions & Actions,Emotions & Actions,0.999852180480957,Emotions & Actions,0.9997532963752747,5.9958376368740574e-05,0.0001502017112215981,1.2460210427889251e-06,8.423074149277454e-08,2.257833386920538e-07,6.081939574187345e-08,8.642046304885298e-05,9.633209992898628e-05,0.999852180480957,0.9997532963752747
7017,Food & Fruits,Food & Fruits,0.9998830556869507,Food & Fruits,0.9997524619102478,6.517129804706201e-05,0.00010560607188381255,0.9998830556869507,0.9997524619102478,4.7716919652884826e-05,0.00014158134581521153,3.4514764593041036e-06,2.0265305522570998e-07,5.558995894716645e-07,7.990557548964716e-08
8893,Animals & Pets,Animals & Pets,0.9998115301132202,Animals & Pets,0.9996955990791321,0.9998115301132202,0.9996955990791321,6.063428372726776e-05,0.0001558698422741145,1.062548744812375e-05,4.409207861044706e-07,9.667730864748592e-07,4.5866877940170525e-07,0.00011619924771366641,0.0001475325261708349
3529,Emotions & Actions,Emotions & Actions,0.9997672438621521,Emotions & Actions,0.9996311664581299,0.00011265881767030805,0.00019516820611897856,1.597432856215164e-06,1.3030989975959528e-07,4.63977642084501e-07,1.0250932547251068e-07,0.0001180435938294977,0.0001734513498377055,0.9997672438621521,0.9996311664581299
6159,People & Occupations,People & Occupations,0.9998496770858765,People & Occupations,0.9997442364692688,1.1008160981873516e-05,2.2167697011354903e-07,7.632045890204608e-05,0.00015226899995468557,0.9998496770858765,0.9997442364692688,6.26792389084585e-05,0.00010326180927222595,2.0905204678456357e-07,3.7127428242911265e-08
3373,Nature & Space,Nature & Space,0.9997813701629639,Nature & Space,0.9996822476387024,1.1935566135434783e-06,7.514061621805013e-07,8.740824341657571e-06,3.0267187867139e-07,0.00010854572610696778,0.00013259270053822547,0.9997813701629639,0.9996822476387024,0.00010009537072619423,0.00018417663522996008
3931,Emotions & Actions,Emotions & Actions,0.9998427629470825,Emotions & Actions,0.9997206330299377,8.449256711173803e-05,0.00015803211135789752,1.473050929234887e-06,9.529019706633335e-08,3.743786010090844e-07,6.934671858971342e-08,7.081843068590388e-05,0.00012110123498132452,0.9998427629470825,0.9997206330299377
4535,Emotions & Actions,Emotions & Actions,0.999840259552002,Emotions & Actions,0.9997255206108093,8.203248580684885e-05,0.00016078093904070556,1.3452138318825746e-06,1.0240174219688924e-07,2.9311402727216773e-07,5.961170046475672e-08,7.604779239045456e-05,0.0001134790072683245,0.999840259552002,0.9997255206108093
11535,People & Occupations,People & Occupations,0.9998358488082886,People & Occupations,0.9997543692588806,1.5105773854884319e-05,2.6353217208452406e-07,8.312353020301089e-05,0.00013189723540563136,0.9998358488082886,0.9997543692588806,6.569959077751264e-05,0.00011347005056450143,2.430585652746231e-07,3.800159831257588e-08
9453,Emotions & Actions,Emotions & Actions,0.9997988939285278,Emotions & Actions,0.9996855854988098,0.0001049948696163483,0.00018484854081179947,1.2189517519800575e-06,1.1162771329509269e-07,4.062899279233534e-07,7.447676608762777e-08,9.44741623243317e-05,0.00012933857215102762,0.9997988939285278,0.9996855854988098
10498,Nature & Space,Nature & Space,0.9998105764389038,Nature & Space,0.9996859431266785,1.1292617045910447e-06,7.431776225530484e-07,7.038393505354179e-06,2.413614197394054e-07,0.000116178416647017,0.00014288979582488537,0.9998105764389038,0.9996859431266785,6.511154060717672e-05,0.00017018482321873307
10231,Emotions & Actions,Emotions & Actions,0.9998438358306885,Emotions & Actions,0.9997580647468567,5.143432645127177e-05,0.00013236560334917158,1.2593991414178163e-06,9.327218464250109e-08,2.397399327946914e-07,6.038000321950676e-08,0.00010319373541278765,0.00010946818656520918,0.9998438358306885,0.9997580647468567
2005,People & Occupations,People & Occupations,0.9998359680175781,People & Occupations,0.999722421169281,1.421056549588684e-05,2.6714394607552094e-07,6.751473847543821e-05,0.00015072656970005482,0.9998359680175781,0.999722421169281,8.19480701466091e-05,0.0001265972387045622,2.678861505955865e-07,3.696107242490143e-08
10388,Emotions & Actions,Emotions & Actions,0.9998561143875122,Emotions & Actions,0.9997697472572327,7.296666444744915e-05,0.0001328796352026984,1.0266217032040004e-06,8.706288667781337e-08,2.823880720370653e-07,6.900784654817471e-08,6.959646270843223e-05,9.721820970298722e-05,0.9998561143875122,0.9997697472572327
8778,People & Occupations,People & Occupations,0.9998759031295776,People & Occupations,0.9997795820236206,1.2090902600903064e-05,2.3253869585460052e-07,4.5661970943911e-05,0.00011222527245990932,0.9998759031295776,0.9997795820236206,6.599920016014948e-05,0.0001079110661521554,2.0704938208382373e-07,3.253980196404882e-08
3257,Food & Fruits,Food & Fruits,0.9998505115509033,Food & Fruits,0.9996984601020813,7.326441846089438e-05,0.00011504647409310564,0.9998505115509033,0.9996984601020813,7.008871034486219e-05,0.00018618883041199297,5.359098850021837e-06,2.8015836051054066e-07,7.576711027468264e-07,9.229316333403403e-08
4012,Food & Fruits,Food & Fruits,0.9998661279678345,Food & Fruits,0.9997490048408508,6.484948971774429e-05,0.00013620358367916197,0.9998661279678345,0.9997490048408508,6.307753210421652e-05,0.0001144146008300595,5.251868969935458e-06,2.722806584642967e-07,6.955940534680849e-07,8.546579977064539e-08
761,Animals & Pets,Animals & Pets,0.9998377561569214,Animals & Pets,0.9997102618217468,0.9998377561569214,0.9997102618217468,7.10880703991279e-05,0.0001444397057639435,9.530282113701105e-06,3.6196087194184656e-07,7.483632771254634e-07,3.905125254277664e-07,8.09293269412592e-05,0.000144535893923603
8861,Emotions & Actions,Emotions & Actions,0.9998432397842407,Emotions & Actions,0.9997468590736389,7.779378211125731e-05,0.00015154779248405248,1.3184808267396875e-06,9.268768508263747e-08,2.6281441023456864e-07,5.873231856412531e-08,7.7399134170264e-05,0.00010142380051547661,0.9998432397842407,0.9997468590736389
10439,Food & Fruits,Food & Fruits,0.9998739957809448,Food & Fruits,0.9997333884239197,6.451904482673854e-05,0.00013107764243613929,0.9998739957809448,0.9997333884239197,5.688358214683831e-05,0.0001351989048998803,4.0548220567870885e-06,2.2197095006504242e-07,5.627069299407594e-07,9.342532791833946e-08
4635,People & Occupations,People & Occupations,0.999853253364563,People & Occupations,0.9997676014900208,1.007434184430167e-05,2.2177560765612725e-07,6.435633258661255e-05,0.0001176563382614404,0.999853253364563,0.9997676014900208,7.216294761747122e-05,0.00011448090663179755,2.253761266501897e-07,3.740472820368268e-08
10784,People & Occupations,People & Occupations,0.9998811483383179,People & Occupations,0.9997623562812805,1.143801273428835e-05,2.193437609321336e-07,5.851865716977045e-05,0.00013584310363512486,0.9998811483383179,0.9997623562812805,4.8689569666748866e-05,0.00010150297748623416,2.457282448631304e-07,3.250294966505862e-08
1193,Emotions & Actions,Emotions & Actions,0.9998189210891724,Emotions & Actions,0.9996408224105835,0.0001032817381201312,0.00019172875909134746,1.0412018127681222e-06,1.019034527871554e-07,3.614682668739988e-07,7.21002564318951e-08,7.639486284460872e-05,0.00016730153583921492,0.9998189210891724,0.9996408224105835
10023,Emotions & Actions,Emotions & Actions,0.9998434782028198,Emotions & Actions,0.999780535697937,5.706690717488527e-05,0.0001224975276272744,1.1257880032644607e-06,8.709471899237542e-08,2.42013555862286e-07,5.900569277628165e-08,9.801596752367914e-05,9.675096953287721e-05,0.9998434782028198,0.999780535697937
5956,Nature & Space,Nature & Space,0.9998354911804199,Nature & Space,0.9996876120567322,8.858598903316306e-07,6.116114832366293e-07,7.141709374991478e-06,2.1848354947451298e-07,7.238637044792995e-05,0.0001836549345171079,0.9998354911804199,0.9996876120567322,8.400801743846387e-05,0.00012792601773981005
4918,Emotions & Actions,Emotions & Actions,0.9998264312744141,Emotions & Actions,0.9997062087059021,7.823067426215857e-05,0.00019066456297878176,1.3585982969743782e-06,1.025749156724487e-07,3.1629608088223904e-07,6.49668265850778e-08,9.366272570332512e-05,0.00010297152766725048,0.9998264312744141,0.9997062087059021
4520,Nature & Space,Nature & Space,0.9998115301132202,Nature & Space,0.9997342228889465,1.0364723266320652e-06,6.375133807523525e-07,8.555914973840117e-06,2.5950484427994525e-07,9.20522361411713e-05,0.000129157371702604,0.9998115301132202,0.9997342228889465,8.674285345477983e-05,0.00013577491336036474
5782,People & Occupations,People & Occupations,0.9998013973236084,People & Occupations,0.9996654987335205,1.8086608179146424e-05,3.2364346225222107e-07,8.131994400173426e-05,0.0001762997853802517,0.9998013973236084,0.9996654987335205,9.882418089546263e-05,0.00015795575745869428,3.480162149571697e-07,4.295058531056384e-08
2432,Emotions & Actions,Emotions & Actions,0.9998420476913452,Emotions & Actions,0.9997537732124329,7.544187246821821e-05,0.00015777126827742904,9.295912946072349e-07,9.021884039839279e-08,3.000835988586914e-07,5.885125631266419e-08,8.125542080961168e-05,8.83262837305665e-05,0.9998420476913452,0.9997537732124329
4895,Emotions & Actions,Emotions & Actions,0.9998393058776855,Emotions & Actions,0.9997531771659851,7.11007887730375e-05,0.00015126474318094552,1.4759917803530698e-06,9.838670678163908e-08,3.047331347261206e-07,6.929846563252795e-08,8.777288894634694e-05,9.539109305478632e-05,0.9998393058776855,0.9997531771659851
3717,Nature & Space,Nature & Space,0.9997894763946533,Nature & Space,0.999675452709198,1.215336169479997e-06,6.35434105333843e-07,9.123989002546296e-06,2.670494154699554e-07,0.0001163795604952611,0.00014696868311148137,0.9997894763946533,0.999675452709198,8.374858589377254e-05,0.00017661135643720627
1670,People & Occupations,People & Occupations,0.9997950792312622,People & Occupations,0.9996603727340698,1.712220000626985e-05,2.8196362222843163e-07,0.00010521880176384002,0.00020292768022045493,0.9997950792312622,0.9996603727340698,8.230930689023808e-05,0.00013643513375427574,2.438217450162483e-07,3.978696483386557e-08
4804,Nature & Space,Nature & Space,0.9997810125350952,Nature & Space,0.9997063279151917,7.876768677306245e-07,5.488317356139305e-07,6.206244961504126e-06,2.1085098467210628e-07,6.97724026395008e-05,0.00017219214350916445,0.9997810125350952,0.9997063279151917,0.00014220367302186787,0.00012075376434950158
10245,Nature & Space,Nature & Space,0.9998211860656738,Nature & Space,0.9997430443763733,1.0017536169470986e-06,5.640569611387036e-07,8.213600267481524e-06,2.337352356107658e-07,8.447350410278887e-05,0.00014318361354526132,0.9998211860656738,0.9997430443763733,8.510445331921801e-05,0.00011298124445602298
10786,Emotions & Actions,Emotions & Actions,0.9997313618659973,Emotions & Actions,0.9996141195297241,0.000106894425698556,0.0002084872976411134,2.560227130743442e-06,1.4812476933911967e-07,4.3743216338043567e-07,1.0078272794089571e-07,0.00015875391545705497,0.00017707930237520486,0.9997313618659973,0.9996141195297241
11313,People & Occupations,People & Occupations,0.9998244047164917,People & Occupations,0.9997137188911438,1.4920648027327843e-05,2.6145849574277236e-07,9.815992962103337e-05,0.00013878497702535242,0.9998244047164917,0.9997137188911438,6.219273927854374e-05,0.0001472037984058261,2.4401987275268766e-07,4.444079948484614e-08
11685,Nature & Space,Nature & Space,0.9997684359550476,Nature & Space,0.9997091889381409,1.4900225551173207e-06,7.414844276354415e-07,7.966512384882662e-06,2.9112422339494515e-07,0.0001264805905520916,0.0001308515202254057,0.9997684359550476,0.9997091889381409,9.558159945299849e-05,0.00015881079889368266
600,Emotions & Actions,Emotions & Actions,0.9998314380645752,Emotions & Actions,0.9997377991676331,8.522195275872946e-05,0.00014526092854794115,1.0522754791963962e-06,8.880024182644775e-08,2.878854843402223e-07,6.27279774789713e-08,8.191449160221964e-05,0.00011681543401209638,0.9998314380645752,0.9997377991676331
9388,Emotions & Actions,Emotions & Actions,0.9997501969337463,Emotions & Actions,0.9996155500411987,0.0001484173844801262,0.00019497188623063266,1.9534154489520006e-06,1.5614693893439835e-07,5.482092433339858e-07,9.587776617081545e-08,9.889246575767174e-05,0.00018920475849881768,0.9997501969337463,0.9996155500411987
11974,Emotions & Actions,Emotions & Actions,0.9998528957366943,Emotions & Actions,0.9997861385345459,8.364247332792729e-05,0.00012435847020242363,8.979511108009319e-07,8.414838958969995e-08,3.318833989851555e-07,5.920771073419928e-08,6.21960498392582e-05,8.934110519476235e-05,0.9998528957366943,0.9997861385345459
1433,Nature & Space,Nature & Space,0.9997345805168152,Nature & Space,0.9997050166130066,1.3748630180998589e-06,7.047021881589899e-07,7.141125024645589e-06,2.392733620126819e-07,0.00017881474923342466,0.00016023607167880982,0.9997345805168152,0.9997050166130066,7.800670573487878e-05,0.00013386833597905934
7898,People & Occupations,People & Occupations,0.9997522234916687,People & Occupations,0.9996507167816162,1.806814907467924e-05,2.9755679520349076e-07,0.00013001292245462537,0.00018153247947338969,0.9997522234916687,0.9996507167816162,9.929497173288837e-05,0.00016738554404582828,3.125148850813275e-07,5.181889051186772e-08
10176,Animals & Pets,Animals & Pets,0.9998162984848022,Animals & Pets,0.9996772408485413,0.9998162984848022,0.9996772408485413,7.03851183061488e-05,0.00015457600238732994,1.0382210348325316e-05,4.143295200265129e-07,9.709393680168432e-07,4.440581733433646e-07,0.00010190604371018708,0.0001673480001045391
10282,People & Occupations,People & Occupations,0.9998151063919067,People & Occupations,0.9996647834777832,1.6279822375508957e-05,3.175456697590562e-07,7.96429012552835e-05,0.00017857372586149722,0.9998151063919067,0.9996647834777832,8.853309554979205e-05,0.00015634202281944454,3.0051654675844475e-07,4.657358587678573e-08
1762,People & Occupations,People & Occupations,0.9998693466186523,People & Occupations,0.9997593760490417,1.0919638043560553e-05,2.3158105477705249e-07,5.5952303227968514e-05,0.000130041255033575,0.9998693466186523,0.9997593760490417,6.350714102154598e-05,0.00011031154281226918,2.0167952641259035e-07,3.407524218346225e-08
2184,Nature & Space,Nature & Space,0.9998201131820679,Nature & Space,0.999699056148529,1.1973332902925904e-06,6.868183390906779e-07,8.859632544044871e-06,2.461671329001547e-07,0.00010311986261513084,0.0001534850016469136,0.9998201131820679,0.999699056148529,6.663610110990703e-05,0.00014641368761658669
700,Food & Fruits,Food & Fruits,0.9998961687088013,Food & Fruits,0.9997442364692688,5.1235605496913195e-05,8.585306204622611e-05,0.9998961687088013,0.9997442364692688,4.8687656089896336e-05,0.00016953704471234232,3.33371781380265e-06,2.304271475850328e-07,5.75747549191874e-07,7.260454282231876e-08
9718,People & Occupations,People & Occupations,0.9997800588607788,People & Occupations,0.9996835589408875,1.858785435615573e-05,2.8683584218924807e-07,9.946757927536964e-05,0.0001640108530409634,0.9997800588607788,0.9996835589408875,0.00010156577627640218,0.00015206311945803463,2.3158408168910682e-07,3.952519733729787e-08
2919,Emotions & Actions,Emotions & Actions,0.9998373985290527,Emotions & Actions,0.9997102618217468,7.69276448409073e-05,0.00018230303248856217,1.1947931852773763e-06,9.855075688847137e-08,3.223538271868165e-07,8.368856896368015e-08,8.417788194492459e-05,0.00010719290730776265,0.9998373985290527,0.9997102618217468
7896,Emotions & Actions,Emotions & Actions,0.9997997283935547,Emotions & Actions,0.9996978640556335,9.278258221456781e-05,0.00018696737242862582,1.8285634268977446e-06,1.1230822138941221e-07,3.569106468148675e-07,7.560754511359846e-08,0.00010522641241550446,0.00011491624172776937,0.9997997283935547,0.9996978640556335
3807,Animals & Pets,Animals & Pets,0.9998407363891602,Animals & Pets,0.9997208714485168,0.9998407363891602,0.9997208714485168,3.758513412321918e-05,0.00010041525092674419,7.031467248452827e-06,3.9102945947888657e-07,8.169407692548702e-07,3.741334353435377e-07,0.00011381877993699163,0.00017788956756703556
2899,Emotions & Actions,Emotions & Actions,0.9998141527175903,Emotions & Actions,0.9997156262397766,7.354491390287876e-05,0.00015822752902749926,1.3574923514170223e-06,1.1287953327610012e-07,3.46524700489681e-07,7.45614414654483e-08,0.0001105564515455626,0.00012589507969096303,0.9998141527175903,0.9997156262397766
1204,Nature & Space,Nature & Space,0.9997522234916687,Nature & Space,0.9996680021286011,1.2956878663317184e-06,7.371432388936228e-07,1.1611974514380563e-05,3.4481172406231053e-07,0.0001208974645123817,0.00017062624101527035,0.9997522234916687,0.9996680021286011,0.00011390001600375399,0.0001602770498720929
4175,People & Occupations,People & Occupations,0.9997930526733398,People & Occupations,0.9997058510780334,1.4409744835575111e-05,2.798210232413112e-07,0.00010367696813773364,0.00015041505685076118,0.9997930526733398,0.9997058510780334,8.857632201397792e-05,0.0001435129379387945,2.651671877629269e-07,4.48086545645765e-08
9265,Nature & Space,Nature & Space,0.9997571110725403,Nature & Space,0.9996814131736755,1.3956985185359372e-06,7.424488899232529e-07,1.0245499652228318e-05,3.0981706800048414e-07,0.0001348554651485756,0.00012375228106975555,0.9997571110725403,0.9996814131736755,9.638834308134392e-05,0.00019377128046471626
9601,Nature & Space,Nature & Space,0.9998182058334351,Nature & Space,0.999721109867096,6.93750166647078e-07,4.677547451592545e-07,6.980777015996864e-06,1.8098506870956044e-07,4.505089236772619e-05,0.00013294680684339255,0.9998182058334351,0.999721109867096,0.000129059495520778,0.00014529080362990499
6827,Food & Fruits,Food & Fruits,0.9998763799667358,Food & Fruits,0.9997547268867493,6.603285146411508e-05,0.00011469394667074084,0.9998763799667358,0.9997547268867493,5.2674553444376215e-05,0.00013031289563514292,4.247903689247323e-06,2.1380239445534244e-07,5.391540867094591e-07,7.063867712986394e-08
10044,Nature & Space,Nature & Space,0.999809980392456,Nature & Space,0.9997377991676331,8.818150263323332e-07,6.839609909548017e-07,8.238620466727298e-06,1.9586245514346956e-07,7.338878640439361e-05,0.00011756669118767604,0.999809980392456,0.9997377991676331,0.00010748830391094089,0.00014376301260199398
8713,Emotions & Actions,Emotions & Actions,0.9998501539230347,Emotions & Actions,0.9997381567955017,8.528647595085204e-05,0.00014226931671146303,1.0748768772828043e-06,9.294392100400728e-08,3.549374412159523e-07,6.828086895893648e-08,6.316044164123014e-05,0.00011935734801227227,0.9998501539230347,0.9997381567955017
1818,Emotions & Actions,Emotions & Actions,0.9998281002044678,Emotions & Actions,0.9997283816337585,6.427441985579208e-05,0.0001593124761711806,1.3708647657040274e-06,1.0456444243800433e-07,3.447837286785216e-07,7.94189531916345e-08,0.00010584475967334583,0.0001121302047977224,0.9998281002044678,0.9997283816337585
7071,Nature & Space,Nature & Space,0.999783992767334,Nature & Space,0.9996848702430725,1.119663011195371e-06,6.438140189857222e-07,1.009649713523686e-05,2.620750194637367e-07,0.00013123999815434217,0.00015869838534854352,0.999783992767334,0.9996848702430725,7.357861613854766e-05,0.00015553495904896408
8448,Nature & Space,Nature & Space,0.9998083114624023,Nature & Space,0.9996669292449951,9.009070822685317e-07,7.212569244074984e-07,7.85070915299002e-06,2.5405961423530243e-07,6.499029404949397e-05,0.00015802182315383106,0.9998083114624023,0.9996669292449951,0.00011785585957113653,0.0001740522711770609
504,People & Occupations,People & Occupations,0.9998534917831421,People & Occupations,0.999727189540863,1.6328058336512186e-05,2.647408905431803e-07,7.290707435458899e-05,0.00013669667532667518,0.9998534917831421,0.999727189540863,5.692566264769994e-05,0.00013589495210908353,2.7302760940983717e-07,3.732902342790112e-08
11508,Food & Fruits,Food & Fruits,0.999815821647644,Food & Fruits,0.9997174143791199,7.98985711298883e-05,0.0001455290475860238,0.999815821647644,0.9997174143791199,9.935689013218507e-05,0.0001367467048112303,4.125280156586086e-06,2.433878876217932e-07,7.101604069248424e-07,8.927631967026173e-08
8413,People & Occupations,People & Occupations,0.9997379183769226,People & Occupations,0.9996681213378906,1.6572537788306363e-05,3.2769048630143516e-07,0.00013139162911102176,0.00019173711189068854,0.9997379183769226,0.9996681213378906,0.00011372038716217503,0.00013974550529383123,3.978354925493477e-07,4.823028731948398e-08
197,Emotions & Actions,Emotions & Actions,0.9998136758804321,Emotions & Actions,0.9997157454490662,7.606165308970958e-05,0.0001335088163614273,1.9025327446797746e-06,1.373693407913379e-07,3.932029812858673e-07,9.926345256872082e-08,0.00010794119589263573,0.00015050593356136233,0.9998136758804321,0.9997157454490662
3907,Emotions & Actions,Emotions & Actions,0.9998449087142944,Emotions & Actions,0.9997362494468689,5.636165224132128e-05,0.00016124363173730671,1.2593044402819942e-06,9.339279927189637e-08,2.9502973575290525e-07,6.205729619068734e-08,9.711497114039958e-05,0.00010233055945718661,0.9998449087142944,0.9997362494468689
6180,People & Occupations,People & Occupations,0.999863862991333,People & Occupations,0.999767005443573,1.3612060683954041e-05,2.288568623498577e-07,6.134041905170307e-05,0.00012694855104200542,0.999863862991333,0.999767005443573,6.0912647313671187e-05,0.00010587352880975232,2.0951067369878729e-07,3.9002383545039265e-08
8334,Animals & Pets,Animals & Pets,0.9997924566268921,Animals & Pets,0.9996775984764099,0.9997924566268921,0.9996775984764099,4.3828407797263935e-05,0.00015631987480446696,7.651077794434968e-06,4.381547000775754e-07,9.359176829093485e-07,3.6826648397436657e-07,0.00015501576126553118,0.0001652207283768803
11119,Animals & Pets,Animals & Pets,0.999729335308075,Animals & Pets,0.9995691180229187,0.999729335308075,0.9995691180229187,0.0001464438100811094,0.00015445453755091876,1.543699181638658e-05,5.212499445406138e-07,1.062712158272916e-06,5.352210337150609e-07,0.00010759315773611888,0.00027549153310246766
1937,Animals & Pets,Animals & Pets,0.999768078327179,Animals & Pets,0.9995556473731995,0.999768078327179,0.9995556473731995,0.000104649065178819,0.00022208130394574255,1.6831631000968628e-05,4.649295419767441e-07,1.048018589244748e-06,5.708917001356895e-07,0.00010934982128674164,0.00022114523744676262
8942,Animals & Pets,Animals & Pets,0.9998494386672974,Animals & Pets,0.9997239708900452,0.9998494386672974,0.9997239708900452,5.0564183766255155e-05,0.0001168719754787162,7.589876531710615e-06,3.740881879821245e-07,6.50783135824895e-07,3.48623359514022e-07,9.179184417007491e-05,0.00015836168313398957
2303,People & Occupations,People & Occupations,0.9998449087142944,People & Occupations,0.9997524619102478,1.2402508218656294e-05,2.6821345500138705e-07,6.786955782445148e-05,0.00012789027823600918,0.9998449087142944,0.9997524619102478,7.459026528522372e-05,0.0001193597272504121,2.2304870128664334e-07,4.2668684585578376e-08
11199,Animals & Pets,Animals & Pets,0.9998338222503662,Animals & Pets,0.9997207522392273,0.9998338222503662,0.9997207522392273,6.152868445497006e-05,0.00010911557183135301,1.0128139365406241e-05,4.7262247448998096e-07,8.454838962279609e-07,4.073708623764105e-07,9.369209874421358e-05,0.00016918678011279553
6877,Animals & Pets,Animals & Pets,0.9998215436935425,Animals & Pets,0.9997099041938782,0.9998215436935425,0.9997099041938782,9.199180931318551e-05,0.00012724165571853518,9.743789632921107e-06,3.6956433291379653e-07,8.736912491258408e-07,4.7325147534138523e-07,7.582658145111054e-05,0.00016198657976929098
9222,Emotions & Actions,Emotions & Actions,0.9998013973236084,Emotions & Actions,0.9997157454490662,0.00012812140630558133,0.00015750955208204687,1.0329647466278402e-06,1.0623203650084179e-07,3.7641260064447124e-07,7.012233282921443e-08,6.906445196364075e-05,0.0001265226601390168,0.9998013973236084,0.9997157454490662
6001,Nature & Space,Nature & Space,0.9998034238815308,Nature & Space,0.9997109770774841,8.75813555012428e-07,5.457152951748867e-07,7.809183443896472e-06,2.3460090403659706e-07,6.555375875905156e-05,0.00016860269533935934,0.9998034238815308,0.9997109770774841,0.0001223431754624471,0.00011960625852225348
5209,Animals & Pets,Animals & Pets,0.9998372793197632,Animals & Pets,0.9997041821479797,0.9998372793197632,0.9997041821479797,4.321735832490958e-05,0.00010365687194280326,7.4816844062297605e-06,3.752155635083909e-07,7.629818696841539e-07,3.358304923040123e-07,0.00011116725363535807,0.0001913483429234475
5804,People & Occupations,People & Occupations,0.999825119972229,People & Occupations,0.9997076392173767,1.5219195120153017e-05,3.020731469405291e-07,7.125291449483484e-05,0.0001547873835079372,0.999825119972229,0.9997076392173767,8.809777500573546e-05,0.00013726171164307743,2.3859203679421626e-07,4.053478264154364e-08
9747,Nature & Space,Nature & Space,0.9997826814651489,Nature & Space,0.9996832013130188,1.001407554213074e-06,6.694774015159055e-07,8.523214091837872e-06,2.641867524744157e-07,0.00011436609202064574,0.00015978622832335532,0.9997826814651489,0.9996832013130188,9.340948599856347e-05,0.00015602688654325902
10017,Food & Fruits,Food & Fruits,0.9998167753219604,Food & Fruits,0.9996817708015442,8.921604603528976e-05,0.00015043624443933368,0.9998167753219604,0.9996817708015442,8.878131484379992e-05,0.00016738625708967447,4.568821623252006e-06,2.606007569738722e-07,6.143270638858667e-07,8.999082012906001e-08
11945,Food & Fruits,Food & Fruits,0.9997974634170532,Food & Fruits,0.9996711611747742,8.415027696173638e-05,0.00016452957061119378,0.9997974634170532,0.9996711611747742,0.0001122846661019139,0.00016369739023502916,5.09278652316425e-06,3.665598455881991e-07,9.217461638399982e-07,9.502467435140716e-08
9782,Food & Fruits,Food & Fruits,0.9998602867126465,Food & Fruits,0.999715268611908,7.085723336786032e-05,0.00013516139006242156,0.9998602867126465,0.999715268611908,6.290950113907456e-05,0.00014920678222551942,5.390104888647329e-06,2.6146514642277907e-07,6.424683078876114e-07,8.517488225834313e-08
2472,Animals & Pets,Animals & Pets,0.9998166561126709,Animals & Pets,0.9996578693389893,0.9998166561126709,0.9996578693389893,7.085644756443799e-05,0.00012986423098482192,1.0218572242592927e-05,4.01147758566367e-07,9.120735171563865e-07,4.30628602998695e-07,0.00010131999442819506,0.00021136191207915545
3724,Animals & Pets,Animals & Pets,0.999786376953125,Animals & Pets,0.9995587468147278,0.999786376953125,0.9995587468147278,9.886927728075534e-05,0.00022734330559615046,1.28042338474188e-05,4.992731419406482e-07,1.121234390666359e-06,6.022779643899412e-07,0.00010078217746922746,0.00021282128000166267
7971,Animals & Pets,Animals & Pets,0.9998466968536377,Animals & Pets,0.99973064661026,0.9998466968536377,0.99973064661026,5.591834269580431e-05,0.00012768080341629684,8.126273314701393e-06,3.691915821946168e-07,8.396906423513428e-07,3.6271777048568765e-07,8.840326336212456e-05,0.00014095018559601158
8333,Emotions & Actions,Emotions & Actions,0.999848484992981,Emotions & Actions,0.999725878238678,7.839663157938048e-05,0.0001618475653231144,1.0591517138891504e-06,9.01085002169566e-08,3.2562576279815403e-07,6.797401397307112e-08,7.16837021172978e-05,0.00011212522076675668,0.999848484992981,0.999725878238678
67,People & Occupations,People & Occupations,0.9997438788414001,People & Occupations,0.9995882511138916,1.6063851944636554e-05,3.0801299999438925e-07,0.00013186628348194063,0.00024061383737716824,0.9997438788414001,0.9995882511138916,0.0001078916757251136,0.0001707721530692652,3.7982303524586314e-07,5.039590433852936e-08
6767,Nature & Space,Nature & Space,0.9998310804367065,Nature & Space,0.9997153878211975,9.959595672626165e-07,6.594745514121314e-07,7.5008779276686255e-06,2.2762374385365547e-07,7.49046666896902e-05,0.00013912975555285811,0.9998310804367065,0.9997153878211975,8.541892020730302e-05,0.0001446021196898073
8238,Emotions & Actions,Emotions & Actions,0.9998568296432495,Emotions & Actions,0.9997838735580444,6.892537203384563e-05,0.00012410404451657087,9.574378054821864e-07,8.380686722375685e-08,2.745426570527343e-07,5.894402121953135e-08,7.29449384380132e-05,9.189006232190877e-05,0.9998568296432495,0.9997838735580444
9804,Emotions & Actions,Emotions & Actions,0.9997692704200745,Emotions & Actions,0.9996441602706909,8.367999544134364e-05,0.0001815688592614606,1.8361756701779086e-06,1.2446305674984615e-07,3.757298543405341e-07,8.399405970749285e-08,0.0001448301918571815,0.0001740308798616752,0.9997692704200745,0.9996441602706909
270,Food & Fruits,Food & Fruits,0.9998506307601929,Food & Fruits,0.9997194409370422,7.099128561094403e-05,0.00013488883269019425,0.9998506307601929,0.9997194409370422,7.283042214112356e-05,0.00014527294842991978,4.794542746822117e-06,2.809913155488175e-07,6.672652830275183e-07,8.283399210995412e-08
3156,Animals & Pets,Animals & Pets,0.9998124837875366,Animals & Pets,0.9996715188026428,0.9998124837875366,0.9996715188026428,5.841400343342684e-05,0.00018581876065582037,9.506957212579437e-06,4.794065944224712e-07,9.68553308666742e-07,5.044061026637792e-07,0.00011857314530061558,0.00014167292101774365
7382,People & Occupations,People & Occupations,0.9998030662536621,People & Occupations,0.9997090697288513,1.4566002391802613e-05,2.8054122935827763e-07,7.32740736566484e-05,0.00015419429109897465,0.9998030662536621,0.9997090697288513,0.00010877927707042545,0.00013651362678501755,2.5874427933558763e-07,4.31229523201182e-08
2130,Nature & Space,Nature & Space,0.9997999668121338,Nature & Space,0.9997300505638123,8.127856858664018e-07,5.839859795742086e-07,7.23974244465353e-06,1.970705483245183e-07,4.663738582166843e-05,0.00017176780966110528,0.9997999668121338,0.9997300505638123,0.00014533440116792917,9.734163177199662e-05
5063,Nature & Space,Nature & Space,0.9997662901878357,Nature & Space,0.9997091889381409,1.0885142955885385e-06,6.550926627824083e-07,7.200986601674231e-06,2.441444451051211e-07,0.00011943050049012527,0.00012819463154301047,0.9997662901878357,0.9997091889381409,0.00010596819629427046,0.00016177495126612484
4492,Emotions & Actions,Emotions & Actions,0.9997668862342834,Emotions & Actions,0.9996292591094971,0.00011703627387760207,0.00018983453628607094,1.7385946193826385e-06,1.3293198719566135e-07,4.76793047710089e-07,1.0293447871845274e-07,0.000113901354779955,0.0001806810760172084,0.9997668862342834,0.9996292591094971
914,Emotions & Actions,Emotions & Actions,0.9998143911361694,Emotions & Actions,0.9996660947799683,8.441824320470914e-05,0.00017852407472673804,1.4959358622945729e-06,1.1735835414583562e-07,3.151084513319802e-07,7.299932036630707e-08,9.932350076269358e-05,0.00015525342314504087,0.9998143911361694,0.9996660947799683
7816,People & Occupations,People & Occupations,0.999863862991333,People & Occupations,0.9997535347938538,1.310895549977431e-05,2.3936874526953034e-07,6.0094233049312606e-05,0.00011683598859235644,0.999863862991333,0.9997535347938538,6.265048432396725e-05,0.00012937017891090363,2.420438534045388e-07,3.8804774504797024e-08
3169,People & Occupations,People & Occupations,0.9998332262039185,People & Occupations,0.9997374415397644,1.1315895790176e-05,2.3757461065088137e-07,9.35163552640006e-05,0.00013391696847975254,0.9998332262039185,0.9997374415397644,6.166275852592662e-05,0.00012833416985813528,2.740885634011647e-07,4.060145286644001e-08
2170,Emotions & Actions,Emotions & Actions,0.9998494386672974,Emotions & Actions,0.9997521042823792,8.552498911740258e-05,0.000153154949657619,1.0790655551318196e-06,9.678461765361135e-08,3.114366791123757e-07,6.221068815648323e-08,6.361238047247753e-05,9.45483407122083e-05,0.9998494386672974,0.9997521042823792
2577,People & Occupations,People & Occupations,0.9998348951339722,People & Occupations,0.9997203946113586,1.924670687003527e-05,3.0669065154143027e-07,7.52766864025034e-05,0.00014499419194180518,0.9998348951339722,0.9997203946113586,7.028956315480173e-05,0.00013428313832264394,2.890421910706209e-07,4.0730139261313525e-08
5104,Animals & Pets,Animals & Pets,0.9997987747192383,Animals & Pets,0.9997026324272156,0.9997987747192383,0.9997026324272156,9.515666170045733e-05,0.0001611678017070517,1.1050230568798725e-05,3.941146928809758e-07,9.576872344041476e-07,3.9933581774675986e-07,9.406357276020572e-05,0.0001354941923636943
5329,People & Occupations,People & Occupations,0.9998588562011719,People & Occupations,0.9997453093528748,1.4645069313701242e-05,2.528089169118175e-07,6.421188300009817e-05,0.00013168326404411346,0.9998588562011719,0.9997453093528748,6.203629163792357e-05,0.0001227163156727329,2.1581081455224194e-07,3.6334782294034085e-08
8938,Food & Fruits,Food & Fruits,0.9997857809066772,Food & Fruits,0.9997034668922424,0.00011529564653756097,0.00013955452595837414,0.9997857809066772,0.9997034668922424,9.295869676861912e-05,0.00015645606617908925,5.1009710659855045e-06,3.315282413041132e-07,8.762976904108655e-07,9.263082034749459e-08
5424,Nature & Space,Nature & Space,0.9998334646224976,Nature & Space,0.9997255206108093,8.180590498341189e-07,5.392758453126589e-07,8.398457794100977e-06,2.206002420734876e-07,5.925573350396007e-05,0.00013936356117483228,0.9998334646224976,0.9997255206108093,9.811636846279725e-05,0.0001343214971711859
5178,People & Occupations,People & Occupations,0.999854564666748,People & Occupations,0.9997625946998596,1.1596760487009306e-05,2.1578141229383618e-07,4.4328731746645644e-05,0.0001470353308832273,0.999854564666748,0.9997625946998596,8.924018038669601e-05,9.015844989335164e-05,2.0583300397447601e-07,3.626568911840877e-08
10293,Animals & Pets,Animals & Pets,0.9998334646224976,Animals & Pets,0.9997237324714661,0.9998334646224976,0.9997237324714661,7.276689575519413e-05,0.0001424081710865721,7.908023690106347e-06,5.14055386702239e-07,8.085114018285822e-07,3.4287063499505166e-07,8.50092910695821e-05,0.00013304303865879774
4735,Food & Fruits,Food & Fruits,0.9998310804367065,Food & Fruits,0.9996839165687561,7.967501733219251e-05,0.00016466477245558053,0.9998310804367065,0.9996839165687561,8.345180685864761e-05,0.00015094041009433568,4.961206741427304e-06,2.6089526272699004e-07,7.904548056103522e-07,9.991847349510863e-08
1850,Animals & Pets,Animals & Pets,0.9997766017913818,Animals & Pets,0.9996520280838013,0.9997766017913818,0.9996520280838013,0.00010676732927095145,0.00012348374002613127,1.3367322026169859e-05,4.740723795748636e-07,1.1418403573770775e-06,5.296341782923264e-07,0.00010199524695053697,0.00022350743529386818
7131,Animals & Pets,Animals & Pets,0.99982750415802,Animals & Pets,0.9997133612632751,0.99982750415802,0.9997133612632751,8.707178494660184e-05,0.0001508894347352907,1.0810953426698688e-05,4.2582610149111133e-07,7.770809702378756e-07,3.6065605968360614e-07,7.36547663109377e-05,0.00013485521776601672
7937,Emotions & Actions,Emotions & Actions,0.9997701048851013,Emotions & Actions,0.9995425343513489,0.00010650628973962739,0.00024799880338832736,1.834435806813417e-06,1.3263377240946284e-07,3.409444389035343e-07,9.583932580881083e-08,0.00012124567001592368,0.00020924002456013113,0.9997701048851013,0.9995425343513489
1258,Emotions & Actions,Emotions & Actions,0.9998244047164917,Emotions & Actions,0.9997168183326721,8.155069372151047e-05,0.0001519790239399299,1.2832550737584825e-06,1.025229963147467e-07,3.323908970287448e-07,7.591879835899817e-08,9.242005035048351e-05,0.0001310011139139533,0.9998244047164917,0.9997168183326721
10610,Nature & Space,Nature & Space,0.9998087882995605,Nature & Space,0.9997492432594299,9.56529333961953e-07,6.113704102972406e-07,8.460487151751295e-06,2.100566121043812e-07,0.00010741388541646302,0.00011090556654380634,0.9998087882995605,0.9997492432594299,7.43515047361143e-05,0.00013913247676100582
7224,Nature & Space,Nature & Space,0.999736487865448,Nature & Space,0.9996218681335449,1.1718448149622418e-06,7.40107168439863e-07,9.99126768874703e-06,3.636955341335124e-07,0.00013237903476692736,0.00019199719827156514,0.999736487865448,0.9996218681335449,0.00011996230023214594,0.0001850417029345408
10894,Emotions & Actions,Emotions & Actions,0.9997630715370178,Emotions & Actions,0.9995831847190857,9.775790385901928e-05,0.00022261202684603631,1.9957756194344256e-06,1.4411968152217014e-07,4.678190350659861e-07,8.400014905873832e-08,0.00013671514170709997,0.00019397780124563724,0.9997630715370178,0.9995831847190857
10041,Emotions & Actions,Emotions & Actions,0.9998403787612915,Emotions & Actions,0.9997397065162659,7.232800271594897e-05,0.00013822561595588923,1.0595189223749912e-06,9.627874675288695e-08,3.04175955534447e-07,6.758014592378458e-08,8.592619997216389e-05,0.00012187100219307467,0.9998403787612915,0.9997397065162659
8417,Animals & Pets,Animals & Pets,0.99980628490448,Animals & Pets,0.9996713995933533,0.99980628490448,0.9996713995933533,8.572796650696546e-05,0.00016840704483911395,1.0787130122480448e-05,4.794454184775532e-07,9.397102189723228e-07,4.299946567698498e-07,9.618637704988942e-05,0.0001592248590895906
7198,Nature & Space,Nature & Space,0.9998254776000977,Nature & Space,0.9997329115867615,9.139814665104495e-07,6.352366881401394e-07,8.785270438238513e-06,2.4368895878978947e-07,6.090159877203405e-05,0.0001563054247526452,0.9998254776000977,0.9997329115867615,0.00010387638758402318,0.00010983268293784931
10547,Nature & Space,Nature & Space,0.9997499585151672,Nature & Space,0.9996945261955261,1.4938835875000223e-06,7.647507800356834e-07,9.271935596188996e-06,3.082949717736483e-07,0.00013642081466969103,0.00017568406474310905,0.9997499585151672,0.9996945261955261,0.0001028301048791036,0.00012865486496593803
5049,Animals & Pets,Animals & Pets,0.9998306035995483,Animals & Pets,0.9997275471687317,0.9998306035995483,0.9997275471687317,4.509133941610344e-05,0.0001279244024772197,9.55055838858243e-06,3.710750320351508e-07,7.77630475568003e-07,3.8029418192309095e-07,0.00011397381604183465,0.00014379732601810247
2660,Food & Fruits,Food & Fruits,0.9997824430465698,Food & Fruits,0.9996694922447205,8.939873077906668e-05,0.00021313104662112892,0.9997824430465698,0.9996694922447205,0.00012140406761318445,0.00011688790982589126,5.70352676732e-06,3.274828941357555e-07,9.035252332978416e-07,1.1744530326041058e-07
6378,Nature & Space,Nature & Space,0.9997893571853638,Nature & Space,0.9997125267982483,1.0194100923399674e-06,7.015304959168134e-07,8.555864042136818e-06,2.5285970650656964e-07,7.965535769471899e-05,0.00016684476577211171,0.9997893571853638,0.9997125267982483,0.00012138523015892133,0.00011967717728111893
5830,Emotions & Actions,Emotions & Actions,0.9998528957366943,Emotions & Actions,0.9997512698173523,7.881806959630921e-05,0.0001429292606189847,9.851027016338776e-07,8.742086521351666e-08,2.7599566010394483e-07,5.727440210989698e-08,6.70114895910956e-05,0.00010566961282165721,0.9998528957366943,0.9997512698173523
3917,Nature & Space,Nature & Space,0.999821662902832,Nature & Space,0.9997332692146301,9.010635153572366e-07,6.351273214022513e-07,9.385429621033836e-06,2.532679843625374e-07,8.600149158155546e-05,0.00011436959175625816,0.999821662902832,0.9997332692146301,8.196425915230066e-05,0.00015147478552535176
5040,People & Occupations,People & Occupations,0.9998211860656738,People & Occupations,0.9996914267539978,1.4173474482959136e-05,2.8430588372430066e-07,7.90506528574042e-05,0.00015433927183039486,0.9998211860656738,0.9996914267539978,8.533095387974754e-05,0.00015402519784402102,2.61293649828076e-07,3.777093482426608e-08
4854,People & Occupations,People & Occupations,0.9998108148574829,People & Occupations,0.9996724724769592,1.867992978077382e-05,3.199648404006439e-07,9.940026939148083e-05,0.00015295110642910004,0.9998108148574829,0.9996724724769592,7.069849380059168e-05,0.0001742234599078074,3.067810041557095e-07,4.309144330250092e-08
9026,Emotions & Actions,Emotions & Actions,0.9997500777244568,Emotions & Actions,0.9996167421340942,0.00011558755795704201,0.00020817233598791063,2.081232878481387e-06,1.1873213878743627e-07,3.86007002362021e-07,7.336713991890065e-08,0.00013182900147512555,0.00017483922420069575,0.9997500777244568,0.9996167421340942
7008,Food & Fruits,Food & Fruits,0.9998877048492432,Food & Fruits,0.9997490048408508,5.27191259607207e-05,0.00010773471149150282,0.9998877048492432,0.9997490048408508,5.5060121667338535e-05,0.00014285507495515049,3.955691681767348e-06,2.4190160274883965e-07,5.764233605987101e-07,8.074287194403951e-08
7255,Food & Fruits,Food & Fruits,0.9998617172241211,Food & Fruits,0.9997395873069763,6.100169775891118e-05,0.00010769783693831414,0.9998617172241211,0.9997395873069763,7.292061491170898e-05,0.00015236460603773594,3.6038484267919557e-06,2.4360460315620003e-07,6.566619958903175e-07,7.240796406904337e-08
1031,Nature & Space,Nature & Space,0.9998362064361572,Nature & Space,0.9997110962867737,9.868756478681462e-07,7.1905185450305e-07,7.097134130162885e-06,2.1664618543582037e-07,7.526465196860954e-05,0.00013941458018962294,0.9998362064361572,0.9997110962867737,8.045448339544237e-05,0.0001484778185840696
3572,Nature & Space,Nature & Space,0.9998254776000977,Nature & Space,0.999734103679657,9.412567010258499e-07,5.887011411687126e-07,8.52800985740032e-06,2.3032791318655654e-07,5.5645268730586395e-05,0.00011055118375224993,0.9998254776000977,0.999734103679657,0.00010943203960778192,0.00015456373512279242
11092,Nature & Space,Nature & Space,0.9998366832733154,Nature & Space,0.9997479319572449,7.079355555106304e-07,4.924068548461946e-07,6.004840543027967e-06,1.7948967467873445e-07,4.9287678848486394e-05,0.00012334305210970342,0.9998366832733154,0.9997479319572449,0.00010731939983088523,0.00012800768308807164
7153,Animals & Pets,Animals & Pets,0.9997642636299133,Animals & Pets,0.9995741248130798,0.9997642636299133,0.9995741248130798,0.00010326221672585234,0.00023297223378904164,1.6894880900508724e-05,6.349153522933193e-07,1.1627355434029596e-06,5.82312281949271e-07,0.0001143655099440366,0.00019177631475031376
3471,Animals & Pets,Animals & Pets,0.9998259544372559,Animals & Pets,0.9996772408485413,0.9998259544372559,0.9996772408485413,6.806213787058368e-05,0.00015777272346895188,1.117937335948227e-05,3.928311400613893e-07,9.138737482317083e-07,3.9596500300831394e-07,9.3751514214091e-05,0.00016417210281360894
11566,Animals & Pets,Animals & Pets,0.9998149871826172,Animals & Pets,0.9996490478515625,0.9998149871826172,0.9996490478515625,6.477707211161032e-05,0.0001413100108038634,1.0617764928610995e-05,4.391172581108549e-07,9.121633297581866e-07,5.220483103585138e-07,0.0001087485215975903,0.00020864295947831124
3483,People & Occupations,People & Occupations,0.9997578263282776,People & Occupations,0.999566376209259,2.4145916540874168e-05,4.002871207831049e-07,0.00011839084618259221,0.0002019930543610826,0.9997578263282776,0.999566376209259,9.93316134554334e-05,0.00023114464420359582,4.0671906731404306e-07,4.662535246779953e-08
1242,Animals & Pets,Animals & Pets,0.9998329877853394,Animals & Pets,0.9996973872184753,0.9998329877853394,0.9996973872184753,5.496519588632509e-05,0.000160618859808892,8.478130439470988e-06,4.315332091664459e-07,7.715653396189737e-07,3.8995150930531963e-07,0.00010282854054821655,0.0001411359553458169
10655,Nature & Space,Nature & Space,0.9998332262039185,Nature & Space,0.9997250437736511,8.920260938793945e-07,6.215364578565641e-07,8.999982128443662e-06,2.037681952060666e-07,7.677956455154344e-05,0.00012546345533337444,0.9998332262039185,0.9997250437736511,8.014546619961038e-05,0.00014864851254969835
974,Emotions & Actions,Emotions & Actions,0.9998366832733154,Emotions & Actions,0.9997367262840271,6.264400144573301e-05,0.00016267751925624907,1.367508843941323e-06,8.940448026351078e-08,2.1820542883688177e-07,5.38639142177999e-08,9.909210348268971e-05,0.00010048331751022488,0.9998366832733154,0.9997367262840271
7024,Nature & Space,Nature & Space,0.9998366832733154,Nature & Space,0.999775767326355,8.16132285308413e-07,6.168426693875517e-07,7.5797465797222685e-06,1.9907965054244414e-07,6.724271224811673e-05,9.71754125203006e-05,0.9998366832733154,0.999775767326355,8.760791388340294e-05,0.00012619607150554657
3675,Emotions & Actions,Emotions & Actions,0.9998395442962646,Emotions & Actions,0.9997277855873108,6.523213960463181e-05,0.0001600975083420053,1.8151966969526256e-06,9.656228883159201e-08,2.4545195742575743e-07,5.766767685599916e-08,9.309517190558836e-05,0.00011197401181561872,0.9998395442962646,0.9997277855873108
11237,Emotions & Actions,Emotions & Actions,0.9998360872268677,Emotions & Actions,0.9997331500053406,7.734043902019039e-05,0.00016130757285282016,1.2765126484737266e-06,1.0678706274802607e-07,3.2712912911847525e-07,7.448443284374662e-08,8.491156040690839e-05,0.00010539887443883345,0.9998360872268677,0.9997331500053406
1862,People & Occupations,People & Occupations,0.9998041391372681,People & Occupations,0.9997355341911316,1.424813672201708e-05,2.3723093534044892e-07,8.694412827026099e-05,0.00014253417612053454,0.9998041391372681,0.9997355341911316,9.433942614123225e-05,0.00012168699322501197,1.9535123385594488e-07,3.6249421242473545e-08
4716,Animals & Pets,Animals & Pets,0.9997966289520264,Animals & Pets,0.9996834397315979,0.9997966289520264,0.9996834397315979,5.525266897166148e-05,0.00012892340600956231,1.2234415407874621e-05,5.272906946629519e-07,9.678232117948937e-07,4.251239431596332e-07,0.00013474006846081465,0.000186568358913064
1123,People & Occupations,People & Occupations,0.9998270273208618,People & Occupations,0.9997552037239075,1.1809045645350125e-05,2.524743365484028e-07,9.71483314060606e-05,0.00011742799688363448,0.9998270273208618,0.9997552037239075,6.380872218869627e-05,0.00012721148959826678,2.2743368788269436e-07,3.96963635296288e-08
11682,Nature & Space,Nature & Space,0.9997966289520264,Nature & Space,0.9996899962425232,1.2413889862727956e-06,8.387211778426718e-07,9.273049727198668e-06,2.980592910262203e-07,8.816931949695572e-05,0.0001535494957352057,0.9997966289520264,0.9996899962425232,0.00010468378604855388,0.000155245594214648
1244,Animals & Pets,Animals & Pets,0.9998370409011841,Animals & Pets,0.999733030796051,0.9998370409011841,0.999733030796051,5.7077373639913276e-05,0.00014261568139772862,8.606660230725538e-06,4.127935255837656e-07,9.322411074208503e-07,3.479131009953562e-07,9.628569387132302e-05,0.0001235878880834207
10698,Emotions & Actions,Emotions & Actions,0.9997184872627258,Emotions & Actions,0.9995686411857605,0.00017210278019774705,0.00021942149032838643,2.2871995497553144e-06,1.4438445816722378e-07,4.17058288348926e-07,7.881748587124093e-08,0.0001067121556843631,0.0002117473486578092,0.9997184872627258,0.9995686411857605
7052,Nature & Space,Nature & Space,0.9998408555984497,Nature & Space,0.9997218251228333,6.538175512105227e-07,5.676843670698872e-07,8.369479473913088e-06,2.146585416085145e-07,6.331979966489598e-05,0.0001448785769753158,0.9998408555984497,0.9997218251228333,8.675283606862649e-05,0.00013252373901195824
446,Animals & Pets,Animals & Pets,0.9998457431793213,Animals & Pets,0.9996997714042664,0.9998457431793213,0.9996997714042664,6.559405301231891e-05,0.00012771411275025457,1.013462770060869e-05,4.0993597849592334e-07,8.15297937606374e-07,4.3218247469667403e-07,7.773302058922127e-05,0.00017158138507511467
1107,Food & Fruits,Food & Fruits,0.9998838901519775,Food & Fruits,0.9997637867927551,6.976380245760083e-05,0.00010766399645945057,0.9998838901519775,0.9997637867927551,4.2062987631652504e-05,0.00012829080515075475,3.650088046924793e-06,2.3564749085380754e-07,6.188834049680736e-07,7.101068177917114e-08
11634,People & Occupations,People & Occupations,0.999880313873291,People & Occupations,0.9997810125350952,1.4797120456933044e-05,2.4598006120868376e-07,4.528414865490049e-05,0.00011614651884883642,0.999880313873291,0.9997810125350952,5.937221067142673e-05,0.00010255467350361869,2.813070807405893e-07,3.753351052182552e-08
8945,Emotions & Actions,Emotions & Actions,0.9998576641082764,Emotions & Actions,0.9997788667678833,7.021611963864416e-05,0.00012681985390372574,9.036828032549238e-07,9.008130774645906e-08,2.7884635755981435e-07,6.035453736785712e-08,7.088881829986349e-05,9.411113569512963e-05,0.9998576641082764,0.9997788667678833
2393,Food & Fruits,Food & Fruits,0.9998393058776855,Food & Fruits,0.9996558427810669,7.817567529855296e-05,0.00018825969891622663,0.9998393058776855,0.9996558427810669,7.653380453120917e-05,0.0001554655027575791,5.2526247600326315e-06,2.6890668891610403e-07,7.192627435870236e-07,9.782552012893575e-08
3356,Nature & Space,Nature & Space,0.9998316764831543,Nature & Space,0.999745786190033,6.796691423005541e-07,4.32214761758587e-07,7.588337666675216e-06,2.134804049092054e-07,4.422042547957972e-05,0.00014987835311330855,0.9998316764831543,0.999745786190033,0.00011586231994442642,0.00010362877219449729
5046,Food & Fruits,Food & Fruits,0.9998270273208618,Food & Fruits,0.9997064471244812,8.015467756194994e-05,0.00014377963088918477,0.9998270273208618,0.9997064471244812,8.682017505634576e-05,0.00014930780162103474,5.203013643040322e-06,3.0560525487999257e-07,7.323488944166456e-07,8.815685959007169e-08
9327,Food & Fruits,Food & Fruits,0.9998195171356201,Food & Fruits,0.9996849894523621,9.905658953357488e-05,0.00016128196148201823,0.9998195171356201,0.9996849894523621,7.506720430683345e-05,0.00015337618242483586,5.614844212686876e-06,2.9431657821987756e-07,6.959810434636893e-07,9.571358106086336e-08
11232,Food & Fruits,Food & Fruits,0.9998704195022583,Food & Fruits,0.9997326731681824,6.365983426803723e-05,0.00011529567564139143,0.9998704195022583,0.9997326731681824,6.187872349983081e-05,0.00015173639985732734,3.5028574529860634e-06,2.2612825034684647e-07,6.421844886972394e-07,7.50316502262649e-08
11520,Animals & Pets,Animals & Pets,0.9998255968093872,Animals & Pets,0.9997031092643738,0.9998255968093872,0.9997031092643738,6.405183376045898e-05,0.00014484339044429362,1.1659389201668091e-05,3.939848625122977e-07,8.348103506250482e-07,3.911754333785211e-07,9.78060852503404e-05,0.00015135036665014923
6930,Emotions & Actions,Emotions & Actions,0.9997813701629639,Emotions & Actions,0.9996438026428223,0.00011677083966787905,0.0001840405020629987,1.4749579122508294e-06,1.2177757469089556e-07,5.35739218321396e-07,8.340319368471683e-08,9.982816118281335e-05,0.0001719072024570778,0.9997813701629639,0.9996438026428223
3837,Animals & Pets,Animals & Pets,0.9998315572738647,Animals & Pets,0.9997120499610901,0.9998315572738647,0.9997120499610901,8.112557407002896e-05,0.0001462304062442854,8.283540410047863e-06,4.2527926780167036e-07,7.900331411292427e-07,3.6159443084216036e-07,7.814384298399091e-05,0.00014089219621382654
1097,Food & Fruits,Food & Fruits,0.9997940063476562,Food & Fruits,0.9997052550315857,0.00011685497884172946,0.00016120295913424343,0.9997940063476562,0.9997052550315857,8.289262041216716e-05,0.00013305542233865708,5.325451184035046e-06,3.597960187562421e-07,9.457980354454776e-07,1.1213781192509487e-07
8128,Nature & Space,Nature & Space,0.9998345375061035,Nature & Space,0.9997469782829285,8.716411343812069e-07,6.61386764022609e-07,6.175455837365007e-06,1.8345707530897926e-07,6.806577584939077e-05,0.0001012174179777503,0.9998345375061035,0.9997469782829285,9.037274139700457e-05,0.0001510239380877465
2853,Animals & Pets,Animals & Pets,0.9998295307159424,Animals & Pets,0.9996921420097351,0.9998295307159424,0.9996921420097351,5.254760617390275e-05,0.00013898104953113943,1.1122466275992338e-05,4.5969360940034676e-07,7.792747851453896e-07,3.660993854737171e-07,0.00010593792831059545,0.00016807472275104374
8468,Animals & Pets,Animals & Pets,0.9997931718826294,Animals & Pets,0.9996088743209839,0.9997931718826294,0.9996088743209839,9.385409066453576e-05,0.0002036170189967379,1.3935391507402528e-05,4.5058902742312057e-07,1.257980102309375e-06,5.704595196220907e-07,9.775470971362665e-05,0.0001863760844571516
10827,Animals & Pets,Animals & Pets,0.9998079538345337,Animals & Pets,0.9996650218963623,0.9998079538345337,0.9996650218963623,7.366146746790037e-05,0.0001233682269230485,1.1939872820221353e-05,3.9385190575558227e-07,8.165603730958537e-07,4.223093412747403e-07,0.00010559833754086867,0.0002108562912326306
1168,Nature & Space,Nature & Space,0.9997702240943909,Nature & Space,0.9996039867401123,1.3211974874138832e-06,8.321607651851082e-07,1.0900596862484235e-05,3.724905184299132e-07,0.00012269700528122485,0.00018729566363617778,0.9997702240943909,0.9996039867401123,9.483072062721476e-05,0.00020749005489051342
3542,Nature & Space,Nature & Space,0.9998239278793335,Nature & Space,0.9997339844703674,7.33023000520916e-07,5.032594003751001e-07,6.035209025867516e-06,1.6702895777598314e-07,6.305112037807703e-05,0.00012652929581236094,0.9998239278793335,0.9997339844703674,0.00010623872367432341,0.00013880617916584015
9949,Food & Fruits,Food & Fruits,0.9998358488082886,Food & Fruits,0.999692976474762,7.805859058862552e-05,0.00018565802020020783,0.9998358488082886,0.999692976474762,8.049773896345869e-05,0.00012101672473363578,4.907748461846495e-06,2.754724164333311e-07,7.674629500797892e-07,1.0001242856105819e-07
10325,Emotions & Actions,Emotions & Actions,0.9998505115509033,Emotions & Actions,0.999764621257782,6.208389822859317e-05,0.00013473266153596342,1.2373626532280468e-06,8.580803267932424e-08,2.5224230171261297e-07,5.2835858355138043e-08,8.589454228058457e-05,0.00010049570846604183,0.9998505115509033,0.999764621257782
4047,Nature & Space,Nature & Space,0.9997884035110474,Nature & Space,0.9996833205223083,1.2712110901702545e-06,7.233256269500998e-07,8.088471076916903e-06,2.3274259319805424e-07,0.00012269690341781825,0.00012778145901393145,0.9997884035110474,0.9996833205223083,7.954330794746056e-05,0.00018790792091749609
8162,Emotions & Actions,Emotions & Actions,0.9997978210449219,Emotions & Actions,0.9996708035469055,0.00011276137956883758,0.00019030194380320609,1.3717334468310582e-06,1.0355474699963452e-07,4.0894997255236376e-07,7.612309360638392e-08,8.757335308473557e-05,0.00013869804388377815,0.9997978210449219,0.9996708035469055
633,Emotions & Actions,Emotions & Actions,0.9998582601547241,Emotions & Actions,0.9997758865356445,7.470032869605348e-05,0.00013144324475433677,8.911608233574952e-07,8.250738403603464e-08,2.896057651469164e-07,5.495778054864786e-08,6.581488560186699e-05,9.24326668609865e-05,0.9998582601547241,0.9997758865356445
10419,Nature & Space,Nature & Space,0.9998041391372681,Nature & Space,0.9996947646141052,9.031829222294618e-07,6.969687547098147e-07,8.392350537178572e-06,2.679867918686796e-07,5.860909368493594e-05,0.0001122888716054149,0.9998041391372681,0.9996947646141052,0.00012787457671947777,0.00019202183466404676
6714,People & Occupations,People & Occupations,0.9998170137405396,People & Occupations,0.9997064471244812,1.5329896996263415e-05,2.581051319339167e-07,8.756576426094398e-05,0.00015873117081355304,0.9998170137405396,0.9997064471244812,7.979754445841536e-05,0.00013452877465169877,2.51066552436896e-07,4.211610615811878e-08
3334,Nature & Space,Nature & Space,0.9997959136962891,Nature & Space,0.9997164607048035,1.0851573506442946e-06,6.572031452378724e-07,7.694033229199704e-06,2.424803824396804e-07,9.107195364776999e-05,0.00013010873226448894,0.9997959136962891,0.9997164607048035,0.00010411113180452958,0.00015257000632118434
6096,Emotions & Actions,Emotions & Actions,0.9997799396514893,Emotions & Actions,0.9996347427368164,9.651830623624846e-05,0.0002278994070366025,1.5892112514848122e-06,1.1098092755901234e-07,3.2442869724036427e-07,8.089980951808684e-08,0.00012160712503828108,0.00013717098045162857,0.9997799396514893,0.9996347427368164
8382,Emotions & Actions,Emotions & Actions,0.9998235702514648,Emotions & Actions,0.999721109867096,9.517200669506565e-05,0.00015410882770083845,1.5147762724154745e-06,9.916236365370423e-08,4.0505111087441037e-07,7.394775280999966e-08,7.936001202324405e-05,0.0001246115571120754,0.9998235702514648,0.999721109867096
6157,Emotions & Actions,Emotions & Actions,0.9997664093971252,Emotions & Actions,0.9995836615562439,0.00012316279753576964,0.00021186140656936914,1.5717239421064733e-06,1.3692721267943853e-07,4.6608960246885545e-07,8.300841614072851e-08,0.00010842295159818605,0.00020423674141056836,0.9997664093971252,0.9995836615562439
8673,Emotions & Actions,Emotions & Actions,0.999793529510498,Emotions & Actions,0.9996577501296997,0.00011773066216846928,0.00018946247291751206,1.3884821328247199e-06,1.1200700811286879e-07,4.067436805144098e-07,6.116944462064566e-08,8.684326894581318e-05,0.00015261750377248973,0.999793529510498,0.9996577501296997
10118,Food & Fruits,Food & Fruits,0.9998576641082764,Food & Fruits,0.9997187256813049,6.41747101326473e-05,0.00011437926877988502,0.9998576641082764,0.9997187256813049,7.410905527649447e-05,0.0001664835581323132,3.460366770013934e-06,2.590483347830741e-07,6.522573698930501e-07,7.426900339169151e-08
3954,People & Occupations,People & Occupations,0.9997357726097107,People & Occupations,0.9995979070663452,1.9741668438655324e-05,3.511304669245874e-07,0.00011115914821857587,0.0002256838488392532,0.9997357726097107,0.9995979070663452,0.0001329431834165007,0.0001759712613420561,3.8364498777809786e-07,4.916177331892868e-08
2295,Animals & Pets,Animals & Pets,0.9998111724853516,Animals & Pets,0.9996935725212097,0.9998111724853516,0.9996935725212097,8.730301487958059e-05,0.00016101317305583507,9.518329534330405e-06,4.942987743561389e-07,9.360369404021185e-07,4.838015570385323e-07,9.10362577997148e-05,0.00014444127737078816
6968,People & Occupations,People & Occupations,0.9998019933700562,People & Occupations,0.9996422529220581,2.0486360881477594e-05,2.7970878591077053e-07,0.00012047589552821591,0.0001709557545837015,0.9998019933700562,0.9996422529220581,5.6568969739601016e-05,0.00018644311057869345,3.0156911634549033e-07,4.314079760092682e-08
2517,Emotions & Actions,Emotions & Actions,0.9997232556343079,Emotions & Actions,0.9995008707046509,0.00016593982581980526,0.00029290630482137203,1.815063455978816e-06,1.4416389149118913e-07,5.033567731516086e-07,9.901314967919461e-08,0.00010845808719750494,0.00020591028442140669,0.9997232556343079,0.9995008707046509
711,Animals & Pets,Animals & Pets,0.9998152256011963,Animals & Pets,0.9997218251228333,0.9998152256011963,0.9997218251228333,8.4144230640959e-05,0.0001405521616106853,1.122451703849947e-05,4.6480380433422397e-07,1.0438425306347199e-06,4.0695698544368497e-07,8.832792082102969e-05,0.00013675799709744751
9376,Food & Fruits,Food & Fruits,0.9998550415039062,Food & Fruits,0.9997221827507019,6.19409402133897e-05,0.00012344366405159235,0.9998550415039062,0.9997221827507019,7.779143925290555e-05,0.00015397413517348468,4.355938926892122e-06,2.4362105932596023e-07,6.57301711726177e-07,8.832100206745963e-08
11326,Nature & Space,Nature & Space,0.9998003244400024,Nature & Space,0.9997609257698059,1.1662091310427058e-06,6.269286245697003e-07,7.770981028443202e-06,2.072151943366407e-07,9.587121894583106e-05,0.00010747001215349883,0.9998003244400024,0.9997609257698059,9.482922905590385e-05,0.00013077634503133595
11477,Emotions & Actions,Emotions & Actions,0.9998323917388916,Emotions & Actions,0.9997348189353943,8.007045107660815e-05,0.00015048928617034107,1.2248904113221215e-06,9.716303850382246e-08,3.0671682793581567e-07,6.79864200492375e-08,8.602553862147033e-05,0.00011457370419520885,0.9998323917388916,0.9997348189353943
8403,Animals & Pets,Animals & Pets,0.9998034238815308,Animals & Pets,0.9996380805969238,0.9998034238815308,0.9996380805969238,7.017744064796716e-05,0.0001474527089158073,9.617495379643515e-06,3.8147587133607885e-07,8.402703883803042e-07,3.431817674481863e-07,0.00011589506175369024,0.0002138105919584632
8215,Nature & Space,Nature & Space,0.9997798204421997,Nature & Space,0.9996768832206726,1.0653606068444788e-06,6.475045211118413e-07,1.0425417713122442e-05,3.0759645142097725e-07,0.0001281082513742149,0.0001562747493153438,0.9997798204421997,0.9996768832206726,8.058101229835302e-05,0.0001659231202211231
10238,People & Occupations,People & Occupations,0.9998605251312256,People & Occupations,0.9997405409812927,1.0121400009666104e-05,2.592185808225622e-07,6.92191460984759e-05,0.00013119663344696164,0.9998605251312256,0.9997405409812927,5.982716174912639e-05,0.00012799330579582602,2.1956098805731017e-07,3.42519683727005e-08
5482,Food & Fruits,Food & Fruits,0.9998277425765991,Food & Fruits,0.9996790289878845,8.087952301139012e-05,0.00014313063002191484,0.9998277425765991,0.9996790289878845,8.553308725822717e-05,0.00017733738059177995,4.896189238934312e-06,2.9932590450698626e-07,7.986851073837897e-07,8.529339368124056e-08
2524,Emotions & Actions,Emotions & Actions,0.9998265504837036,Emotions & Actions,0.9997332692146301,7.110131264198571e-05,0.00015382349374704063,1.3940555163571844e-06,9.216425667091244e-08,2.795336513372604e-07,6.31148466823106e-08,0.00010064896923722699,0.00011278022429905832,0.9998265504837036,0.9997332692146301
10618,Food & Fruits,Food & Fruits,0.9998575448989868,Food & Fruits,0.9997274279594421,7.314513641176745e-05,0.00013584560656454414,0.9998575448989868,0.9997274279594421,6.226138793863356e-05,0.00013636193762067705,6.356895482895197e-06,2.6410950226818386e-07,6.828879008935473e-07,9.401752265603136e-08
3376,People & Occupations,People & Occupations,0.9998722076416016,People & Occupations,0.9997714757919312,1.0005335752794053e-05,2.1002382766255323e-07,4.7728779463795945e-05,0.000133017310872674,0.9998722076416016,0.9997714757919312,6.985573418205604e-05,9.525266796117648e-05,1.9827594144317118e-07,3.547391713709658e-08
405,People & Occupations,People & Occupations,0.9997807741165161,People & Occupations,0.9996458292007446,2.2410860765376128e-05,3.0298573960862996e-07,8.739657641854137e-05,0.0001766086497809738,0.9997807741165161,0.9996458292007446,0.00010906270472332835,0.00017725827638059855,3.390117910839763e-07,4.249926277566374e-08
9602,Nature & Space,Nature & Space,0.9998407363891602,Nature & Space,0.9997151494026184,8.456678983748134e-07,5.746625788560777e-07,8.65679066919256e-06,2.5395073066647456e-07,7.469316915376112e-05,0.00011363442172296345,0.9998407363891602,0.9997151494026184,7.504237873945385e-05,0.00017047228175215423
8346,People & Occupations,People & Occupations,0.9997478127479553,People & Occupations,0.9995718598365784,2.2734651793143712e-05,3.624108444455487e-07,0.00012430887727532536,0.00023667771893087775,0.9997478127479553,0.9995718598365784,0.00010472300346009433,0.0001911685394588858,3.3773372365430987e-07,5.04435426762484e-08
6829,Food & Fruits,Food & Fruits,0.9998899698257446,Food & Fruits,0.9997448325157166,6.231140287127346e-05,0.00010821390605997294,0.9998899698257446,0.9997448325157166,4.3521326006157324e-05,0.0001465387176722288,3.5900677630706923e-06,1.9922772764857655e-07,5.683253903043806e-07,7.563980375380197e-08
11210,Food & Fruits,Food & Fruits,0.9998354911804199,Food & Fruits,0.9996939301490784,7.151356840040535e-05,0.00014750105037819594,0.9998354911804199,0.9996939301490784,8.717792661627755e-05,0.0001581522956257686,5.154366590431891e-06,2.743181539699435e-07,7.064199962769635e-07,9.223220587273318e-08
6287,People & Occupations,People & Occupations,0.9998708963394165,People & Occupations,0.9997401833534241,1.4236739843909163e-05,2.4828864297887776e-07,5.35389845026657e-05,0.0001565411948831752,0.9998708963394165,0.9997401833534241,6.0994807427050546e-05,0.00010302855662303045,2.398337528575212e-07,3.550793792328477e-08
8009,Nature & Space,Nature & Space,0.9997678399085999,Nature & Space,0.9996607303619385,1.4342933809530223e-06,7.126076297936379e-07,1.1284841093583964e-05,3.315146841487149e-07,0.00011866920249303803,0.00011948178871534765,0.9997678399085999,0.9996607303619385,0.00010079684579977766,0.00021879869746044278
3891,Nature & Space,Nature & Space,0.9998232126235962,Nature & Space,0.9997476935386658,8.857180660015729e-07,5.549493380385684e-07,9.251495612261351e-06,2.158938769980523e-07,7.005758379818872e-05,0.00013214627688284963,0.9998232126235962,0.9997476935386658,9.656215843278915e-05,0.00011937691306229681
1205,Food & Fruits,Food & Fruits,0.9998297691345215,Food & Fruits,0.999721348285675,9.376975503982976e-05,0.00014347588876262307,0.9998297691345215,0.999721348285675,7.14991838322021e-05,0.00013475344167090952,4.247644938004669e-06,2.417314135527704e-07,6.359213671203179e-07,8.631677417270112e-08
2980,Food & Fruits,Food & Fruits,0.9998842477798462,Food & Fruits,0.9997802972793579,6.673348252661526e-05,9.443079034099355e-05,0.9998842477798462,0.9997802972793579,4.48663231509272e-05,0.00012490128574427217,3.522617589624133e-06,2.193106780623566e-07,6.273456278904632e-07,6.9400080349169e-08
8548,Animals & Pets,Animals & Pets,0.9998198747634888,Animals & Pets,0.9997311234474182,0.9998198747634888,0.9997311234474182,4.110027657588944e-05,0.00011192804959136993,9.900471923174337e-06,4.163256051015196e-07,7.834289590391563e-07,3.686530760660389e-07,0.00012824074656236917,0.00015625044761691242
1316,Nature & Space,Nature & Space,0.9998124837875366,Nature & Space,0.9996994137763977,9.938535185938235e-07,6.190289809637761e-07,7.608597570651909e-06,2.1676477501841873e-07,8.220719610108063e-05,0.0001287469349335879,0.9998124837875366,0.9996994137763977,9.665456309448928e-05,0.00017099062097258866
10058,People & Occupations,People & Occupations,0.9997884035110474,People & Occupations,0.9996329545974731,1.752364551066421e-05,3.0816545404377393e-07,9.338463860331103e-05,0.00019143913232255727,0.9997884035110474,0.9996329545974731,0.000100300858321134,0.00017523634596727788,2.821433611188695e-07,4.3277701422539394e-08
9878,Nature & Space,Nature & Space,0.9998363256454468,Nature & Space,0.9997305274009705,6.884321237521362e-07,5.25476593793428e-07,7.875008122937288e-06,2.0315771109835623e-07,5.1067610911559314e-05,0.00014643504982814193,0.9998363256454468,0.9997305274009705,0.00010403197666164488,0.00012232200242578983
535,Animals & Pets,Animals & Pets,0.9997465014457703,Animals & Pets,0.9995602965354919,0.9997465014457703,0.9995602965354919,9.078528091777116e-05,0.000200355687411502,1.6669431715854444e-05,4.346491948581388e-07,1.0245063322145143e-06,5.621796503874066e-07,0.00014488573651760817,0.00023828705889172852
11511,Nature & Space,Nature & Space,0.9998071193695068,Nature & Space,0.999665379524231,7.960618404467823e-07,5.771846076640941e-07,7.553055638709338e-06,2.28799564183646e-07,6.613339792238548e-05,0.0001613952626939863,0.9998071193695068,0.999665379524231,0.00011838528007501736,0.00017239604494534433
9410,Food & Fruits,Food & Fruits,0.9998910427093506,Food & Fruits,0.9997373223304749,5.853598486282863e-05,0.00010496217873878777,0.9998910427093506,0.9997373223304749,4.6073411795077845e-05,0.00015729034203104675,3.6865881156700198e-06,2.1893139035000786e-07,5.628829171655525e-07,7.798745826903541e-08
2668,Food & Fruits,Food & Fruits,0.999880313873291,Food & Fruits,0.9997454285621643,5.772069198428653e-05,0.00013490571291185915,0.999880313873291,0.9997454285621643,5.726396921090782e-05,0.00011930369510082528,4.146495029999642e-06,2.5251787860725017e-07,6.384073003573576e-07,8.335664603009718e-08
2883,Animals & Pets,Animals & Pets,0.9998242855072021,Animals & Pets,0.9997093081474304,0.9998242855072021,0.9997093081474304,6.120598845882341e-05,0.00014522562560159713,7.371675110334763e-06,4.1385391114090453e-07,8.600687806392671e-07,4.062512175551092e-07,0.00010620108514558524,0.0001446419337298721
2795,Emotions & Actions,Emotions & Actions,0.9997567534446716,Emotions & Actions,0.9996098279953003,0.00010681796265998855,0.00018147537775803357,2.2060680748836603e-06,1.36830536234811e-07,5.043663691139955e-07,7.779745914149316e-08,0.00013376958668231964,0.0002083937724819407,0.9997567534446716,0.9996098279953003
9305,Food & Fruits,Food & Fruits,0.9998959302902222,Food & Fruits,0.9997408986091614,4.5252996642375365e-05,9.573752322467044e-05,0.9998959302902222,0.9997408986091614,5.4271804401651025e-05,0.00016306170437019318,3.780940915021347e-06,2.183856082638158e-07,6.720086389577773e-07,8.511308635661408e-08
704,Emotions & Actions,Emotions & Actions,0.9997344613075256,Emotions & Actions,0.9996033906936646,9.685895929578692e-05,0.00022243124840315431,2.8295605716266437e-06,1.5603474423642183e-07,5.324187100086419e-07,9.709727777362787e-08,0.00016530610446352512,0.0001739341823849827,0.9997344613075256,0.9996033906936646
6202,Food & Fruits,Food & Fruits,0.999879002571106,Food & Fruits,0.9997187256813049,6.384460721164942e-05,0.00012126222281949595,0.999879002571106,0.9997187256813049,5.1928964239778e-05,0.00015956225979607552,4.363786047179019e-06,2.624242938509269e-07,7.466802571798326e-07,9.582678472952466e-08
976,Emotions & Actions,Emotions & Actions,0.9998334646224976,Emotions & Actions,0.9997548460960388,7.012094283709303e-05,0.00013666968152392656,1.2343384696578141e-06,9.197184880349596e-08,3.1737701533529616e-07,5.7619978122147586e-08,9.481221059104428e-05,0.00010832877887878567,0.9998334646224976,0.9997548460960388
6744,Animals & Pets,Animals & Pets,0.9998533725738525,Animals & Pets,0.9997164607048035,0.9998533725738525,0.9997164607048035,4.8242749471683055e-05,0.00013669089821632951,9.604254046280403e-06,3.864374775730539e-07,8.623729286227899e-07,3.685365754790837e-07,8.787497063167393e-05,0.00014610504149459302
2416,Emotions & Actions,Emotions & Actions,0.9998254776000977,Emotions & Actions,0.9997205138206482,7.541962258983403e-05,0.00016832588880788535,1.3542571650759783e-06,1.0491741875284788e-07,3.0890191737853456e-07,6.95510919968001e-08,9.74685390247032e-05,0.00011101803102064878,0.9998254776000977,0.9997205138206482
6421,Nature & Space,Nature & Space,0.9998176097869873,Nature & Space,0.9996612071990967,8.505797381985758e-07,5.96764891724888e-07,9.170200428343378e-06,2.2737992821930675e-07,7.69253820180893e-05,0.00018227705731987953,0.9998176097869873,0.9996612071990967,9.546232467982918e-05,0.000155794492457062
1457,Emotions & Actions,Emotions & Actions,0.9998217821121216,Emotions & Actions,0.9997066855430603,0.00010051716526504606,0.0001768476067809388,1.316004158979922e-06,9.920558596832052e-08,3.4036881402244035e-07,6.773263550030606e-08,7.601216930197552e-05,0.00011622185411397368,0.9998217821121216,0.9997066855430603
11513,Animals & Pets,Animals & Pets,0.9998373985290527,Animals & Pets,0.999727189540863,0.9998373985290527,0.999727189540863,6.022896559443325e-05,0.0001246794854523614,8.154704119078815e-06,4.1789562033045513e-07,7.6233538948145e-07,3.4678612337302184e-07,9.359562682220712e-05,0.0001473383599659428
7622,Nature & Space,Nature & Space,0.9998319149017334,Nature & Space,0.9996991753578186,6.632077997892338e-07,5.338907271834614e-07,7.144817573134787e-06,2.1815210970999033e-07,5.4416865168605e-05,0.0001603023847565055,0.9998319149017334,0.9996991753578186,0.00010584991105133668,0.00013982968812342733
11494,Nature & Space,Nature & Space,0.9998401403427124,Nature & Space,0.9997281432151794,7.854520163164125e-07,5.634904596263368e-07,8.518461982021108e-06,2.0029712288760493e-07,7.154473860282451e-05,0.00013036213931627572,0.9998401403427124,0.9997281432151794,7.907952385721728e-05,0.00014070661563891917
8175,Food & Fruits,Food & Fruits,0.9998490810394287,Food & Fruits,0.9997432827949524,8.696154691278934e-05,0.00011752507998608053,0.9998490810394287,0.9997432827949524,5.9084781241836026e-05,0.00013884759391658008,4.1957455323426984e-06,2.598791866148531e-07,5.383964207794634e-07,7.499367171703852e-08
6808,Nature & Space,Nature & Space,0.9998178482055664,Nature & Space,0.9997068047523499,7.653179636690766e-07,5.200763553148136e-07,6.576845407835208e-06,2.185390002296117e-07,5.122572838445194e-05,0.00016828377556521446,0.9998178482055664,0.9997068047523499,0.00012357515515759587,0.00012418613187037408
1839,People & Occupations,People & Occupations,0.9997568726539612,People & Occupations,0.9995806813240051,1.7852962628239766e-05,3.437080806634185e-07,0.00011704749340424314,0.0002528749464545399,0.9997568726539612,0.9995806813240051,0.00010787712380988523,0.00016607351426500827,3.8601032770202437e-07,5.156985949383852e-08
4550,Animals & Pets,Animals & Pets,0.9997567534446716,Animals & Pets,0.9995827078819275,0.9997567534446716,0.9995827078819275,0.00011149773490615189,0.00018370538600720465,1.5238094420055859e-05,6.233182148207561e-07,1.429363123861549e-06,5.120156743032567e-07,0.00011497003288241103,0.00023244204930961132
7377,Animals & Pets,Animals & Pets,0.9998507499694824,Animals & Pets,0.9997255206108093,0.9998507499694824,0.9997255206108093,6.332404882414266e-05,0.00015286443522199988,7.5452849159773905e-06,3.7150340403968585e-07,7.482566388716805e-07,3.936534085369203e-07,7.768456271151081e-05,0.00012089215306332335
3099,People & Occupations,People & Occupations,0.999863862991333,People & Occupations,0.9997599720954895,1.174861790786963e-05,2.409012154203083e-07,4.927797635900788e-05,0.0001320677693001926,0.999863862991333,0.9997599720954895,7.48295133234933e-05,0.00010768956417450681,2.3481452160467597e-07,3.5843772394628104e-08
10095,Animals & Pets,Animals & Pets,0.9998455047607422,Animals & Pets,0.9997017979621887,0.9998455047607422,0.9997017979621887,6.137246964499354e-05,0.00010839682363439351,1.0371518328611273e-05,3.749842960587557e-07,9.401254033036821e-07,4.473420176509535e-07,8.178668940672651e-05,0.0001889237464638427
8560,People & Occupations,People & Occupations,0.9998782873153687,People & Occupations,0.9997597336769104,9.621728167985566e-06,2.2823618905931653e-07,5.352972948458046e-05,0.00011983633885392919,0.9998782873153687,0.9997597336769104,5.827912173117511e-05,0.00012023092131130397,1.8202969442882022e-07,3.532145598228453e-08
11756,Emotions & Actions,Emotions & Actions,0.9998568296432495,Emotions & Actions,0.9997585415840149,7.479530904674903e-05,0.00011650177475530654,1.1152854995089e-06,9.195447603360662e-08,2.5758450306057057e-07,6.5312285357777e-08,6.698453216813505e-05,0.00012478104326874018,0.9998568296432495,0.9997585415840149
7186,Emotions & Actions,Emotions & Actions,0.9998185634613037,Emotions & Actions,0.9997290968894958,5.2381517889443785e-05,0.0001404261711286381,1.3555334135162411e-06,9.959400415482378e-08,2.749552834302449e-07,6.70092816790202e-08,0.00012742221588268876,0.00013032856804784387,0.9998185634613037,0.9997290968894958
6671,People & Occupations,People & Occupations,0.9998441934585571,People & Occupations,0.9997861385345459,1.0172987458645366e-05,2.3688797057275224e-07,6.376024248311296e-05,0.00012957962462678552,0.9998441934585571,0.9997861385345459,8.169614739017561e-05,8.39792046463117e-05,2.0957608626304136e-07,3.523397396065775e-08
275,People & Occupations,People & Occupations,0.9998197555541992,People & Occupations,0.9997040629386902,1.7510361431050114e-05,2.616230858620838e-07,8.287428499897942e-05,0.0001684496528469026,0.9998197555541992,0.9997040629386902,7.96269450802356e-05,0.00012713053729385138,2.210544494118949e-07,4.151409527253236e-08
2734,Food & Fruits,Food & Fruits,0.9997807741165161,Food & Fruits,0.9996784329414368,9.612431313144043e-05,0.00019698889809660614,0.9997807741165161,0.9996784329414368,0.00011579753481782973,0.0001241082645719871,6.149488854134688e-06,3.215319850369269e-07,9.413672046321153e-07,1.1249061770968183e-07
8245,Animals & Pets,Animals & Pets,0.9998077154159546,Animals & Pets,0.9996964335441589,0.9998077154159546,0.9996964335441589,6.079321974539198e-05,0.00014050315076019615,9.031900845002383e-06,3.955714191761217e-07,7.992558721525711e-07,4.057480396113533e-07,0.00012152204726589844,0.00016230263281613588
8370,Food & Fruits,Food & Fruits,0.9998431205749512,Food & Fruits,0.999692976474762,6.611363642150536e-05,0.0001873705768957734,0.9998431205749512,0.999692976474762,8.496642840327695e-05,0.00011915757932001725,4.955237272952218e-06,3.216424602214829e-07,7.481631882910733e-07,9.58952526275425e-08
10332,People & Occupations,People & Occupations,0.9997636675834656,People & Occupations,0.9995957612991333,1.684005110291764e-05,3.217173230041226e-07,0.000111108944111038,0.00020664671319536865,0.9997636675834656,0.9995957612991333,0.00010814619599841535,0.00019719835836440325,2.78626373528823e-07,4.7643759160109767e-08
7880,People & Occupations,People & Occupations,0.9998624324798584,People & Occupations,0.9997485280036926,1.2239550414960831e-05,2.3160062312399532e-07,6.387144094333053e-05,0.00014301994815468788,0.9998624324798584,0.9997485280036926,6.109757669037208e-05,0.00010823040793184191,2.0714099946417264e-07,3.4787518643497606e-08
7194,Food & Fruits,Food & Fruits,0.9998762607574463,Food & Fruits,0.9997361302375793,6.937395664863288e-05,0.0001129095908254385,0.9998762607574463,0.9997361302375793,4.9724840209819376e-05,0.00015062962484080344,4.129607532377122e-06,2.0049118631959573e-07,5.310398023539165e-07,8.347216606807706e-08
7759,Nature & Space,Nature & Space,0.9997999668121338,Nature & Space,0.9996902346611023,9.218680929734546e-07,6.252399202821834e-07,7.594641829200555e-06,2.415448534520692e-07,7.379623275483027e-05,0.0001704875467112288,0.9997999668121338,0.9996902346611023,0.00011758084292523563,0.00013838546874467283
7736,Food & Fruits,Food & Fruits,0.9998928308486938,Food & Fruits,0.9997288584709167,4.840217297896743e-05,0.00015852504293434322,0.9998928308486938,0.9997288584709167,5.3618998208548874e-05,0.00011231230746489018,4.571156750898808e-06,2.4906796625145944e-07,6.206313969414623e-07,8.614325253120114e-08
4678,Food & Fruits,Food & Fruits,0.9998998641967773,Food & Fruits,0.9997602105140686,5.533473449759185e-05,0.0001160497558885254,0.9998998641967773,0.9997602105140686,4.06892504543066e-05,0.0001233198563568294,3.4348533972661244e-06,2.123269524645366e-07,6.661822453679633e-07,8.215432956149016e-08
82,Animals & Pets,Animals & Pets,0.9998095035552979,Animals & Pets,0.9997103810310364,0.9998095035552979,0.9997103810310364,4.98187800985761e-05,0.000164811935974285,6.100173322920455e-06,3.658631442249316e-07,7.647819302292191e-07,3.776669927901821e-07,0.000133814406581223,0.0001240373239852488
11231,Animals & Pets,Animals & Pets,0.9997619986534119,Animals & Pets,0.9996206760406494,0.9997619986534119,0.9996206760406494,7.943076343508437e-05,0.00022397837892640382,1.1625761544564739e-05,5.44472470664914e-07,9.814068562263856e-07,4.724210498352477e-07,0.00014594470849260688,0.00015414079825859517
8825,Nature & Space,Nature & Space,0.9997771978378296,Nature & Space,0.9996734261512756,1.1967864566031494e-06,6.355988375617017e-07,8.162320227711461e-06,2.814826132180315e-07,0.00010826613288372755,0.00016617163782939315,0.9997771978378296,0.9996734261512756,0.00010515984467929229,0.0001594313798705116
389,Animals & Pets,Animals & Pets,0.9998114109039307,Animals & Pets,0.9996748566627502,0.9998114109039307,0.9996748566627502,7.948386337375268e-05,0.00013854748976882547,1.1236898899369407e-05,5.039130996919994e-07,1.0252463198412443e-06,4.1470090650364e-07,9.682226664153859e-05,0.0001856693415902555
1665,Emotions & Actions,Emotions & Actions,0.9998483657836914,Emotions & Actions,0.9997541308403015,8.438633813057095e-05,0.00014044306590221822,1.0398948688816745e-06,8.62430908910028e-08,2.7887460873898817e-07,7.123911416329065e-08,6.588330870727077e-05,0.00010523405944695696,0.9998483657836914,0.9997541308403015
10155,Animals & Pets,Animals & Pets,0.9998257160186768,Animals & Pets,0.9996780753135681,0.9998257160186768,0.9996780753135681,3.9257265598280355e-05,0.0001719383435556665,8.15605562820565e-06,3.8510634681188094e-07,7.974976483637874e-07,3.348670816194499e-07,0.00012612213322427124,0.00014914631901774555
2096,Food & Fruits,Food & Fruits,0.9998390674591064,Food & Fruits,0.9996877312660217,8.121651626424864e-05,0.00015056459233164787,0.9998390674591064,0.9996877312660217,7.508964336011559e-05,0.00016139195940922946,3.939033831557026e-06,2.5541612558299676e-07,6.709983040309453e-07,9.040804371807099e-08
5223,Food & Fruits,Food & Fruits,0.9998350143432617,Food & Fruits,0.9996476173400879,8.94482946023345e-05,0.00016597459034528583,0.9998350143432617,0.9996476173400879,7.127442222554237e-05,0.00018603488570079207,3.7272111512720585e-06,2.6803218133863993e-07,6.35921708180831e-07,7.803610913015291e-08
11059,Nature & Space,Nature & Space,0.999823808670044,Nature & Space,0.9997517466545105,8.926083410187857e-07,6.206622060744849e-07,8.45071190269664e-06,2.2695962798024993e-07,6.23498999630101e-05,0.00011181523586856201,0.999823808670044,0.9997517466545105,0.00010435520380269736,0.00013558033970184624
8672,Emotions & Actions,Emotions & Actions,0.9998259544372559,Emotions & Actions,0.9997255206108093,8.113300282275304e-05,0.00015332389739342034,1.3830028819938889e-06,9.659688515739617e-08,3.040726710423769e-07,6.21666842448576e-08,9.114758722716942e-05,0.00012093125405954197,0.9998259544372559,0.9997255206108093
6167,Food & Fruits,Food & Fruits,0.9998173713684082,Food & Fruits,0.9997014403343201,8.990811329567805e-05,0.0001739756262395531,0.9998173713684082,0.9997014403343201,8.565725147491321e-05,0.00012417207472026348,6.157143161544809e-06,2.798470006837306e-07,8.275308687188954e-07,9.455332161678598e-08
3329,Animals & Pets,Animals & Pets,0.9998348951339722,Animals & Pets,0.9997156262397766,0.9998348951339722,0.9997156262397766,4.650470509659499e-05,0.0001144154739449732,1.1985510354861617e-05,4.141617182540358e-07,8.767837584855442e-07,4.315509727348399e-07,0.00010575820488156751,0.00016905365919228643
3047,Food & Fruits,Food & Fruits,0.9998651742935181,Food & Fruits,0.9997523427009583,7.141346577554941e-05,0.00012760846584569663,0.9998651742935181,0.9997523427009583,5.925750156166032e-05,0.00011962443386437371,3.5398666113906074e-06,2.147670699059745e-07,5.720474973713863e-07,8.591702993498984e-08
4401,Nature & Space,Nature & Space,0.9998248815536499,Nature & Space,0.9997367262840271,7.338231853282196e-07,5.199704560254759e-07,9.548035450279713e-06,2.1434466646041983e-07,7.770161028020084e-05,0.00013505901733879,0.9998248815536499,0.9997367262840271,8.712431008461863e-05,0.0001275428367080167
6415,Nature & Space,Nature & Space,0.9998056888580322,Nature & Space,0.9996923804283142,6.562859198311344e-07,5.014500743527606e-07,6.714012670272496e-06,2.120583957321287e-07,6.67119529680349e-05,0.00016757570847403258,0.9998056888580322,0.9996923804283142,0.000120177173812408,0.00013929250417277217
9772,Animals & Pets,Animals & Pets,0.9997761249542236,Animals & Pets,0.9996374845504761,0.9997761249542236,0.9996374845504761,8.673680713400245e-05,0.00018556523718871176,1.0349151125410572e-05,5.161104468243138e-07,9.798795872484334e-07,5.881784659322875e-07,0.00012576444714795798,0.0001758940052241087
11771,Animals & Pets,Animals & Pets,0.9997870922088623,Animals & Pets,0.9996709227561951,0.9997870922088623,0.9996709227561951,8.179595170076936e-05,0.00013271592615637928,1.3032561582804192e-05,5.176345894142287e-07,1.0102022542923805e-06,5.377140155360394e-07,0.0001171385811176151,0.00019523463561199605
6361,Animals & Pets,Animals & Pets,0.9998283386230469,Animals & Pets,0.9996914267539978,0.9998283386230469,0.9996914267539978,7.079013448674232e-05,0.0001419613981852308,1.1656064998533111e-05,4.4782910890717176e-07,7.993356234692328e-07,3.77642550120072e-07,8.830338629195467e-05,0.0001658122637309134
4126,Emotions & Actions,Emotions & Actions,0.9998574256896973,Emotions & Actions,0.9997549653053284,8.119841368170455e-05,0.00014371503493748605,9.364445645587693e-07,8.059026157525295e-08,2.6290464916201017e-07,6.559093890246004e-08,6.015313556417823e-05,0.00010119564103661105,0.9998574256896973,0.9997549653053284
8326,Nature & Space,Nature & Space,0.9998098611831665,Nature & Space,0.9996809363365173,8.807744507066673e-07,6.854808134448831e-07,7.906215614639223e-06,2.2000928368015593e-07,8.861684909788892e-05,0.00013954566384200007,0.9998098611831665,0.9996809363365173,9.269551810575649e-05,0.00017847889102995396
9920,Animals & Pets,Animals & Pets,0.999849796295166,Animals & Pets,0.9997196793556213,0.999849796295166,0.9997196793556213,4.5446475269272923e-05,0.00012428214540705085,9.10260951059172e-06,4.070752481766249e-07,8.19040337773913e-07,3.824279133368691e-07,9.493183461017907e-05,0.00015525301569141448
6033,Nature & Space,Nature & Space,0.9998193979263306,Nature & Space,0.9997040629386902,8.663158723720699e-07,6.211862455529626e-07,1.0012768143496942e-05,2.3242269264756032e-07,5.326468453858979e-05,0.00010927150287898257,0.9998193979263306,0.9997040629386902,0.0001163980268756859,0.00018584039935376495
5636,Nature & Space,Nature & Space,0.9998264312744141,Nature & Space,0.9996996521949768,6.570047048626293e-07,5.242080760581302e-07,7.6134151640872005e-06,1.9790623184690048e-07,5.0104888941859826e-05,0.0001731666998239234,0.9998264312744141,0.9996996521949768,0.00011515669757500291,0.00012650142889469862
5783,People & Occupations,People & Occupations,0.9997425675392151,People & Occupations,0.9996250867843628,1.7344942534691654e-05,2.847395990102086e-07,0.00012711893941741437,0.00020232071983627975,0.9997425675392151,0.9996250867843628,0.00011276439181528986,0.00017232073878403753,2.394939713212807e-07,4.688332566615827e-08
11217,People & Occupations,People & Occupations,0.9998098611831665,People & Occupations,0.9996973872184753,2.1579367967206053e-05,3.0028004971427436e-07,5.991759826429188e-05,0.00017605675384402275,0.9998098611831665,0.9996973872184753,0.00010827194637386128,0.00012623408110812306,3.3011565392371267e-07,4.2340278838537415e-08
7483,People & Occupations,People & Occupations,0.9998195171356201,People & Occupations,0.9997172951698303,1.4195499716151971e-05,2.734265933668212e-07,7.319482392631471e-05,0.0001445008092559874,0.9998195171356201,0.9997172951698303,9.287028660764918e-05,0.00013788978685624897,2.3043394037358667e-07,3.905604728515755e-08
11306,Nature & Space,Nature & Space,0.9998228549957275,Nature & Space,0.9996650218963623,8.979292260846705e-07,6.49020137188927e-07,8.227937541960273e-06,2.5872139985949616e-07,5.884121128474362e-05,0.0001647119061090052,0.9998228549957275,0.9996650218963623,0.00010916043538600206,0.00016933797451201826
10317,Food & Fruits,Food & Fruits,0.9998762607574463,Food & Fruits,0.9997326731681824,6.315817881841213e-05,0.00012646471441257745,0.9998762607574463,0.9997326731681824,5.543108636629768e-05,0.00014050664321985096,4.5678470996790566e-06,2.277851223198013e-07,5.737551873608027e-07,8.505200810304814e-08
5439,Emotions & Actions,Emotions & Actions,0.9998470544815063,Emotions & Actions,0.9997552037239075,7.426222146023065e-05,0.00012992566917091608,1.2516586593847023e-06,9.627766672792859e-08,3.233489564991032e-07,7.851242855849705e-08,7.704886957071722e-05,0.00011470570461824536,0.9998470544815063,0.9997552037239075
8749,People & Occupations,People & Occupations,0.9997487664222717,People & Occupations,0.9996681213378906,1.9190891180187464e-05,2.826151330737048e-07,0.00012651295401155949,0.00019630441966000944,0.9997487664222717,0.9996681213378906,0.00010516848124098033,0.0001352491381112486,3.111393027666054e-07,4.5826858752207045e-08
9392,Food & Fruits,Food & Fruits,0.999853253364563,Food & Fruits,0.9997236132621765,7.732347148703411e-05,0.000113436377432663,0.999853253364563,0.9997236132621765,6.379926344379783e-05,0.00016259179392363876,4.923359938402427e-06,2.6244686068821466e-07,7.53090830585279e-07,7.67110179822339e-08
1511,People & Occupations,People & Occupations,0.9997744560241699,People & Occupations,0.9996540546417236,1.681795583863277e-05,2.8477393243520055e-07,0.00011479557724669576,0.00016612737090326846,0.9997744560241699,0.9996540546417236,9.360580588690937e-05,0.0001795425923774019,3.0228267178245005e-07,4.927033359081179e-08
2905,Food & Fruits,Food & Fruits,0.9998180866241455,Food & Fruits,0.9996708035469055,8.64803369040601e-05,0.00014985953748691827,0.9998180866241455,0.9996708035469055,8.988845365820453e-05,0.00017873734759632498,4.659641945181647e-06,3.196556406237505e-07,7.944407229842909e-07,8.976869025900669e-08
5615,Food & Fruits,Food & Fruits,0.999780535697937,Food & Fruits,0.9996760487556458,0.00010561719682300463,0.00018593695131130517,0.999780535697937,0.9996760487556458,0.00010738482524175197,0.0001375600986648351,5.539769063034328e-06,3.624206499353022e-07,9.309783877142763e-07,1.0840440722859057e-07
5877,Nature & Space,Nature & Space,0.9998230934143066,Nature & Space,0.9997425675392151,8.684019690008427e-07,6.05144464316254e-07,9.412575309397653e-06,2.1094996327519766e-07,6.47414053673856e-05,0.00011317001190036535,0.9998230934143066,0.9997425675392151,0.00010196282528340816,0.00014352300786413252
922,People & Occupations,People & Occupations,0.9997593760490417,People & Occupations,0.9996615648269653,1.9667850210680626e-05,3.190393158547522e-07,0.000122110839583911,0.00017653699615038931,0.9997593760490417,0.9996615648269653,9.843795851338655e-05,0.00016160951054189354,2.982357898417831e-07,4.26744115600286e-08
8317,Food & Fruits,Food & Fruits,0.9998201131820679,Food & Fruits,0.9996832013130188,7.190898759290576e-05,0.00016516493633389473,0.9998201131820679,0.9996832013130188,0.00010268189362250268,0.00015127968799788505,4.488156719162362e-06,2.742629021668108e-07,6.689729161735158e-07,9.041280435440058e-08
1346,People & Occupations,People & Occupations,0.9998613595962524,People & Occupations,0.9997562766075134,1.1318436918372754e-05,2.668034539965447e-07,7.039808406261727e-05,0.00012381361739244312,0.9998613595962524,0.9997562766075134,5.667336154147051e-05,0.0001196374578285031,2.0090332952804602e-07,3.6751217180608364e-08
6708,Nature & Space,Nature & Space,0.9997985363006592,Nature & Space,0.9997140765190125,9.297032761423907e-07,5.878432602912653e-07,7.716892469034065e-06,2.3777101887390018e-07,7.210665353341028e-05,0.00012860854621976614,0.9997985363006592,0.9997140765190125,0.0001205938751809299,0.0001565248821862042
2720,Emotions & Actions,Emotions & Actions,0.9998000860214233,Emotions & Actions,0.9997087121009827,9.820435661822557e-05,0.00015831926430109888,1.6939766283030622e-06,1.2347983613381075e-07,3.596767896851816e-07,8.823915464972742e-08,9.955772839020938e-05,0.0001327667705481872,0.9998000860214233,0.9997087121009827
3970,People & Occupations,People & Occupations,0.9998418092727661,People & Occupations,0.9997478127479553,1.4533445209963247e-05,2.461216013216472e-07,7.43085183785297e-05,0.00013319846766535193,0.9998418092727661,0.9997478127479553,6.917060818523169e-05,0.00011873882613144815,2.557684979365149e-07,3.8639559107878085e-08
182,Animals & Pets,Animals & Pets,0.9998382329940796,Animals & Pets,0.9997170567512512,0.9998382329940796,0.9997170567512512,5.9794405387947336e-05,0.00012488337233662605,9.092007530853152e-06,4.1474217482573295e-07,8.725733096071053e-07,4.3218912537668075e-07,9.207269613398239e-05,0.0001571790489833802
11591,People & Occupations,People & Occupations,0.9998319149017334,People & Occupations,0.9996690154075623,1.8808099412126467e-05,3.079468626765447e-07,7.887957326602191e-05,0.0001739671715768054,0.9998319149017334,0.9996690154075623,7.010250556049868e-05,0.00015674652240704745,2.2336936922329187e-07,4.1164849307051554e-08
567,Nature & Space,Nature & Space,0.9998131990432739,Nature & Space,0.999731719493866,6.722632406308549e-07,4.876435468759155e-07,7.459432708856184e-06,2.16549452147774e-07,5.0739283324219286e-05,0.0001643500872887671,0.9998131990432739,0.999731719493866,0.0001278773124795407,0.000103164064057637
5846,Animals & Pets,Animals & Pets,0.9997801780700684,Animals & Pets,0.999648928642273,0.9997801780700684,0.999648928642273,7.986639684531838e-05,0.00015778963279444724,1.4992560863902327e-05,4.868419978265592e-07,1.1455942967586452e-06,5.191082550481951e-07,0.00012371364573482424,0.0001923095405800268
11078,People & Occupations,People & Occupations,0.9997783899307251,People & Occupations,0.9995919466018677,1.982783396670129e-05,3.7503713201658684e-07,0.00010741625010268763,0.0001641784474486485,0.9997783899307251,0.9995919466018677,9.387910540681332e-05,0.0002433874033158645,3.9622190683985536e-07,4.743041515098412e-08
8890,Food & Fruits,Food & Fruits,0.9998528957366943,Food & Fruits,0.999718964099884,7.31141772121191e-05,0.00013369705993682146,0.9998528957366943,0.999718964099884,6.883621972519904e-05,0.00014691062096972018,4.537929271464236e-06,2.6443089495842287e-07,6.481684522441356e-07,8.955991859238566e-08
4797,People & Occupations,People & Occupations,0.9998329877853394,People & Occupations,0.9997313618659973,1.1882614671776537e-05,2.6801959052136226e-07,8.773124864092097e-05,0.00013065777602605522,0.9998329877853394,0.9997313618659973,6.705451960442588e-05,0.0001376896252622828,2.485836887444748e-07,3.738389864338387e-08
1209,Nature & Space,Nature & Space,0.9998217821121216,Nature & Space,0.999684751033783,9.725441714181216e-07,7.028382356111251e-07,8.121599421428982e-06,2.586159837392188e-07,8.610047370893881e-05,0.00013641036639455706,0.9998217821121216,0.999684751033783,8.300084300572053e-05,0.00017775238666217774
9148,Animals & Pets,Animals & Pets,0.9998470544815063,Animals & Pets,0.9997227787971497,0.9998470544815063,0.9997227787971497,3.900020965375006e-05,0.00012061107554472983,7.101469691406237e-06,3.581686200959666e-07,6.410600690287538e-07,3.1814641943128663e-07,0.00010622244008118287,0.00015586070367135108
6489,People & Occupations,People & Occupations,0.9997585415840149,People & Occupations,0.9995673298835754,2.465527541062329e-05,3.561698065368546e-07,9.030815272126347e-05,0.00023663150204811245,0.9997585415840149,0.9995673298835754,0.00012606964446604252,0.00019571509619709104,3.447111112109269e-07,4.697925248819956e-08
4859,People & Occupations,People & Occupations,0.9997726678848267,People & Occupations,0.9996036291122437,2.1398554963525385e-05,3.2448627962367027e-07,9.629483975004405e-05,0.00021181312331464142,0.9997726678848267,0.9996036291122437,0.00010928370465990156,0.0001841672492446378,2.833420467140968e-07,4.32348485901457e-08
4731,Animals & Pets,Animals & Pets,0.9998421669006348,Animals & Pets,0.9997201561927795,0.9998421669006348,0.9997201561927795,5.9354890254326165e-05,0.00013769754150416702,9.250004950445145e-06,3.825612111540977e-07,8.316972071042983e-07,4.3583119690993044e-07,8.827876445138827e-05,0.00014139448467176408
10845,Animals & Pets,Animals & Pets,0.999768078327179,Animals & Pets,0.9995923042297363,0.999768078327179,0.9995923042297363,9.632736328057945e-05,0.00019571121083572507,1.5141585208766628e-05,5.690683337888913e-07,1.1125001719847205e-06,5.77267940116144e-07,0.00011944860307266936,0.0002108226326527074
6852,Nature & Space,Nature & Space,0.9998372793197632,Nature & Space,0.9997683167457581,9.505537832410482e-07,6.174413442749938e-07,7.596250725327991e-06,2.0330590189132636e-07,8.283393253805116e-05,9.522547770757228e-05,0.9998372793197632,0.9997683167457581,7.126295531634241e-05,0.00013562450476456434
7388,Emotions & Actions,Emotions & Actions,0.9997729063034058,Emotions & Actions,0.9996614456176758,0.0001268836931558326,0.00019051205890718848,2.2095191525295377e-06,1.496693755598244e-07,4.827006137020362e-07,7.659615164357092e-08,9.743394184624776e-05,0.00014779306366108358,0.9997729063034058,0.9996614456176758
8802,Emotions & Actions,Emotions & Actions,0.9998153448104858,Emotions & Actions,0.9996854662895203,7.659294351469725e-05,0.0001752191747073084,1.7498689430794911e-06,1.1142732603275363e-07,3.1776829700902454e-07,8.239847915092469e-08,0.00010599805682431906,0.00013907199900131673,0.9998153448104858,0.9996854662895203
3733,Animals & Pets,Animals & Pets,0.9998437166213989,Animals & Pets,0.9997264742851257,0.9998437166213989,0.9997264742851257,5.051805419498123e-05,0.00013279901759233326,8.00412362877978e-06,3.956677971928002e-07,6.998715775807796e-07,3.3181231628987007e-07,9.697241330286488e-05,0.00014002234092913568
7067,Emotions & Actions,Emotions & Actions,0.9998292922973633,Emotions & Actions,0.9997727870941162,6.015328108333051e-05,0.00012743935803882778,1.1395463843655307e-06,8.859965561214267e-08,2.6525725616011187e-07,5.53306840345158e-08,0.00010913626465480775,9.960962779587135e-05,0.9998292922973633,0.9997727870941162
2046,People & Occupations,People & Occupations,0.9998441934585571,People & Occupations,0.9997324347496033,1.2965408132004086e-05,2.7333140906193876e-07,7.99092958914116e-05,0.000149609157233499,0.9998441934585571,0.9997324347496033,6.268874858506024e-05,0.00011763627117034048,1.961115287940629e-07,3.753326538458168e-08
11057,Nature & Space,Nature & Space,0.9998434782028198,Nature & Space,0.9997068047523499,6.677889246020641e-07,5.069344979347079e-07,6.564950581378071e-06,2.1972978458961734e-07,4.572764737531543e-05,0.0001461227220715955,0.9998434782028198,0.9997068047523499,0.00010357605788158253,0.00014628823555540293
7035,Animals & Pets,Animals & Pets,0.9997892379760742,Animals & Pets,0.9996353387832642,0.9997892379760742,0.9996353387832642,6.875547114759684e-05,0.00013263820437714458,9.658664566813968e-06,3.7766460536658997e-07,1.1422055194998393e-06,5.054723146713513e-07,0.0001310673396801576,0.00023117316595744342
1274,Emotions & Actions,Emotions & Actions,0.9997649788856506,Emotions & Actions,0.9996342658996582,0.00014645476767327636,0.00020536566444206983,1.0967301022901665e-06,1.210579085864083e-07,6.203886755429266e-07,9.01858570045988e-08,8.680253813508898e-05,0.00016012406558729708,0.9997649788856506,0.9996342658996582
4682,Animals & Pets,Animals & Pets,0.9997988939285278,Animals & Pets,0.9996852278709412,0.9997988939285278,0.9996852278709412,5.095352025819011e-05,0.0001465988898416981,1.1409052603994496e-05,5.074426212559047e-07,8.135215239235549e-07,4.804695663551684e-07,0.00013776015839539468,0.00016716080426704139
7402,Animals & Pets,Animals & Pets,0.9998303651809692,Animals & Pets,0.9996806979179382,0.9998303651809692,0.9996806979179382,8.025729766814038e-05,0.0001426626113243401,1.0309177014278248e-05,3.9100029880501097e-07,8.447958066426509e-07,4.089106653282215e-07,7.828554225852713e-05,0.00017584941815584898
6939,Nature & Space,Nature & Space,0.9997882843017578,Nature & Space,0.999658465385437,1.0930322105195955e-06,7.085104130055697e-07,1.1550519047887065e-05,3.4174848906332045e-07,0.00011299584002699703,0.0001526522682979703,0.9997882843017578,0.999658465385437,8.606991468695924e-05,0.00018778179946821183
5282,Emotions & Actions,Emotions & Actions,0.9998254776000977,Emotions & Actions,0.9996517896652222,0.00010487587860552594,0.0002090949274133891,1.258553538718843e-06,1.0640815162332729e-07,3.390473182207643e-07,7.95910466422356e-08,6.804614531574771e-05,0.00013890441914554685,0.9998254776000977,0.9996517896652222
8289,Food & Fruits,Food & Fruits,0.9998328685760498,Food & Fruits,0.9996773600578308,7.348515646299347e-05,0.0001383620547130704,0.9998328685760498,0.9996773600578308,8.798536873655394e-05,0.00018388527678325772,4.91990886075655e-06,2.4822449518069334e-07,6.647344434895786e-07,1.0262302652108701e-07
2470,Animals & Pets,Animals & Pets,0.999748170375824,Animals & Pets,0.9995266795158386,0.999748170375824,0.9995266795158386,0.00011114876542706043,0.00017537939129397273,1.1946516679017805e-05,4.6240228357419255e-07,9.388485864292306e-07,4.6683231857969076e-07,0.00012781814439222217,0.00029690214432775974
2264,Animals & Pets,Animals & Pets,0.9998093843460083,Animals & Pets,0.9996872544288635,0.9998093843460083,0.9996872544288635,4.522884773905389e-05,0.00013633773778565228,8.137974873534404e-06,4.342254271705315e-07,8.197761758310662e-07,3.643681907306018e-07,0.00013652379857376218,0.00017558697436470538
3549,People & Occupations,People & Occupations,0.9998093843460083,People & Occupations,0.999707043170929,1.3746151125815231e-05,2.6696716304286383e-07,0.00010923790978267789,0.0001442352368030697,0.9998093843460083,0.999707043170929,6.730465247528628e-05,0.00014836723858024925,2.864099712951429e-07,4.344798654187798e-08
5003,Nature & Space,Nature & Space,0.9996879696846008,Nature & Space,0.9997219443321228,1.5425824813064537e-06,7.742443699498835e-07,1.043660449795425e-05,2.9670744083887257e-07,0.00015581544721499085,0.000131692475406453,0.9996879696846008,0.9997219443321228,0.0001441618223907426,0.00014522939454764128
8801,Animals & Pets,Animals & Pets,0.9998033046722412,Animals & Pets,0.999687135219574,0.9998033046722412,0.999687135219574,9.750458411872387e-05,0.00016005772340577096,8.109484952001367e-06,4.056544753439084e-07,9.886556426863535e-07,4.077785149547708e-07,9.011758083943278e-05,0.00015210847777780145
8493,Animals & Pets,Animals & Pets,0.9998310804367065,Animals & Pets,0.9997196793556213,0.9998310804367065,0.9997196793556213,6.0423273680498824e-05,0.00013553294411394745,8.37771858641645e-06,3.98164104353782e-07,8.06297236977116e-07,3.5998141356685665e-07,9.923066681949422e-05,0.0001441135973436758
10077,Nature & Space,Nature & Space,0.999841570854187,Nature & Space,0.9997673630714417,8.07757999155001e-07,5.504346631823864e-07,7.626371370861307e-06,2.1694351914902654e-07,5.9885507653234527e-05,0.00010408910020487383,0.999841570854187,0.9997673630714417,9.005075844470412e-05,0.00012774430797435343
6866,People & Occupations,People & Occupations,0.9998743534088135,People & Occupations,0.999756395816803,1.215897918882547e-05,2.24102464585485e-07,4.196014197077602e-05,0.00013433114509098232,0.9998743534088135,0.999756395816803,7.133080362109467e-05,0.00010906795796472579,1.9747888302390493e-07,3.646132640255928e-08
9468,Food & Fruits,Food & Fruits,0.9998843669891357,Food & Fruits,0.9997696280479431,6.678614590782672e-05,9.608758409740403e-05,0.9998843669891357,0.9997696280479431,4.442743738763966e-05,0.0001340059970971197,3.7744266592198983e-06,2.0377612486299768e-07,5.713982318411581e-07,8.225263314898257e-08
3219,Emotions & Actions,Emotions & Actions,0.999789834022522,Emotions & Actions,0.9996585845947266,8.866063581081107e-05,0.00018831228953786194,2.0227089407853782e-06,1.0908656378205706e-07,3.9392097050949815e-07,7.927599909862693e-08,0.00011899798118975013,0.0001528877328382805,0.999789834022522,0.9996585845947266
1492,Nature & Space,Nature & Space,0.9998164176940918,Nature & Space,0.9997166991233826,6.849222131677379e-07,5.117640284879599e-07,6.19674119661795e-06,2.0316770132922102e-07,5.22188565810211e-05,0.00017183253658004105,0.9998164176940918,0.9997166991233826,0.00012445313041098416,0.00011066180741181597
3701,Animals & Pets,Animals & Pets,0.9998399019241333,Animals & Pets,0.9997207522392273,0.9998399019241333,0.9997207522392273,4.9093199777416885e-05,9.80648910626769e-05,7.185903086792678e-06,3.8015124914636544e-07,7.188057793428015e-07,3.675105233469367e-07,0.00010314551036572084,0.0001804368948796764
6104,Animals & Pets,Animals & Pets,0.9997692704200745,Animals & Pets,0.9996181726455688,0.9997692704200745,0.9996181726455688,0.00010245053272228688,0.00019699789118021727,1.3166813005227596e-05,4.0325289774045814e-07,1.1150304999318905e-06,5.284936719363031e-07,0.00011401509982533753,0.00018404508591629565
3330,Food & Fruits,Food & Fruits,0.9998195171356201,Food & Fruits,0.999703586101532,6.669334834441543e-05,0.0001441532076569274,0.9998195171356201,0.999703586101532,0.00010777745774248615,0.0001516765623819083,5.246342880127486e-06,3.116815037174092e-07,7.667511567888141e-07,1.0009038931002578e-07
6411,Food & Fruits,Food & Fruits,0.9997691512107849,Food & Fruits,0.9996354579925537,0.00011785754031734541,0.00020683120237663388,0.9997691512107849,0.9996354579925537,0.00010612687765387818,0.0001572335313539952,6.087543169996934e-06,3.6516544810183404e-07,8.625066811873694e-07,9.910943532531746e-08
2151,Emotions & Actions,Emotions & Actions,0.9998228549957275,Emotions & Actions,0.9997074007987976,7.073414599290118e-05,0.000146081016282551,1.6179367321456084e-06,1.1413231959522818e-07,3.5398699083089014e-07,7.529167334041631e-08,0.00010435012518428266,0.00014628845383413136,0.9998228549957275,0.9997074007987976
11504,Nature & Space,Nature & Space,0.9998157024383545,Nature & Space,0.9997128844261169,7.611732257828407e-07,5.226475536801445e-07,8.358867489732802e-06,1.9979177068307763e-07,5.331790089257993e-05,0.00014757938333787024,0.9998157024383545,0.9997128844261169,0.00012185667583253235,0.00013888481771573424
3131,Food & Fruits,Food & Fruits,0.9998655319213867,Food & Fruits,0.9997187256813049,6.149749242467806e-05,0.00014118636318016797,0.9998655319213867,0.9997187256813049,6.751151522621512e-05,0.00013963240780867636,4.906396043224959e-06,2.4624543470963545e-07,6.473914027083083e-07,8.188857236746117e-08
635,Food & Fruits,Food & Fruits,0.9997880458831787,Food & Fruits,0.999606728553772,9.840981510933489e-05,0.00023042238899506629,0.9997880458831787,0.999606728553772,0.0001075632608262822,0.00016231220797635615,5.067372057965258e-06,3.518549362979684e-07,8.130636501846311e-07,9.881044604753697e-08
11732,People & Occupations,People & Occupations,0.9998095035552979,People & Occupations,0.9996832013130188,1.99214591702912e-05,2.7764775722971535e-07,7.074641325743869e-05,0.00018910753715317696,0.9998095035552979,0.9996832013130188,9.957006113836542e-05,0.0001273715461138636,2.706513555494894e-07,4.531437980404007e-08
11951,Food & Fruits,Food & Fruits,0.9998927116394043,Food & Fruits,0.9997424483299255,5.723159483750351e-05,0.00013266594032756984,0.9998927116394043,0.9997424483299255,4.5683518692385405e-05,0.00012451966176740825,3.818061941274209e-06,2.18716522226714e-07,5.512291636478039e-07,7.26675821738354e-08
3159,Nature & Space,Nature & Space,0.9997826814651489,Nature & Space,0.9996678829193115,1.3049237850282225e-06,8.092166581263882e-07,7.78356388764223e-06,3.0973367870501534e-07,0.0001415143342455849,0.00010982920503010973,0.9997826814651489,0.9996678829193115,6.658399797743186e-05,0.0002211742685176432
9145,Emotions & Actions,Emotions & Actions,0.9997549653053284,Emotions & Actions,0.9996472597122192,0.00011784878734033555,0.00018572690896689892,2.0801239770662505e-06,1.2166213991804398e-07,4.425309612088313e-07,8.863078448939632e-08,0.00012467771011870354,0.0001667505275690928,0.9997549653053284,0.9996472597122192
11426,People & Occupations,People & Occupations,0.9998356103897095,People & Occupations,0.9997636675834656,1.3421007679426111e-05,2.503258826891397e-07,7.683812873438001e-05,0.00012466440966818482,0.9998356103897095,0.9997636675834656,7.393503619823605e-05,0.00011146883480250835,2.758703487870662e-07,3.977772422558701e-08
5669,Food & Fruits,Food & Fruits,0.9998974800109863,Food & Fruits,0.999749481678009,4.968404391547665e-05,0.00011569236812647432,0.9998974800109863,0.999749481678009,4.816080036107451e-05,0.0001344515912933275,4.156884642725345e-06,2.1848288156434137e-07,5.317240834301629e-07,7.98958836867314e-08
2122,People & Occupations,People & Occupations,0.9998173713684082,People & Occupations,0.9997079968452454,1.745911140460521e-05,2.799278604470601e-07,8.253201667685062e-05,0.00017041107639670372,0.9998173713684082,0.9997079968452454,8.23475857032463e-05,0.00012137395970057696,2.5691488758639025e-07,3.719802776913639e-08
1305,Nature & Space,Nature & Space,0.9998157024383545,Nature & Space,0.9996761679649353,7.590608674945543e-07,5.341004225556389e-07,6.6178090492030606e-06,2.1214152923221263e-07,5.788812632090412e-05,0.00015183899085968733,0.9998157024383545,0.9996761679649353,0.00011895566422026604,0.00017124204896390438
7156,Animals & Pets,Animals & Pets,0.9998302459716797,Animals & Pets,0.9996986985206604,0.9998302459716797,0.9996986985206604,5.672994666383602e-05,0.00013827966176904738,1.110998618969461e-05,4.69532437818998e-07,8.085211220532074e-07,4.0688198055249813e-07,0.00010102969099534675,0.0001622270210646093
6372,Nature & Space,Nature & Space,0.9998363256454468,Nature & Space,0.9996853470802307,7.824808676559769e-07,5.915402994105534e-07,7.731216101092286e-06,2.2665015819711698e-07,6.531721010105684e-05,0.0001684712478891015,0.9998363256454468,0.9996853470802307,8.987964247353375e-05,0.00014529570762533695
2481,Animals & Pets,Animals & Pets,0.9998353719711304,Animals & Pets,0.9997074007987976,0.9998353719711304,0.9997074007987976,4.501902367337607e-05,0.00014076543448027223,9.07994581211824e-06,4.1940850792343554e-07,8.840697205414472e-07,3.6592626884157653e-07,0.00010970763105433434,0.00015098108269739896
4160,Animals & Pets,Animals & Pets,0.999840259552002,Animals & Pets,0.9997009634971619,0.999840259552002,0.9997009634971619,5.417602005763911e-05,0.00015924886974971741,9.478432730247732e-06,3.6904401667925413e-07,7.904899348432082e-07,4.236064796714345e-07,9.50633839238435e-05,0.0001389324461342767
3977,People & Occupations,People & Occupations,0.9998360872268677,People & Occupations,0.9997394680976868,1.4658374311693478e-05,2.5995035457526683e-07,8.242399781011045e-05,0.00012183297076262534,0.9998360872268677,0.9997394680976868,6.64804465486668e-05,0.0001385173382004723,2.2868680105148087e-07,3.880223431451668e-08
7191,People & Occupations,People & Occupations,0.9998109340667725,People & Occupations,0.9996291399002075,2.0763169231940992e-05,3.5972573186882073e-07,9.474409307586029e-05,0.00016209772729780525,0.9998109340667725,0.9996291399002075,7.321702287299559e-05,0.00020838904310949147,3.8055557638472237e-07,4.8263377294688325e-08
7212,Animals & Pets,Animals & Pets,0.9998291730880737,Animals & Pets,0.9996914267539978,0.9998291730880737,0.9996914267539978,5.336878166417591e-05,0.00011799873755080625,9.1695446826634e-06,3.9356041270366404e-07,7.941488320284407e-07,4.558889372674457e-07,0.00010737377306213602,0.00018971080135088414
10553,Nature & Space,Nature & Space,0.9998129606246948,Nature & Space,0.9997252821922302,8.473389243590645e-07,5.324422431840503e-07,8.082347449089866e-06,2.0880946749457507e-07,5.766151298303157e-05,0.0001267789484700188,0.9998129606246948,0.9997252821922302,0.00012036363477818668,0.00014715187717229128
11337,Animals & Pets,Animals & Pets,0.9998468160629272,Animals & Pets,0.9997245669364929,0.9998468160629272,0.9997245669364929,7.227467722259462e-05,0.0001388579694321379,8.182701094483491e-06,4.2659789301069395e-07,7.853643637645291e-07,3.848951166673942e-07,7.185326103353873e-05,0.00013579380174633116
4942,Food & Fruits,Food & Fruits,0.9998838901519775,Food & Fruits,0.999748170375824,5.9982241509715095e-05,0.00011374454334145412,0.9998838901519775,0.999748170375824,5.180323569220491e-05,0.00013780611334368587,3.67253232980147e-06,2.2778084485253203e-07,6.500060294456489e-07,7.27216615814541e-08
11850,People & Occupations,People & Occupations,0.9997687935829163,People & Occupations,0.9995719790458679,2.2728081603418104e-05,3.623469808644586e-07,0.00012533727567642927,0.00022118871856946498,0.9997687935829163,0.9995719790458679,8.282052294816822e-05,0.00020651255908887833,3.778313839575276e-07,4.4818293076787086e-08
9132,Emotions & Actions,Emotions & Actions,0.9998589754104614,Emotions & Actions,0.9997760057449341,6.641891377512366e-05,0.0001341870374744758,1.0515108215258806e-06,9.47624130276381e-08,2.5261564928769076e-07,5.6998146646947134e-08,7.330445077968761e-05,8.965352753875777e-05,0.9998589754104614,0.9997760057449341
5684,Nature & Space,Nature & Space,0.9997666478157043,Nature & Space,0.999625563621521,1.1518395695020445e-06,7.211224897218926e-07,8.726536179892719e-06,2.781458476874832e-07,0.00011875296331709251,0.00022636134235654026,0.9997666478157043,0.999625563621521,0.00010473806469235569,0.00014707953960169107
10142,Nature & Space,Nature & Space,0.999757707118988,Nature & Space,0.9996747374534607,1.1103041970272898e-06,6.831004952800868e-07,1.1416865163482726e-05,3.735949007932504e-07,0.00010179934906773269,0.00017786693933885545,0.999757707118988,0.9996747374534607,0.00012798525858670473,0.0001463577791582793
8926,People & Occupations,People & Occupations,0.9997507929801941,People & Occupations,0.9995869994163513,2.3581507775816135e-05,3.97368182802893e-07,0.00011574361997190863,0.00024492814554832876,0.9997507929801941,0.9995869994163513,0.00010953808669000864,0.0001676614920143038,3.336137979204068e-07,4.246330220780692e-08
2535,Animals & Pets,Animals & Pets,0.999826192855835,Animals & Pets,0.9997069239616394,0.999826192855835,0.9997069239616394,8.404674736084417e-05,0.0001406343944836408,9.476609193370678e-06,4.1155831809192023e-07,9.237950280294172e-07,3.9614823776901176e-07,7.9205674410332e-05,0.00015170716505963355
10411,People & Occupations,People & Occupations,0.9997004866600037,People & Occupations,0.9996165037155151,1.9794624677160755e-05,3.7707732758462953e-07,0.00016003100608941168,0.00021212069259490818,0.9997004866600037,0.9996165037155151,0.00011925453873118386,0.00017102179117500782,3.427136050504487e-07,5.626068499964276e-08
73,Emotions & Actions,Emotions & Actions,0.9998434782028198,Emotions & Actions,0.9997713565826416,7.454805745510384e-05,0.00013845518697053194,1.3047231277596438e-06,9.239271747674138e-08,2.968562000660313e-07,6.347896430725086e-08,8.037584484554827e-05,8.99459992069751e-05,0.9998434782028198,0.9997713565826416
3668,People & Occupations,People & Occupations,0.9998831748962402,People & Occupations,0.9997689127922058,1.0915302482317202e-05,2.0874450967767189e-07,6.117942393757403e-05,0.0001212882052641362,0.9998831748962402,0.9997689127922058,4.4416832679416984e-05,0.00010963434033328667,2.058228005807905e-07,3.579455665203568e-08
8555,Food & Fruits,Food & Fruits,0.9998700618743896,Food & Fruits,0.999727189540863,6.669601862085983e-05,0.0001122792309615761,0.9998700618743896,0.999727189540863,5.855909694219008e-05,0.0001601250551175326,4.011053533758968e-06,2.3013420502593362e-07,5.38105382474896e-07,7.78665807388279e-08
11879,People & Occupations,People & Occupations,0.9998733997344971,People & Occupations,0.9997510313987732,1.21537623272161e-05,2.2530259968789323e-07,4.434000584296882e-05,0.0001458083133911714,0.9998733997344971,0.9997510313987732,6.982363993301988e-05,0.00010302387818228453,1.8073079388614133e-07,3.560917605227587e-08
4863,Food & Fruits,Food & Fruits,0.9998757839202881,Food & Fruits,0.9997534155845642,6.218193448148668e-05,0.00012735716882161796,0.9998757839202881,0.9997534155845642,5.812178642372601e-05,0.0001188284222735092,3.231632717870525e-06,2.1838440034116502e-07,5.658852160195238e-07,7.59214415779752e-08
8399,Animals & Pets,Animals & Pets,0.9997755289077759,Animals & Pets,0.9996293783187866,0.9997755289077759,0.9996293783187866,9.751033212523907e-05,0.00015113021072465926,1.4604937859985512e-05,5.871833650417102e-07,1.2483327509471565e-06,5.570458938564116e-07,0.00011103675205959007,0.0002183611795771867
8874,Food & Fruits,Food & Fruits,0.9998279809951782,Food & Fruits,0.9996770024299622,7.98632827354595e-05,0.0001835855800891295,0.9998279809951782,0.9996770024299622,8.638286089990288e-05,0.00013885665975976735,5.026862709200941e-06,3.222344844289182e-07,6.592589443243924e-07,9.415437318693876e-08
5570,Food & Fruits,Food & Fruits,0.9998588562011719,Food & Fruits,0.9997219443321228,8.921358676161617e-05,0.00012115187564631924,0.9998588562011719,0.9997219443321228,4.761866512126289e-05,0.0001564240374136716,3.7360616715886863e-06,2.1310653153250314e-07,5.631445105791499e-07,7.292573656059176e-08
4162,Food & Fruits,Food & Fruits,0.999873161315918,Food & Fruits,0.9997548460960388,5.1274259021738544e-05,0.00011338843614794314,0.999873161315918,0.9997548460960388,7.07922299625352e-05,0.00013148535799700767,4.104212166566867e-06,2.3019808281787846e-07,6.822157843089371e-07,9.11364494982081e-08
1714,Nature & Space,Nature & Space,0.999820351600647,Nature & Space,0.9997437596321106,7.04537569617969e-07,5.123175128574076e-07,6.28544239589246e-06,1.721413411814865e-07,5.0275077228434384e-05,9.342349221697077e-05,0.999820351600647,0.9997437596321106,0.00012245451216585934,0.0001620572729734704
8026,Food & Fruits,Food & Fruits,0.9998570680618286,Food & Fruits,0.9997130036354065,7.00977907399647e-05,0.0001268596388399601,0.9998570680618286,0.9997130036354065,6.764854333596304e-05,0.0001598391536390409,4.557716238196008e-06,2.4783290086816123e-07,6.354792390084185e-07,7.9815443143616e-08
3068,Nature & Space,Nature & Space,0.999833345413208,Nature & Space,0.9996781945228577,7.44566307275818e-07,5.566715799432131e-07,6.551794285769574e-06,2.165279511245899e-07,4.1417257307330146e-05,0.00015175344015005976,0.999833345413208,0.9996781945228577,0.00011791570432251319,0.00016924913506954908
1684,Animals & Pets,Animals & Pets,0.999773383140564,Animals & Pets,0.9996637105941772,0.999773383140564,0.9996637105941772,0.00014599970018025488,0.00016363638860639185,1.0464816114108544e-05,4.4467637394518533e-07,1.1797307024608017e-06,5.192783305574267e-07,6.890830263728276e-05,0.0001717595150694251
8113,Nature & Space,Nature & Space,0.9998166561126709,Nature & Space,0.9997124075889587,8.563316669096821e-07,5.464795549414703e-07,6.903090252308175e-06,1.858221736483756e-07,6.089380258345045e-05,0.00014118762919679284,0.9998166561126709,0.9997124075889587,0.00011468759475974366,0.0001456878671888262
1252,People & Occupations,People & Occupations,0.9997832775115967,People & Occupations,0.9996623992919922,1.5522653484367765e-05,3.471984371117287e-07,0.00010271788050886244,0.0001630916667636484,0.9997832775115967,0.9996623992919922,9.81133125605993e-05,0.00017418881179764867,3.1885275575405103e-07,3.9599669321432884e-08
6128,Nature & Space,Nature & Space,0.9998444318771362,Nature & Space,0.9997126460075378,7.697477713008993e-07,5.626729944196995e-07,7.446722520398907e-06,2.09322422506375e-07,6.022531306371093e-05,0.00015143353084567934,0.9998444318771362,0.9997126460075378,8.712592534720898e-05,0.00013512301666196436
10257,People & Occupations,People & Occupations,0.999834418296814,People & Occupations,0.9996848702430725,1.7900994862429798e-05,3.244192043894145e-07,6.116639997344464e-05,0.00018372292106505483,0.999834418296814,0.9996848702430725,8.634215191705152e-05,0.00013106715050525963,2.448304599056428e-07,3.6809765902034997e-08
7539,Food & Fruits,Food & Fruits,0.9998703002929688,Food & Fruits,0.9997370839118958,7.355058914981782e-05,0.00011582440492929891,0.9998703002929688,0.9997370839118958,5.137543485034257e-05,0.00014670075324829668,4.164266556472285e-06,2.453437559779559e-07,6.071850862099382e-07,9.097696107573938e-08
10381,Food & Fruits,Food & Fruits,0.9998332262039185,Food & Fruits,0.999694287776947,7.743727474007756e-05,0.00013485352974385023,0.9998332262039185,0.999694287776947,8.326310489792377e-05,0.00017038614896591753,5.2367072385095526e-06,2.8990197620260005e-07,6.78092419548193e-07,8.885465518915225e-08
8002,Emotions & Actions,Emotions & Actions,0.9998087882995605,Emotions & Actions,0.9996539354324341,8.048396557569504e-05,0.00018382449343334883,1.6510599607499898e-06,1.0936396677152516e-07,3.6642782674789487e-07,8.135288709354427e-08,0.00010867040691664442,0.00016200021491385996,0.9998087882995605,0.9996539354324341
28,Nature & Space,Nature & Space,0.999801754951477,Nature & Space,0.999724805355072,7.437997169290611e-07,5.023485414312745e-07,8.070410331129096e-06,2.1541755756970815e-07,4.4830590923083946e-05,0.00013706432946491987,0.999801754951477,0.999724805355072,0.00014451879542320967,0.00013742531882598996
6952,Food & Fruits,Food & Fruits,0.9997556805610657,Food & Fruits,0.9996440410614014,0.00012139248428866267,0.0001836292358348146,0.9997556805610657,0.9996440410614014,0.00011654590343823656,0.00017181872681248933,5.402323949965648e-06,3.803875472385698e-07,9.306898505201389e-07,1.1105988306781e-07
876,Emotions & Actions,Emotions & Actions,0.9997112154960632,Emotions & Actions,0.9995830655097961,0.00014029703743290156,0.0001898098416859284,2.000603672058787e-06,1.5689910526361928e-07,6.334190061352274e-07,9.856923810502849e-08,0.000145873156725429,0.00022684074065182358,0.9997112154960632,0.9995830655097961
7088,Emotions & Actions,Emotions & Actions,0.9997244477272034,Emotions & Actions,0.9996103048324585,0.00019167222490068525,0.00021237501641735435,2.0069840047653997e-06,1.3517922070604982e-07,6.608813691855175e-07,8.591513989131272e-08,8.116957178572193e-05,0.00017710885731503367,0.9997244477272034,0.9996103048324585
1887,Food & Fruits,Food & Fruits,0.999900221824646,Food & Fruits,0.9997702240943909,4.255232124705799e-05,0.000101191304565873,0.999900221824646,0.9997702240943909,5.305033482727595e-05,0.00012824074656236917,3.5540660974220373e-06,2.321771006563722e-07,5.752356173616135e-07,8.215421587465244e-08
5411,Nature & Space,Nature & Space,0.999803900718689,Nature & Space,0.9996815323829651,7.638562919964897e-07,5.720842750633892e-07,9.153665814665146e-06,2.525510751638649e-07,8.631309174234048e-05,0.00017604035383556038,0.999803900718689,0.9996815323829651,9.98471659841016e-05,0.00014156171528156847
4422,Animals & Pets,Animals & Pets,0.999772310256958,Animals & Pets,0.9996633529663086,0.999772310256958,0.9996633529663086,0.0001260363933397457,0.00013401758042164147,1.370416248391848e-05,4.443332670689415e-07,9.574811201673583e-07,5.446380555440555e-07,8.688897651154548e-05,0.00020157155813649297
9866,Food & Fruits,Food & Fruits,0.9998377561569214,Food & Fruits,0.9997120499610901,6.828282494097948e-05,0.0001303197641391307,0.9998377561569214,0.9997120499610901,8.870345482137054e-05,0.00015713808534201235,4.589162472257158e-06,2.8239665539331327e-07,6.376889132297947e-07,9.307755988174904e-08
9165,Food & Fruits,Food & Fruits,0.9998601675033569,Food & Fruits,0.9997468590736389,6.806602323194966e-05,0.00012882857117801905,0.9998601675033569,0.9997468590736389,6.734480120940134e-05,0.00012395007070153952,3.871653461828828e-06,2.413945310308918e-07,5.872377073501411e-07,8.514053462249649e-08
8739,Emotions & Actions,Emotions & Actions,0.9997919797897339,Emotions & Actions,0.9996834397315979,7.533902680734172e-05,0.00017644945182837546,2.0012805634905817e-06,1.2069348542809166e-07,2.9626113473568694e-07,7.982755079183335e-08,0.0001303515600739047,0.00013984950783196837,0.9997919797897339,0.9996834397315979
2476,Animals & Pets,Animals & Pets,0.9998184442520142,Animals & Pets,0.9996737837791443,0.9998184442520142,0.9996737837791443,6.272512109717354e-05,0.0001309558720095083,9.383206815982703e-06,4.2535506850072125e-07,8.118702794490673e-07,4.5110240876056196e-07,0.0001085594849428162,0.00019428606901783496
11972,Emotions & Actions,Emotions & Actions,0.9997917413711548,Emotions & Actions,0.9995718598365784,0.00011808859562734142,0.0001712888479232788,1.7551958535477752e-06,1.1317134607224943e-07,4.6955642574175727e-07,8.138609075558634e-08,8.786930266069248e-05,0.0002566736948210746,0.9997917413711548,0.9995718598365784
9024,Animals & Pets,Animals & Pets,0.9998351335525513,Animals & Pets,0.9997069239616394,0.9998351335525513,0.9997069239616394,4.0814862586557865e-05,0.00011597796401474625,8.036486178752966e-06,3.8672430946462555e-07,8.200717616091424e-07,3.9101203697100573e-07,0.00011530308984220028,0.0001764315675245598
4870,People & Occupations,People & Occupations,0.9997974634170532,People & Occupations,0.9995912313461304,2.1700901925214566e-05,3.5490751315592206e-07,9.00491068023257e-05,0.00019775170949287713,0.9997974634170532,0.9995912313461304,9.032312664203346e-05,0.00021053630916867405,3.900545095802954e-07,5.0506518078918816e-08
10505,Emotions & Actions,Emotions & Actions,0.9998401403427124,Emotions & Actions,0.9997580647468567,6.315270002232864e-05,0.00013040867634117603,1.2322109341766918e-06,8.423145914093766e-08,2.462002157699317e-07,6.269216612508899e-08,9.523604239802808e-05,0.00011140084097860381,0.9998401403427124,0.9997580647468567
4650,People & Occupations,People & Occupations,0.9998712539672852,People & Occupations,0.9997290968894958,1.3626930012833327e-05,2.494655007012625e-07,4.868978794547729e-05,0.00015632867871318012,0.9998712539672852,0.9997290968894958,6.613057485083118e-05,0.00011423753312556073,2.518874566703744e-07,3.51357272165842e-08
964,Food & Fruits,Food & Fruits,0.9998689889907837,Food & Fruits,0.9997288584709167,6.001441943226382e-05,0.00013286406465340406,0.9998689889907837,0.9997288584709167,6.63924147374928e-05,0.00013786694034934044,3.877448307321174e-06,2.534036127599393e-07,6.514235906251997e-07,9.026668124079151e-08
1504,Nature & Space,Nature & Space,0.9997828006744385,Nature & Space,0.9996873736381531,8.011803060981038e-07,6.062385864424868e-07,7.619358257215936e-06,2.3191599041183508e-07,3.9902140997583047e-05,0.00018932938110083342,0.9997828006744385,0.9996873736381531,0.00016893866995815188,0.00012237658665981144
11156,People & Occupations,People & Occupations,0.9998420476913452,People & Occupations,0.9997443556785583,1.2003853953501675e-05,2.3630880718883418e-07,7.655067020095885e-05,0.00014394806930795312,0.9998420476913452,0.9997443556785583,6.91084424033761e-05,0.00011145308235427365,2.2851112646549154e-07,4.0214221286305474e-08
7081,Emotions & Actions,Emotions & Actions,0.9997463822364807,Emotions & Actions,0.9996181726455688,0.00011798519699368626,0.00021731854940298945,1.996517084990046e-06,1.4222381139461504e-07,4.6989796942398243e-07,8.406961171658622e-08,0.0001331292005488649,0.00016430477262474597,0.9997463822364807,0.9996181726455688
1570,Animals & Pets,Animals & Pets,0.9998369216918945,Animals & Pets,0.9997121691703796,0.9998369216918945,0.9997121691703796,4.7582438128301874e-05,0.0001556846546009183,9.015048817673232e-06,3.965517407777952e-07,8.320419624396891e-07,3.915387765118794e-07,0.00010560059308772907,0.00013148652215022594
8108,People & Occupations,People & Occupations,0.9998629093170166,People & Occupations,0.9997401833534241,1.1826747140730731e-05,2.545390316299745e-07,5.194709592615254e-05,0.00016283067816402763,0.9998629093170166,0.9997401833534241,7.303511665668339e-05,9.678545757196844e-05,2.454003436014318e-07,3.494750444588135e-08
1496,Emotions & Actions,Emotions & Actions,0.9998105764389038,Emotions & Actions,0.9996575117111206,0.00010195590584771708,0.0002164067409466952,1.3296199767864891e-06,9.612019624682944e-08,3.2777282399365504e-07,6.862499191129245e-08,8.582404552726075e-05,0.00012596040323842317,0.9998105764389038,0.9996575117111206
2779,Animals & Pets,Animals & Pets,0.9998118877410889,Animals & Pets,0.9996879696846008,0.9998118877410889,0.9996879696846008,7.22144905012101e-05,0.00012344872811809182,1.0590124475129414e-05,4.559334172427043e-07,8.890651770343538e-07,4.425055237788911e-07,0.00010440572077641264,0.0001876251626526937
1167,Emotions & Actions,Emotions & Actions,0.999718964099884,Emotions & Actions,0.9996228218078613,0.00015315410564653575,0.00018322232062928379,1.9338217498443555e-06,1.3991964920023747e-07,5.547143473449978e-07,9.517626153865422e-08,0.0001253454975085333,0.00019363893079571426,0.999718964099884,0.9996228218078613
1309,Nature & Space,Nature & Space,0.9998390674591064,Nature & Space,0.9997231364250183,6.651603143836837e-07,5.273100782687834e-07,7.628214007127099e-06,1.9176601995241072e-07,6.362518615787849e-05,0.00012449540372472256,0.9998390674591064,0.9997231364250183,8.908157178666443e-05,0.00015160563634708524
5629,Animals & Pets,Animals & Pets,0.9998046159744263,Animals & Pets,0.9996330738067627,0.9998046159744263,0.9996330738067627,7.636936788912863e-05,0.00019418146985117346,1.4801292309130076e-05,4.457751856534742e-07,1.2095304100512294e-06,5.932731141911063e-07,0.00010295348329236731,0.0001715911930659786
2874,Animals & Pets,Animals & Pets,0.9998406171798706,Animals & Pets,0.9997074007987976,0.9998406171798706,0.9997074007987976,5.290303670335561e-05,0.00012713555770460516,8.671711839269847e-06,3.810092721323599e-07,7.281586817953212e-07,3.5512820772964915e-07,9.697988571133465e-05,0.00016466910892631859
10374,Nature & Space,Nature & Space,0.9997729063034058,Nature & Space,0.9996851086616516,1.2005272083115415e-06,6.957520781725179e-07,8.97806057764683e-06,3.213321235762123e-07,0.00014105255831964314,0.00012834103836212307,0.9997729063034058,0.9996851086616516,7.583901606267318e-05,0.00018555688438937068
7527,Food & Fruits,Food & Fruits,0.9998701810836792,Food & Fruits,0.9997239708900452,7.64918077038601e-05,0.00011148492922075093,0.9998701810836792,0.9997239708900452,4.8852802137844265e-05,0.00016418634913861752,3.880748863593908e-06,2.2042912917186186e-07,5.277599939290667e-07,7.28843190245243e-08
2368,People & Occupations,People & Occupations,0.9998081922531128,People & Occupations,0.9996601343154907,1.936981971084606e-05,2.9697673653572565e-07,0.0001060968279489316,0.00021694310999009758,0.9998081922531128,0.9996601343154907,6.601178029086441e-05,0.0001226399908773601,2.862354335775308e-07,4.292324362609179e-08
11575,Food & Fruits,Food & Fruits,0.9998317956924438,Food & Fruits,0.9997041821479797,7.058760093059391e-05,0.00015675232862122357,0.9998317956924438,0.9997041821479797,9.171121200779453e-05,0.00013875083823222667,5.333073204383254e-06,2.810515979945194e-07,6.051038212717685e-07,8.914344107324723e-08
2197,People & Occupations,People & Occupations,0.9998072385787964,People & Occupations,0.9996904730796814,1.8864220692194067e-05,2.901902291796432e-07,8.331471326528117e-05,0.00019699354015756398,0.9998072385787964,0.9996904730796814,9.038657299242914e-05,0.00011223818000871688,2.722113663367054e-07,4.6413031640213376e-08
37,Animals & Pets,Animals & Pets,0.9998383522033691,Animals & Pets,0.9996888041496277,0.9998383522033691,0.9996888041496277,6.426215259125456e-05,0.0001256153773283586,1.1137816727568861e-05,4.6900777306291275e-07,8.491223866258224e-07,4.015345211882959e-07,8.542825526092201e-05,0.00018468967755325139
11470,People & Occupations,People & Occupations,0.9998053312301636,People & Occupations,0.9997257590293884,1.7033400581567548e-05,2.788457322822069e-07,7.406236545648426e-05,0.00014993411605246365,0.9998053312301636,0.9997257590293884,0.00010331146768294275,0.0001240989804500714,2.861467294223985e-07,4.32247944104347e-08
148,Animals & Pets,Animals & Pets,0.999809741973877,Animals & Pets,0.999636173248291,0.999809741973877,0.999636173248291,8.9965236838907e-05,0.00018150093092117459,1.3176667380321305e-05,4.802507760359731e-07,1.115320287681243e-06,5.541777454709518e-07,8.596741827204823e-05,0.00018126791110262275
4274,Nature & Space,Nature & Space,0.9998291730880737,Nature & Space,0.999728262424469,6.684114168820088e-07,4.7481259457526903e-07,8.364913810510188e-06,2.3341858934600168e-07,5.304742444423027e-05,0.00016051190323196352,0.9998291730880737,0.999728262424469,0.00010872072743950412,0.00011051417095586658
9093,Nature & Space,Nature & Space,0.9997606873512268,Nature & Space,0.9996801018714905,1.1112746278740815e-06,6.796886395932233e-07,7.349018687818898e-06,2.7545945613383083e-07,0.00014635738625656813,0.00015508706565015018,0.9997606873512268,0.9996801018714905,8.452407200820744e-05,0.0001639156835153699
4923,Food & Fruits,Food & Fruits,0.9997640252113342,Food & Fruits,0.9996497631072998,9.42565020523034e-05,0.0001816481671994552,0.9997640252113342,0.9996497631072998,0.0001360876194667071,0.00016820420569274575,4.713185262517072e-06,3.428351362799731e-07,8.600529781688238e-07,1.0876211575805428e-07
7707,Food & Fruits,Food & Fruits,0.9998798370361328,Food & Fruits,0.9997585415840149,6.980285252211615e-05,0.00010573237523203716,0.9998798370361328,0.9997585415840149,4.532106686383486e-05,0.00013544660760089755,4.353128133516293e-06,1.9635389492123068e-07,5.750253535552474e-07,7.608172580830797e-08
8295,Food & Fruits,Food & Fruits,0.9998013973236084,Food & Fruits,0.9996492862701416,7.894550799392164e-05,0.00015991936379577965,0.9998013973236084,0.9996492862701416,0.00011421682575019076,0.00019026407971978188,4.761299351230264e-06,3.261827714595711e-07,7.466351803486759e-07,9.16490563440675e-08
4394,Nature & Space,Nature & Space,0.9998345375061035,Nature & Space,0.9997732639312744,6.627782909163216e-07,4.862900482294208e-07,7.1941267378861085e-06,1.8740212226475705e-07,4.288717536837794e-05,0.00012684357352554798,0.9998345375061035,0.9997732639312744,0.00011461671238066629,9.913081157719716e-05
7742,Nature & Space,Nature & Space,0.9998321533203125,Nature & Space,0.9997417330741882,7.330115181503061e-07,5.567685548157897e-07,7.75547232478857e-06,1.9328986411437654e-07,5.054257781011984e-05,0.0001214354851981625,0.9998321533203125,0.9997417330741882,0.00010885570372920483,0.00013611379836220294
9206,Nature & Space,Nature & Space,0.9997913837432861,Nature & Space,0.9997225403785706,8.94319327926496e-07,6.232716600607091e-07,8.396566954615992e-06,2.293159440114323e-07,6.023050082148984e-05,0.00010485457460163161,0.9997913837432861,0.9997225403785706,0.00013909734843764454,0.0001716913393465802
7439,Food & Fruits,Food & Fruits,0.9998745918273926,Food & Fruits,0.9997017979621887,5.602409873972647e-05,0.00011258571612415835,0.9998745918273926,0.9997017979621887,6.431635119952261e-05,0.00018517213175073266,4.44336683358415e-06,2.633547637742595e-07,6.046406042514718e-07,7.653250833072889e-08
8177,Emotions & Actions,Emotions & Actions,0.9998347759246826,Emotions & Actions,0.9997158646583557,5.0452315917937085e-05,0.00014831111184321344,1.2862014955317136e-06,1.0051594756532722e-07,2.5486457388979034e-07,6.876303615399593e-08,0.00011314450966892764,0.0001356492139166221,0.9998347759246826,0.9997158646583557
5712,People & Occupations,People & Occupations,0.999839186668396,People & Occupations,0.9997583031654358,1.2219381460454315e-05,2.5112939283644664e-07,6.640474020969123e-05,0.000133585708681494,0.999839186668396,0.9997583031654358,8.189240179490298e-05,0.00010788355575641617,2.489085488832643e-07,3.816867888417619e-08
10083,Nature & Space,Nature & Space,0.9998273849487305,Nature & Space,0.9997102618217468,7.513224318245193e-07,5.469831307891582e-07,6.835042313468875e-06,2.0942975709203893e-07,6.712182948831469e-05,0.00015261649969033897,0.9998273849487305,0.9997102618217468,9.786448208615184e-05,0.00013627640146296471
5135,Emotions & Actions,Emotions & Actions,0.9998189210891724,Emotions & Actions,0.99974125623703,9.049881191458553e-05,0.00015978819283191115,1.2761159950969159e-06,9.63669037901127e-08,3.483394266368123e-07,7.948044355998718e-08,8.89125803951174e-05,9.877405682345852e-05,0.9998189210891724,0.99974125623703
380,Emotions & Actions,Emotions & Actions,0.9997835159301758,Emotions & Actions,0.999651312828064,0.0001200633923872374,0.00018062458548229188,1.476455622650974e-06,1.2291609152725869e-07,4.896559175904258e-07,8.518908600763098e-08,9.439354471396655e-05,0.00016791021334938705,0.9997835159301758,0.999651312828064
7012,Food & Fruits,Food & Fruits,0.9998115301132202,Food & Fruits,0.999660849571228,7.417726010316983e-05,0.00017509207827970386,0.9998115301132202,0.999660849571228,0.00010824734636116773,0.00016364871407859027,5.370980034058448e-06,3.0978350196164683e-07,7.503904271288775e-07,1.1052478043893643e-07
5867,Animals & Pets,Animals & Pets,0.9998441934585571,Animals & Pets,0.9996761679649353,0.9998441934585571,0.9996761679649353,6.155069422675297e-05,0.00013519400090444833,1.0621832188917324e-05,3.694676422583143e-07,8.73215412866557e-07,4.844875434173446e-07,8.288840763270855e-05,0.00018777867080643773
4666,People & Occupations,People & Occupations,0.9998105764389038,People & Occupations,0.9996722340583801,1.9861667169607244e-05,3.2097085522764246e-07,7.95632804511115e-05,0.00016928573313634843,0.9998105764389038,0.9996722340583801,8.957713725976646e-05,0.00015819336113054305,3.2905259672588727e-07,4.3521364290199926e-08
5020,People & Occupations,People & Occupations,0.9998900890350342,People & Occupations,0.9997752904891968,1.094980507332366e-05,2.1852312670489482e-07,5.887082079425454e-05,0.00013804517220705748,0.9998900890350342,0.9997752904891968,3.983508941018954e-05,8.645354682812467e-05,2.0230959307809826e-07,3.1802553479565177e-08
3290,Food & Fruits,Food & Fruits,0.9998427629470825,Food & Fruits,0.9996967911720276,8.058547246037051e-05,0.0001468643604312092,0.9998427629470825,0.9996967911720276,7.23075499990955e-05,0.0001559659285703674,3.5906855373468716e-06,2.762943722700584e-07,7.00651014540199e-07,8.34946831673733e-08
1733,Food & Fruits,Food & Fruits,0.9998514652252197,Food & Fruits,0.999713122844696,6.498058792203665e-05,0.00014104224101174623,0.9998514652252197,0.999713122844696,7.870385888963938e-05,0.00014540260599460453,4.100227215531049e-06,3.3716236202963046e-07,8.88263059550809e-07,8.266065520956545e-08
5892,Animals & Pets,Animals & Pets,0.9997997283935547,Animals & Pets,0.9996927380561829,0.9997997283935547,0.9996927380561829,8.661534957354888e-05,0.00015849618648644537,1.0494245543668512e-05,5.216188014856016e-07,7.945981792545354e-07,3.5877900472769397e-07,0.00010229295730823651,0.00014787355030421168
6810,Food & Fruits,Food & Fruits,0.9998575448989868,Food & Fruits,0.9997397065162659,7.654163346160203e-05,0.00014870498853269964,0.9998575448989868,0.9997397065162659,6.073129043215886e-05,0.00011119383270852268,4.488796093937708e-06,2.529070854961901e-07,6.506785439341911e-07,9.061785277708623e-08
2839,Nature & Space,Nature & Space,0.9997115731239319,Nature & Space,0.9996678829193115,1.405653279107355e-06,7.764962219880545e-07,1.3606900211016182e-05,3.5327656178196776e-07,0.0001683712616795674,0.00011248327064095065,0.9997115731239319,0.9996678829193115,0.000104999024188146,0.00021857544197700918
10702,Emotions & Actions,Emotions & Actions,0.9998440742492676,Emotions & Actions,0.9997535347938538,7.257444667629898e-05,0.00013542940723709762,9.441421298106434e-07,9.260860878157473e-08,2.838583554876095e-07,5.67823370545284e-08,8.207129576476291e-05,0.00011084862489951774,0.9998440742492676,0.9997535347938538
8520,Emotions & Actions,Emotions & Actions,0.9998449087142944,Emotions & Actions,0.9997486472129822,8.002679533092305e-05,0.00013709531049244106,1.192893932966399e-06,9.96700677546869e-08,3.359668028224405e-07,7.343535202153362e-08,7.351288513746113e-05,0.0001140379608841613,0.9998449087142944,0.9997486472129822
2158,Nature & Space,Nature & Space,0.9998018741607666,Nature & Space,0.9996835589408875,7.853830084059155e-07,5.934377327321272e-07,7.80778646003455e-06,2.5531059577588167e-07,8.48371782922186e-05,0.00014895395725034177,0.9998018741607666,0.9996835589408875,0.0001046857432811521,0.00016654678620398045
1472,Emotions & Actions,Emotions & Actions,0.9998058080673218,Emotions & Actions,0.9996660947799683,8.844281546771526e-05,0.00019784083997365087,1.7288143681071233e-06,1.0683225326602042e-07,3.369804915109853e-07,6.847966460554744e-08,0.0001036218527588062,0.00013591554306913167,0.9998058080673218,0.9996660947799683
4663,Nature & Space,Nature & Space,0.9998013973236084,Nature & Space,0.9997077584266663,7.928115905997402e-07,5.424549840427062e-07,9.336069524579216e-06,2.3008298910554004e-07,7.206279406091198e-05,0.0001661366259213537,0.9998013973236084,0.9997077584266663,0.00011628719948930666,0.00012524932390078902
11560,Animals & Pets,Animals & Pets,0.9997825622558594,Animals & Pets,0.9995909929275513,0.9997825622558594,0.9995909929275513,6.822477007517591e-05,0.00013564222899731249,1.1085738151450641e-05,3.420057907987939e-07,9.122319966081704e-07,4.4907903884450207e-07,0.00013715149543713778,0.00027247649268247187
779,Animals & Pets,Animals & Pets,0.9997546076774597,Animals & Pets,0.9995992183685303,0.9997546076774597,0.9995992183685303,0.00012849326594732702,0.00019069106201641262,1.8509990695747547e-05,5.37861581051402e-07,1.1217528026463697e-06,4.937489279654983e-07,9.73761489149183e-05,0.00020895675697829574
8596,Nature & Space,Nature & Space,0.9998233318328857,Nature & Space,0.9997226595878601,9.542535508444416e-07,6.579358569069882e-07,7.985533557075541e-06,2.4139103516063187e-07,8.409260772168636e-05,0.00010782890603877604,0.9998233318328857,0.9997226595878601,8.349573909072205e-05,0.00016868171223904938
9873,Food & Fruits,Food & Fruits,0.9998908042907715,Food & Fruits,0.9997541308403015,5.169501673663035e-05,0.00010281278809998184,0.9998908042907715,0.9997541308403015,5.3221974667394534e-05,0.00014261528849601746,3.586121692933375e-06,2.0303853887071455e-07,5.609310846921289e-07,8.057082823142991e-08
6216,People & Occupations,People & Occupations,0.9998658895492554,People & Occupations,0.9997687935829163,1.0230102816422004e-05,2.0824342072955915e-07,4.696285031968728e-05,0.000133019988425076,0.9998658895492554,0.9997687935829163,7.658468530280516e-05,9.802126442082226e-05,1.8291510173185088e-07,3.4531264958559404e-08
2299,Food & Fruits,Food & Fruits,0.9998605251312256,Food & Fruits,0.9997126460075378,6.55995900160633e-05,0.0001443453220417723,0.9998605251312256,0.9997126460075378,6.864021270303056e-05,0.00014270377869252115,4.664232164941495e-06,2.2687997613957123e-07,6.414252879949345e-07,8.749805857632964e-08
11676,Animals & Pets,Animals & Pets,0.999840497970581,Animals & Pets,0.9997014403343201,0.999840497970581,0.9997014403343201,4.66447054350283e-05,0.00013739144196733832,8.441379577561747e-06,3.8593890394622576e-07,6.909680223543546e-07,3.207458689757914e-07,0.0001037275796988979,0.0001604192948434502
1376,Emotions & Actions,Emotions & Actions,0.9998034238815308,Emotions & Actions,0.9996921420097351,9.535295976093039e-05,0.0001802485785447061,1.3682983990292996e-06,1.113968295385348e-07,4.323451889831631e-07,7.942502122659789e-08,9.939706797013059e-05,0.00012734341726172715,0.9998034238815308,0.9996921420097351
10073,Nature & Space,Nature & Space,0.9998269081115723,Nature & Space,0.9997485280036926,6.58024532640411e-07,4.959890702593839e-07,8.384294233110268e-06,1.9100630765933602e-07,3.904240293195471e-05,9.34096024138853e-05,0.9998269081115723,0.9997485280036926,0.0001250809000339359,0.000157351212692447
1936,Nature & Space,Nature & Space,0.9998210668563843,Nature & Space,0.9997298121452332,6.68275333737256e-07,4.554223380637268e-07,6.312738150882069e-06,1.7851236577826057e-07,5.091510683996603e-05,0.0001398339809384197,0.9998210668563843,0.9997298121452332,0.00012093981058569625,0.0001297029957640916
9912,Food & Fruits,Food & Fruits,0.9998252391815186,Food & Fruits,0.999647855758667,9.052518726093695e-05,0.00017473948537372053,0.9998252391815186,0.999647855758667,7.829402602510527e-05,0.00017710555403027683,4.9672894419927616e-06,2.935121301561594e-07,7.970973570081696e-07,9.199236217227735e-08
11272,Animals & Pets,Animals & Pets,0.999809980392456,Animals & Pets,0.999674379825592,0.999809980392456,0.999674379825592,9.012068039737642e-05,0.00013541545195039362,1.2110703210055362e-05,4.6568061407015193e-07,9.259533158001432e-07,4.656330929719843e-07,8.678723679622635e-05,0.0001892256404971704
11245,Food & Fruits,Food & Fruits,0.999737560749054,Food & Fruits,0.9996911883354187,0.00010860859038075432,0.0001336851855739951,0.999737560749054,0.9996911883354187,0.00014728664245922118,0.0001746071211528033,5.739495463785715e-06,3.1831478963795234e-07,8.378049756174732e-07,8.898904724219392e-08
7299,Nature & Space,Nature & Space,0.9997624754905701,Nature & Space,0.9996494054794312,1.2317486834945157e-06,6.799166953896929e-07,9.0999319581897e-06,2.9441557103382365e-07,0.00012617190077435225,0.00017774594016373158,0.9997624754905701,0.9996494054794312,0.00010110631410498172,0.00017186161130666733
6499,Nature & Space,Nature & Space,0.9997994899749756,Nature & Space,0.9997333884239197,7.330673383876274e-07,5.46709998161532e-07,7.042303423077101e-06,1.8985113570124668e-07,3.509953967295587e-05,0.00016511701687704772,0.9997994899749756,0.9997333884239197,0.00015754032938275486,0.00010064851812785491
6674,People & Occupations,People & Occupations,0.9998412132263184,People & Occupations,0.999734103679657,1.0044548616860993e-05,2.3746102328914276e-07,7.225084118545055e-05,0.00013492413563653827,0.9998412132263184,0.999734103679657,7.630504114786163e-05,0.00013078443589620292,2.3467309517855028e-07,3.8886337705434926e-08
8849,People & Occupations,People & Occupations,0.9998668432235718,People & Occupations,0.9997485280036926,9.435303581994958e-06,2.101608487237172e-07,6.0495487559819594e-05,0.00014731509145349264,0.9998668432235718,0.9997485280036926,6.293589831329882e-05,0.00010394341370556504,2.3358123257821717e-07,3.725186559222493e-08
8525,People & Occupations,People & Occupations,0.9998410940170288,People & Occupations,0.9997534155845642,1.92959705600515e-05,2.871772437629261e-07,5.760943531640805e-05,0.0001310143998125568,0.9998410940170288,0.9997534155845642,8.178453572327271e-05,0.00011520002590259537,2.2936481514079787e-07,3.604509402066469e-08
5453,Emotions & Actions,Emotions & Actions,0.9998610019683838,Emotions & Actions,0.9997855424880981,6.485039921244606e-05,0.00012964147026650608,9.73987653196673e-07,8.143812380012605e-08,2.6181191969953943e-07,6.629617388398401e-08,7.283368177013472e-05,8.462788537144661e-05,0.9998610019683838,0.9997855424880981
10882,Food & Fruits,Food & Fruits,0.9998410940170288,Food & Fruits,0.9997232556343079,7.613428897457197e-05,0.00013679551193490624,0.9998410940170288,0.9997232556343079,7.789347000652924e-05,0.00013957073679193854,4.05241189582739e-06,2.2846133163056948e-07,7.01608655617747e-07,8.485806546332242e-08
9762,People & Occupations,People & Occupations,0.9998632669448853,People & Occupations,0.9997735023498535,9.488888281339314e-06,2.2128551790956408e-07,6.158638279885054e-05,0.00012919855362270027,0.9998632669448853,0.9997735023498535,6.547620432684198e-05,9.698836220195517e-05,1.9424012975832738e-07,3.417713401177025e-08
8897,Emotions & Actions,Emotions & Actions,0.9998365640640259,Emotions & Actions,0.9997360110282898,8.61853695823811e-05,0.00015612995775882155,9.477489015807805e-07,9.247336407725015e-08,3.422190388846502e-07,7.263441403893012e-08,7.59199756430462e-05,0.00010767146886792034,0.9998365640640259,0.9997360110282898
5161,Nature & Space,Nature & Space,0.9997245669364929,Nature & Space,0.9996216297149658,1.3315840305949678e-06,7.986743071342062e-07,8.5425172073883e-06,3.3766079354791145e-07,0.0001670145575189963,0.000174863773281686,0.9997245669364929,0.9996216297149658,9.857299301074818e-05,0.0002023759880103171
8589,Animals & Pets,Animals & Pets,0.9997842311859131,Animals & Pets,0.9996686577796936,0.9997842311859131,0.9996686577796936,0.00011684191122185439,0.0001611039333511144,1.0784844562294893e-05,4.337790073805081e-07,1.0222047421848401e-06,5.503110287463642e-07,8.71529191499576e-05,0.00016905232041608542
6163,Food & Fruits,Food & Fruits,0.9997824430465698,Food & Fruits,0.9996781945228577,8.088133472483605e-05,0.00014185909822117537,0.9997824430465698,0.9996781945228577,0.000130368847749196,0.00017952964117284864,5.411946403910406e-06,3.2858002896318794e-07,8.615710953563394e-07,1.0071693168356433e-07
2981,Nature & Space,Nature & Space,0.9997953176498413,Nature & Space,0.9997097849845886,1.0494093203305965e-06,7.037304499135644e-07,8.150201210810337e-06,2.1852548570677754e-07,9.287743887398392e-05,0.00011972479114774615,0.9997953176498413,0.9997097849845886,0.0001025901801767759,0.0001695797109277919
5863,Emotions & Actions,Emotions & Actions,0.9997485280036926,Emotions & Actions,0.9996324777603149,0.00013376913557294756,0.0001902200747281313,2.129093672920135e-06,1.3038092561146186e-07,4.3624316958812415e-07,9.012791934992492e-08,0.00011515794176375493,0.00017703883349895477,0.9997485280036926,0.9996324777603149
2132,People & Occupations,People & Occupations,0.9997996091842651,People & Occupations,0.9996741414070129,1.587764563737437e-05,3.3099948382186994e-07,9.755519567988813e-05,0.00015774575877003372,0.9997996091842651,0.9996741414070129,8.647429058328271e-05,0.0001678103144513443,3.092287386152748e-07,4.7247944223727245e-08
11096,Animals & Pets,Animals & Pets,0.9997463822364807,Animals & Pets,0.9995968341827393,0.9997463822364807,0.9995968341827393,0.00012689546565525234,0.00021663063671439886,1.4908418961567804e-05,4.6601323333561595e-07,1.0791715112645761e-06,5.268232712296594e-07,0.00011068503954447806,0.0001855686423368752
167,People & Occupations,People & Occupations,0.9997843503952026,People & Occupations,0.9997027516365051,1.7503296476206742e-05,3.3037980529115885e-07,9.938550647348166e-05,0.0001598982053110376,0.9997843503952026,0.9997027516365051,9.843196312431246e-05,0.00013701517309527844,2.864252053313976e-07,4.349024607108731e-08
9211,People & Occupations,People & Occupations,0.9998822212219238,People & Occupations,0.9997742176055908,1.177142075903248e-05,2.2229077956126275e-07,5.5189200793392956e-05,0.00013217536616139114,0.9998822212219238,0.9997742176055908,5.052669803262688e-05,9.334200149169192e-05,2.443882181069057e-07,3.377414614647023e-08
970,Emotions & Actions,Emotions & Actions,0.9998526573181152,Emotions & Actions,0.9997596144676208,5.9320653235772625e-05,0.00013921794015914202,1.2310892998357303e-06,1.0301429398396067e-07,2.49085303494212e-07,6.895610482615666e-08,8.646147762192413e-05,0.00010104808461619541,0.9998526573181152,0.9997596144676208
11035,Emotions & Actions,Emotions & Actions,0.9997554421424866,Emotions & Actions,0.9996213912963867,0.0001191366245620884,0.0002066995220957324,2.025115691139945e-06,1.4313675933408376e-07,4.725419557871646e-07,1.0423128316006114e-07,0.00012292347673792392,0.00017163027951028198,0.9997554421424866,0.9996213912963867
4498,Emotions & Actions,Emotions & Actions,0.9997756481170654,Emotions & Actions,0.999624490737915,9.762256377143785e-05,0.00018974096747115254,1.705224349279888e-06,1.1630403662366007e-07,4.2736891714412195e-07,7.601031626336407e-08,0.0001245794992428273,0.00018554476264398545,0.9997756481170654,0.999624490737915
758,Nature & Space,Nature & Space,0.999814510345459,Nature & Space,0.9997776746749878,6.450166551985603e-07,4.84435076941736e-07,7.588431799376849e-06,1.890493876999244e-07,3.610057319747284e-05,0.00012176259042462334,0.999814510345459,0.9997776746749878,0.00014108950563240796,9.986997611122206e-05
8885,Food & Fruits,Food & Fruits,0.999884843826294,Food & Fruits,0.9997521042823792,6.033611498423852e-05,0.00011580404679989442,0.999884843826294,0.9997521042823792,5.0413862481946126e-05,0.0001316611742367968,3.846568233711878e-06,2.312394968839726e-07,5.400087843554502e-07,7.25213809005254e-08
5200,Emotions & Actions,Emotions & Actions,0.9998095035552979,Emotions & Actions,0.9997251629829407,0.0001094080726034008,0.00015827250899747014,1.4972359849707573e-06,9.62061221798649e-08,3.923285873952409e-07,7.310298144602712e-08,7.914793968666345e-05,0.0001163767374237068,0.9998095035552979,0.9997251629829407
287,Nature & Space,Nature & Space,0.9998255968093872,Nature & Space,0.9997298121452332,7.390249265881721e-07,5.606877948594047e-07,6.191906777530676e-06,2.0222469743202964e-07,6.259248038986698e-05,0.00010492005094420165,0.9998255968093872,0.9997298121452332,0.00010489358101040125,0.00016450831026304513
5925,People & Occupations,People & Occupations,0.9998836517333984,People & Occupations,0.9997654557228088,1.1261580766586121e-05,2.2827670420610957e-07,5.0548696890473366e-05,0.00013958555064164102,0.9998836517333984,0.9997654557228088,5.426280768006109e-05,9.47499938774854e-05,2.2362455354141275e-07,3.370254830770136e-08
1663,Nature & Space,Nature & Space,0.9998136758804321,Nature & Space,0.9996944069862366,1.0947604778266395e-06,7.001302719800151e-07,6.660794042545604e-06,2.439381034946564e-07,8.648523362353444e-05,0.00016809883527457714,0.9998136758804321,0.9996944069862366,9.203400259139016e-05,0.00013651890913024545
7684,Food & Fruits,Food & Fruits,0.999771237373352,Food & Fruits,0.9996854662895203,8.853047620505095e-05,0.00014355586608871818,0.999771237373352,0.9996854662895203,0.00013361431774683297,0.00017042593390215188,5.620466254185885e-06,3.3202152849298727e-07,9.499473208052223e-07,1.1825120793673705e-07
2364,Food & Fruits,Food & Fruits,0.9997942447662354,Food & Fruits,0.9997069239616394,8.417472417932004e-05,0.00015455082757398486,0.9997942447662354,0.9997069239616394,0.00011623104364844039,0.0001381036709062755,4.56876205134904e-06,2.8542550012389256e-07,8.115634955174755e-07,1.0165179986643125e-07
1173,Nature & Space,Nature & Space,0.9997889995574951,Nature & Space,0.9996697306632996,9.667586482464685e-07,6.83514087995718e-07,8.720241567061748e-06,2.375952163902184e-07,8.224791963584721e-05,0.00017599160491954535,0.9997889995574951,0.9996697306632996,0.00011911596084246412,0.00015323684783652425
4514,Nature & Space,Nature & Space,0.9997740983963013,Nature & Space,0.9997292160987854,1.321002400800353e-06,6.787270194763551e-07,7.496466878365027e-06,2.1414606976577488e-07,0.00014633129467256367,0.00012463919119909406,0.9997740983963013,0.9997292160987854,7.062520307954401e-05,0.00014528213068842888
1029,Food & Fruits,Food & Fruits,0.9998518228530884,Food & Fruits,0.9997010827064514,7.660341361770406e-05,0.00014203441969584674,0.9998518228530884,0.9997010827064514,6.557118467753753e-05,0.00015646986139472574,5.4152646953298245e-06,2.5753774934855755e-07,6.245370514079696e-07,8.981918853123716e-08
6020,Emotions & Actions,Emotions & Actions,0.9998065233230591,Emotions & Actions,0.9997084736824036,0.00010165519779548049,0.00014291414117906243,1.5257007817126578e-06,1.1888727868836213e-07,4.085847820078925e-07,8.272588303270823e-08,8.985373278846964e-05,0.00014839405776001513,0.9998065233230591,0.9997084736824036
10416,Emotions & Actions,Emotions & Actions,0.9998461008071899,Emotions & Actions,0.9997193217277527,6.941554602235556e-05,0.00015232618898153305,1.3072959745841217e-06,1.0202328581954134e-07,2.783829131658422e-07,6.686767761721057e-08,8.292659185826778e-05,0.00012818396498914808,0.9998461008071899,0.9997193217277527
5047,Food & Fruits,Food & Fruits,0.9998730421066284,Food & Fruits,0.9997373223304749,6.619454507017508e-05,0.00012531407992355525,0.9998730421066284,0.9997373223304749,5.5766067816875875e-05,0.0001370855316054076,4.345955403550761e-06,2.3542763472050865e-07,7.291273504961282e-07,8.140935392475512e-08
2262,Animals & Pets,Animals & Pets,0.9997910261154175,Animals & Pets,0.9996662139892578,0.9997910261154175,0.9996662139892578,7.715337414992973e-05,0.00015256248298101127,1.2039387911499944e-05,4.61952879504679e-07,8.701497904439748e-07,4.4637744167630444e-07,0.00011895398347405717,0.00018028600607067347
1842,People & Occupations,People & Occupations,0.9998903274536133,People & Occupations,0.9997678399085999,1.0835165994649287e-05,2.309460569449584e-07,5.18016422574874e-05,0.00012180123303551227,0.9998903274536133,0.9997678399085999,4.680303391069174e-05,0.00011010993330273777,1.9804046758054028e-07,3.424591454859183e-08
8763,Nature & Space,Nature & Space,0.9998197555541992,Nature & Space,0.9997497200965881,6.94678817581007e-07,4.7431407779185975e-07,7.211763659142889e-06,1.7584217459898355e-07,3.972530612372793e-05,0.0001435258163837716,0.9998197555541992,0.9997497200965881,0.00013248440518509597,0.00010607250442262739
2935,Nature & Space,Nature & Space,0.9997913837432861,Nature & Space,0.9997414946556091,1.0949050874842214e-06,6.609065508200729e-07,6.74039301884477e-06,2.3583557151596324e-07,0.00011546948371687904,0.00011706622899509966,0.9997913837432861,0.9997414946556091,8.527000318281353e-05,0.00014050494064576924
7681,Food & Fruits,Food & Fruits,0.9998637437820435,Food & Fruits,0.9997618794441223,7.554741023341194e-05,0.00010998659126926214,0.9998637437820435,0.9997618794441223,5.6564531405456364e-05,0.000127760911709629,3.508035888444283e-06,2.072825964205549e-07,5.54095151983347e-07,7.614745811679313e-08
11990,People & Occupations,People & Occupations,0.9998689889907837,People & Occupations,0.9997689127922058,1.1017302313121036e-05,2.2298814883470186e-07,4.9151880375575274e-05,0.0001406939554726705,0.9998689889907837,0.9997689127922058,7.058827759465203e-05,9.026285260915756e-05,2.3711783114777063e-07,3.3823475575900375e-08
8452,Animals & Pets,Animals & Pets,0.9998080730438232,Animals & Pets,0.9996954798698425,0.9998080730438232,0.9996954798698425,9.726496500661597e-05,0.0001491264411015436,1.0293945706507657e-05,4.4088500317229773e-07,1.1037351441700594e-06,5.071347572993545e-07,8.332432480528951e-05,0.0001544114638818428
5305,Nature & Space,Nature & Space,0.9998046159744263,Nature & Space,0.9997106194496155,8.628532555121637e-07,5.869808319403091e-07,5.60653097636532e-06,2.038667190618071e-07,8.836481720209122e-05,0.00014887150609865785,0.9998046159744263,0.9997106194496155,0.00010042116628028452,0.0001396812149323523
8149,Nature & Space,Nature & Space,0.9998229742050171,Nature & Space,0.9997034668922424,5.550726882574963e-07,4.6417110866059375e-07,8.310878001793753e-06,2.2278778999407223e-07,4.4990181777393445e-05,0.0001556470524519682,0.9998229742050171,0.9997034668922424,0.0001231726782862097,0.0001401199697284028
7360,Animals & Pets,Animals & Pets,0.9998196363449097,Animals & Pets,0.9996835589408875,0.9998196363449097,0.9996835589408875,5.3386702347779647e-05,0.00017912290059030056,9.774102181836497e-06,4.410685789935087e-07,7.411365459120134e-07,4.517362413025694e-07,0.00011643336620181799,0.00013636272342409939
6265,Animals & Pets,Animals & Pets,0.9998347759246826,Animals & Pets,0.9996964335441589,0.9998347759246826,0.9996964335441589,5.497797974385321e-05,0.0001567219733260572,8.536536370229442e-06,4.728246381091594e-07,8.126093575810955e-07,3.5425156852397777e-07,0.00010085705434903502,0.0001459834456909448
706,People & Occupations,People & Occupations,0.9997490048408508,People & Occupations,0.9996198415756226,2.5365219698869623e-05,3.196347790890286e-07,0.00010677731188479811,0.00020871708693448454,0.9997490048408508,0.9996198415756226,0.00011845587141579017,0.00017114717047661543,4.067464942636434e-07,4.7096833100113145e-08
2960,People & Occupations,People & Occupations,0.999788761138916,People & Occupations,0.9995946884155273,1.8230159184895456e-05,3.481556802853447e-07,9.695756307337433e-05,0.0001639246620470658,0.999788761138916,0.9995946884155273,9.580110781826079e-05,0.00024091733212117106,2.8055558232154e-07,4.774004125351894e-08
3213,Animals & Pets,Animals & Pets,0.9997720718383789,Animals & Pets,0.9995755553245544,0.9997720718383789,0.9995755553245544,9.792759374249727e-05,0.00022190237359609455,1.4906270735082217e-05,5.40624284894875e-07,1.0448661669215653e-06,5.018780484533636e-07,0.00011396431364119053,0.00020154885714873672
1925,Nature & Space,Nature & Space,0.9997738599777222,Nature & Space,0.999689519405365,1.1513295703480253e-06,7.940379305182432e-07,8.579254426877014e-06,2.5558372840350785e-07,0.00014956171798985451,0.00013132525782566518,0.9997738599777222,0.999689519405365,6.669635331491008e-05,0.0001780880120350048
3306,Nature & Space,Nature & Space,0.9998382329940796,Nature & Space,0.9997528195381165,6.906660132699471e-07,5.011538632970769e-07,7.690991878916975e-06,1.8227106579615793e-07,4.84215997857973e-05,0.00011581263970583677,0.9998382329940796,0.9997528195381165,0.00010489531268831342,0.00013072253204882145
4829,People & Occupations,People & Occupations,0.999763548374176,People & Occupations,0.999683678150177,1.5261832231772132e-05,3.0545228923983814e-07,0.0001181918487418443,0.00015878220438025892,0.999763548374176,0.999683678150177,0.0001027166290441528,0.00015715850167907774,2.8609900937226485e-07,4.4280398014961975e-08
1904,Animals & Pets,Animals & Pets,0.9998224973678589,Animals & Pets,0.9996652603149414,0.9998224973678589,0.9996652603149414,7.407232624245808e-05,0.00015801432891748846,1.5949157386785373e-05,4.5224652467368287e-07,1.1319610848659067e-06,5.575867021434533e-07,8.641459135105833e-05,0.0001757112768245861
10126,Food & Fruits,Food & Fruits,0.999783992767334,Food & Fruits,0.9996371269226074,9.062605386134237e-05,0.00022392098617274314,0.999783992767334,0.9996371269226074,0.00011872353206854314,0.0001385208743158728,5.8032678680319805e-06,3.493262283882359e-07,8.311326382681727e-07,1.2103805602237117e-07
7211,Nature & Space,Nature & Space,0.9998197555541992,Nature & Space,0.9997255206108093,9.643684961702093e-07,6.759636903552746e-07,8.757606337894686e-06,2.3662232706556097e-07,7.68850659369491e-05,0.00011092620115960017,0.9998197555541992,0.9997255206108093,9.358557872474194e-05,0.00016267337196040899
7468,Animals & Pets,Animals & Pets,0.9997416138648987,Animals & Pets,0.9995766282081604,0.9997416138648987,0.9995766282081604,0.00010485138045623899,0.00021481588191818446,1.2541559044620954e-05,5.736023922509048e-07,1.1632815812845365e-06,5.510922846951871e-07,0.00013974178000353277,0.0002072846400551498
5859,Animals & Pets,Animals & Pets,0.9998170137405396,Animals & Pets,0.9996722340583801,0.9998170137405396,0.9996722340583801,7.519470091210678e-05,0.0001506665430497378,9.605645573174115e-06,4.558015120892378e-07,9.934024092217442e-07,5.133974241289252e-07,9.711363964015618e-05,0.0001761277235345915
4834,Animals & Pets,Animals & Pets,0.9997561573982239,Animals & Pets,0.999647855758667,0.9997561573982239,0.999647855758667,0.000140718329930678,0.00017943022248800844,1.4834969988442026e-05,4.545671004052565e-07,9.709763162391027e-07,5.411957886281016e-07,8.731611160328612e-05,0.00017159372509922832
10230,Animals & Pets,Animals & Pets,0.9997376799583435,Animals & Pets,0.9995691180229187,0.9997376799583435,0.9995691180229187,0.00013516299077309668,0.00022957123292144388,1.2818539289582986e-05,6.260399914026493e-07,1.3513359817807213e-06,6.431785664062772e-07,0.00011295295553281903,0.00020002241944894195
11043,Animals & Pets,Animals & Pets,0.9997893571853638,Animals & Pets,0.9996565580368042,0.9997893571853638,0.9996565580368042,6.901655433466658e-05,0.000162956552230753,1.6340545698767528e-05,4.177377945779881e-07,1.1494220188978943e-06,5.679440278072434e-07,0.00012406888708937913,0.00017944701539818197
5695,Nature & Space,Nature & Space,0.9998068809509277,Nature & Space,0.9997403025627136,7.084844924065692e-07,5.197550763114123e-07,8.570337740820833e-06,2.1135141992090212e-07,4.8807105486048386e-05,0.00014990240742918104,0.9998068809509277,0.9997403025627136,0.0001350491656921804,0.0001090209698304534
6710,Emotions & Actions,Emotions & Actions,0.9998412132263184,Emotions & Actions,0.999742329120636,7.311003719223663e-05,0.00016508196131326258,1.112255745283619e-06,8.062060885549727e-08,2.5806065195865813e-07,5.5729238113144675e-08,8.428367436863482e-05,9.250063158106059e-05,0.9998412132263184,0.999742329120636
3111,Animals & Pets,Animals & Pets,0.9998021125793457,Animals & Pets,0.9996978640556335,0.9998021125793457,0.9996978640556335,9.293131006415933e-05,0.000146573904203251,9.678033165982924e-06,4.668071937885543e-07,8.399279067816678e-07,3.6866683217340324e-07,9.444059833185747e-05,0.00015463007730431855
10298,Nature & Space,Nature & Space,0.9998122453689575,Nature & Space,0.9997050166130066,6.795535227865912e-07,4.7477215048274957e-07,8.405987500736956e-06,2.0847691928338463e-07,4.790960520040244e-05,0.00017620522703509778,0.9998122453689575,0.9997050166130066,0.00013074040180072188,0.00011808679846581072
384,Emotions & Actions,Emotions & Actions,0.9997578263282776,Emotions & Actions,0.999579131603241,0.00012136575969634578,0.00021717828349210322,1.9107285424979636e-06,1.3742999271926237e-07,4.857638487010263e-07,9.296406489056608e-08,0.00011846436973428354,0.00020349971600808203,0.9997578263282776,0.999579131603241
2098,Nature & Space,Nature & Space,0.9997882843017578,Nature & Space,0.9997112154960632,1.1729397328963387e-06,6.725396133333561e-07,9.797256097954232e-06,2.560713880939147e-07,0.00011380813521100208,0.00013386215141508728,0.9997882843017578,0.9997112154960632,8.685506327310577e-05,0.00015399092808365822
6616,Food & Fruits,Food & Fruits,0.9997119307518005,Food & Fruits,0.9996335506439209,0.00010479528282303363,0.0001528197608422488,0.9997119307518005,0.9996335506439209,0.0001762479660101235,0.00021313436445780098,6.124321316747228e-06,3.3215442840628384e-07,8.956642432167428e-07,1.0193264898816778e-07
7692,Nature & Space,Nature & Space,0.9998054504394531,Nature & Space,0.99974125623703,7.634102985321078e-07,5.564741627495096e-07,7.783318324072752e-06,1.986498716632923e-07,4.6481080062221736e-05,0.0001442007051082328,0.9998054504394531,0.99974125623703,0.00013942242367193103,0.00011382904631318524
4754,Emotions & Actions,Emotions & Actions,0.9998157024383545,Emotions & Actions,0.9996433258056641,8.243088814197108e-05,0.00022517854813486338,1.492019805482414e-06,1.0804745187442677e-07,3.9428294940080377e-07,7.835195958705299e-08,9.998356108553708e-05,0.00013130978913977742,0.9998157024383545,0.9996433258056641
7433,Animals & Pets,Animals & Pets,0.9998350143432617,Animals & Pets,0.9997175335884094,0.9998350143432617,0.9997175335884094,5.141739165992476e-05,0.0001405803777743131,9.122976734943222e-06,3.9562613096677524e-07,8.439204179921944e-07,3.5867978454007243e-07,0.0001035647073877044,0.00014112400822341442
7066,Food & Fruits,Food & Fruits,0.9998835325241089,Food & Fruits,0.9997552037239075,5.9233389038126916e-05,0.00010561351518845186,0.9998835325241089,0.9997552037239075,5.218009391683154e-05,0.0001388521632179618,4.354734301159624e-06,2.0257458288597263e-07,5.559221563089523e-07,8.39892919657359e-08
11150,Nature & Space,Nature & Space,0.9997940063476562,Nature & Space,0.9997051358222961,6.597270498787111e-07,4.5773361989631667e-07,7.25185418559704e-06,2.0257041910554108e-07,4.0257375076180324e-05,0.00014367402764037251,0.9997940063476562,0.9997051358222961,0.00015779507521074265,0.0001504704705439508
1978,Food & Fruits,Food & Fruits,0.9998767375946045,Food & Fruits,0.9996811747550964,6.990556721575558e-05,0.00012671970762312412,0.9998767375946045,0.9996811747550964,4.8370242438977584e-05,0.00019174435874447227,4.31089210906066e-06,2.5216542098860373e-07,6.893028512422461e-07,8.134905726819852e-08
1416,Food & Fruits,Food & Fruits,0.9998528957366943,Food & Fruits,0.9997197985649109,9.304901323048398e-05,0.0001338457950623706,0.9998528957366943,0.9997197985649109,4.900604108115658e-05,0.00014593520609196275,4.453808742255205e-06,2.317897269676905e-07,6.030834924786177e-07,8.25367507673036e-08
3215,Nature & Space,Nature & Space,0.9998376369476318,Nature & Space,0.9997325539588928,8.480777182739985e-07,6.000828989272122e-07,9.133072126132902e-06,2.2314873149298364e-07,5.763489753007889e-05,0.0001348741352558136,0.9998376369476318,0.9997325539588928,9.478358697379008e-05,0.00013174413470551372
10078,Food & Fruits,Food & Fruits,0.9997955560684204,Food & Fruits,0.9996457099914551,9.270895679946989e-05,0.00017629780631978065,0.9997955560684204,0.9996457099914551,0.00010617352381814271,0.0001775404525687918,4.751578217110364e-06,3.58442690640004e-07,7.735330314062594e-07,9.009508517010545e-08
3584,Animals & Pets,Animals & Pets,0.9998444318771362,Animals & Pets,0.9996955990791321,0.9998444318771362,0.9996955990791321,4.562467074720189e-05,0.00013104494428262115,8.283298484457191e-06,3.7005173680881853e-07,8.237728934545885e-07,3.9306169696828874e-07,0.00010082455992233008,0.00017255569400731474
10949,Emotions & Actions,Emotions & Actions,0.9998414516448975,Emotions & Actions,0.9997467398643494,7.218983955681324e-05,0.00014171047951094806,1.2094377552784863e-06,8.55735891036602e-08,2.942267940397869e-07,6.253512907505865e-08,8.48588315420784e-05,0.00011144761083414778,0.9998414516448975,0.9997467398643494
7105,Emotions & Actions,Emotions & Actions,0.9997537732124329,Emotions & Actions,0.9995570778846741,0.00012978530139662325,0.00023086514556780457,2.0317008875281317e-06,1.2960126127836702e-07,4.034753544601699e-07,8.162351861074058e-08,0.00011401550727896392,0.00021184083016123623,0.9997537732124329,0.9995570778846741
6466,Food & Fruits,Food & Fruits,0.9998664855957031,Food & Fruits,0.9997113347053528,6.596107414225116e-05,0.00011338956392137334,0.9998664855957031,0.9997113347053528,6.246320117497817e-05,0.00017495485371910036,4.489760613068938e-06,2.3427836026712612e-07,5.875091915186204e-07,8.093147130239231e-08
10699,Food & Fruits,Food & Fruits,0.9998522996902466,Food & Fruits,0.9996965527534485,6.732223846483976e-05,0.00012346993025857955,0.9998522996902466,0.9996965527534485,7.493983866879717e-05,0.0001796492433641106,4.639315193344373e-06,2.354209556187925e-07,6.601488280466583e-07,9.78901653070352e-08
2876,Nature & Space,Nature & Space,0.9997656941413879,Nature & Space,0.9996783137321472,1.2438260910130339e-06,7.495730756090779e-07,1.2053465979988687e-05,3.307963822862803e-07,0.00012168915418442339,0.00014650702360086143,0.9997656941413879,0.9996783137321472,9.932036482496187e-05,0.0001740775041980669
7859,People & Occupations,People & Occupations,0.9998555183410645,People & Occupations,0.9997572302818298,1.1076359442085959e-05,2.453664933455002e-07,6.39946447336115e-05,0.0001245390740223229,0.9998555183410645,0.9997572302818298,6.907490751473233e-05,0.00011799344792962074,2.3677816329836787e-07,3.6609371534268575e-08
10196,Animals & Pets,Animals & Pets,0.9997705817222595,Animals & Pets,0.9996398687362671,0.9997705817222595,0.9996398687362671,0.00011852249735966325,0.0001775021810317412,1.2816161870432552e-05,4.4440631086217763e-07,1.2225051477798843e-06,5.903129931539297e-07,9.690579463494942e-05,0.00018152029952034354
11341,Emotions & Actions,Emotions & Actions,0.9998118877410889,Emotions & Actions,0.9996909499168396,0.00010604724957374856,0.000160609110025689,1.028718884299451e-06,1.035252381598184e-07,3.8036907312744006e-07,7.575309979301892e-08,8.062341657932848e-05,0.00014817141345702112,0.9998118877410889,0.9996909499168396
4478,Food & Fruits,Food & Fruits,0.9998396635055542,Food & Fruits,0.999721348285675,7.066789839882404e-05,0.0001407043164363131,0.9998396635055542,0.999721348285675,8.465151040581986e-05,0.00013753971143160015,4.434660240804078e-06,2.8225119308444846e-07,6.254884397094429e-07,7.922020728301504e-08
963,People & Occupations,People & Occupations,0.9998407363891602,People & Occupations,0.999728262424469,2.0135783415753394e-05,2.940863623734913e-07,6.767034938093275e-05,0.00015397403331007808,0.9998407363891602,0.999728262424469,7.117266795830801e-05,0.00011753350554499775,2.2729477677785326e-07,3.4157274342305755e-08
273,Emotions & Actions,Emotions & Actions,0.9998335838317871,Emotions & Actions,0.9997158646583557,8.458764932584018e-05,0.00014490907778963447,1.0194842161581619e-06,1.027319598279064e-07,3.4038163221339346e-07,6.91634340910241e-08,8.04193623480387e-05,0.0001389794488204643,0.9998335838317871,0.9997158646583557
6712,People & Occupations,People & Occupations,0.999812126159668,People & Occupations,0.9997257590293884,1.5213744518405292e-05,2.5590176733203407e-07,8.481669647153467e-05,0.00016780922305770218,0.999812126159668,0.9997257590293884,8.756308670854196e-05,0.00010618301894282922,2.2742248972917878e-07,4.356231642077546e-08
5184,Food & Fruits,Food & Fruits,0.9998621940612793,Food & Fruits,0.9997153878211975,7.01481694704853e-05,0.0001172259435406886,0.9998621940612793,0.9997153878211975,6.31497023277916e-05,0.00016697114915587008,3.795527845795732e-06,2.2720539050169464e-07,6.502925771201262e-07,8.774899384889068e-08
5216,Nature & Space,Nature & Space,0.9998174905776978,Nature & Space,0.9997308850288391,7.674211701669265e-07,5.851281912327977e-07,8.218662514991593e-06,2.1569843511315412e-07,5.396851702244021e-05,0.0001360183669021353,0.9998174905776978,0.9997308850288391,0.0001195626609842293,0.00013231807679403573
2626,People & Occupations,People & Occupations,0.9997376799583435,People & Occupations,0.9995726943016052,2.3976910597411916e-05,3.611483805343596e-07,0.0001191975679830648,0.00024308999127242714,0.9997376799583435,0.9995726943016052,0.00011878393706865609,0.00018391037883702666,3.873762750572496e-07,5.214877418779906e-08
4570,Animals & Pets,Animals & Pets,0.9998157024383545,Animals & Pets,0.9997087121009827,0.9998157024383545,0.9997087121009827,5.694175706594251e-05,0.00015465327305719256,1.0183773156313691e-05,4.6989507040962053e-07,7.822438305993273e-07,4.068495798037475e-07,0.00011634167458396405,0.00013579281221609563
7531,Food & Fruits,Food & Fruits,0.9998664855957031,Food & Fruits,0.9996985793113708,5.090484773973003e-05,0.0001234169612871483,0.9998664855957031,0.9996985793113708,7.82077040639706e-05,0.000177607755176723,3.829411980404984e-06,2.2040650549115526e-07,6.400431402653339e-07,8.882386026698441e-08
6165,Nature & Space,Nature & Space,0.9998359680175781,Nature & Space,0.999687135219574,7.460317306140496e-07,5.731342866965861e-07,6.297366326180054e-06,2.2011660405496514e-07,5.730584234697744e-05,0.0002185963385272771,0.9998359680175781,0.999687135219574,9.968499944079667e-05,9.340902033727616e-05
8888,Emotions & Actions,Emotions & Actions,0.9997557997703552,Emotions & Actions,0.9996559619903564,0.00010169755842071027,0.00017913572082761675,1.8175840068579419e-06,1.2320960252054647e-07,4.881484301222372e-07,8.490074776545953e-08,0.00014021099195815623,0.00016472424613311887,0.9997557997703552,0.9996559619903564
2321,Nature & Space,Nature & Space,0.9998012781143188,Nature & Space,0.9997376799583435,7.493944167435984e-07,5.111133987156791e-07,6.291715635597939e-06,1.7464412849221844e-07,4.720835204352625e-05,0.00013898419274482876,0.9998012781143188,0.9997376799583435,0.00014441250823438168,0.00012259476352483034
1556,Food & Fruits,Food & Fruits,0.9998607635498047,Food & Fruits,0.9996824860572815,6.079598460928537e-05,0.00011539526894921437,0.9998607635498047,0.9996824860572815,7.3797840741463e-05,0.0002017040824284777,3.964195457228925e-06,2.42642869352494e-07,6.879193392705929e-07,8.997201206284444e-08
3327,Emotions & Actions,Emotions & Actions,0.9998347759246826,Emotions & Actions,0.9997482895851135,0.00010054015001514927,0.0001645237352931872,9.409907306690002e-07,9.509982135114114e-08,3.0618389246228617e-07,6.473158009612234e-08,6.340322579490021e-05,8.705567597644404e-05,0.9998347759246826,0.9997482895851135
3125,People & Occupations,People & Occupations,0.9997521042823792,People & Occupations,0.999682605266571,1.690147655608598e-05,2.9710918170167133e-07,0.0001380488247377798,0.00015814401558600366,0.9997521042823792,0.999682605266571,9.261920786229894e-05,0.0001588593004271388,3.509322255013103e-07,4.509027462518134e-08
648,People & Occupations,People & Occupations,0.9997532963752747,People & Occupations,0.999694287776947,1.7689118976704776e-05,3.0616715207543166e-07,0.0001238758268300444,0.00016807780775707215,0.9997532963752747,0.999694287776947,0.0001049117126967758,0.00013729851343668997,2.560560403708223e-07,4.0372672316379976e-08
5261,People & Occupations,People & Occupations,0.9997445940971375,People & Occupations,0.9995669722557068,2.0493762349360622e-05,3.756123021503299e-07,0.00011594661191338673,0.00022951207938604057,0.9997445940971375,0.9995669722557068,0.00011861982784466818,0.0002031949261436239,3.360481173331209e-07,5.053709983826593e-08
7284,Nature & Space,Nature & Space,0.999832034111023,Nature & Space,0.9997252821922302,7.328807782869262e-07,5.636355808746885e-07,6.564312116097426e-06,2.3778297020271566e-07,5.611662709270604e-05,0.0001593485940247774,0.999832034111023,0.9997252821922302,0.00010457633470650762,0.00011455807543825358
11323,Food & Fruits,Food & Fruits,0.9998888969421387,Food & Fruits,0.9997528195381165,4.88079858769197e-05,0.0001028861224767752,0.9998888969421387,0.9997528195381165,5.828718713019043e-05,0.00014393583114724606,3.4136583053623326e-06,2.1808520500599116e-07,6.037785738044477e-07,8.545162444306698e-08
10906,Food & Fruits,Food & Fruits,0.999886155128479,Food & Fruits,0.9997672438621521,5.593894820776768e-05,9.788332681637257e-05,0.999886155128479,0.9997672438621521,5.3576826758217067e-05,0.0001345788041362539,3.867038230964681e-06,2.098011293583113e-07,5.692405125046207e-07,8.503029391704331e-08
8957,Animals & Pets,Animals & Pets,0.9998440742492676,Animals & Pets,0.9997139573097229,0.9998440742492676,0.9997139573097229,7.407215161947533e-05,0.0001607566955499351,9.545141438138671e-06,4.5880318566560163e-07,8.999131750897504e-07,4.959019292982703e-07,7.144595292629674e-05,0.00012424399028532207
5373,People & Occupations,People & Occupations,0.9998517036437988,People & Occupations,0.9997501969337463,1.0303371709596831e-05,2.201569486715016e-07,5.7249661040259525e-05,0.00015013465599622577,0.9998517036437988,0.9997501969337463,8.041445835260674e-05,9.937377035384998e-05,1.957428423793317e-07,3.7125740703913834e-08
10146,Emotions & Actions,Emotions & Actions,0.9998551607131958,Emotions & Actions,0.9997720718383789,5.4683088819729164e-05,0.00014199396537151188,1.591663703948143e-06,9.41514670671495e-08,2.6877927439272753e-07,6.599626800607439e-08,8.83290049387142e-05,8.57219347381033e-05,0.9998551607131958,0.9997720718383789
9672,Food & Fruits,Food & Fruits,0.9998037815093994,Food & Fruits,0.9996767640113831,9.678256174083799e-05,0.00017186105833388865,0.9998037815093994,0.9996767640113831,9.295398194808513e-05,0.00015077834541443735,5.5089608395064715e-06,4.1857251176224963e-07,9.400332601217087e-07,9.67409690133536e-08
2566,Animals & Pets,Animals & Pets,0.9998478889465332,Animals & Pets,0.9997132420539856,0.9998478889465332,0.9997132420539856,5.993787999614142e-05,0.00014964310685172677,7.904209269327112e-06,3.760314370993001e-07,7.236848205138813e-07,3.5369041029298387e-07,8.352503937203437e-05,0.00013628695160150528
8787,Food & Fruits,Food & Fruits,0.9998222589492798,Food & Fruits,0.9997156262397766,8.682299085194245e-05,0.0001254347589565441,0.9998222589492798,0.9997156262397766,8.50678698043339e-05,0.00015837638056837022,4.975182491762098e-06,3.194609234924428e-07,8.476507105115161e-07,9.808996281890359e-08
2975,Animals & Pets,Animals & Pets,0.9997751712799072,Animals & Pets,0.9996539354324341,0.9997751712799072,0.9996539354324341,9.723264520289376e-05,0.0001711494114715606,9.847712135524489e-06,4.458431703824317e-07,1.019525825540768e-06,4.918368858852773e-07,0.00011660798190860078,0.00017400454089511186
9915,People & Occupations,People & Occupations,0.9998670816421509,People & Occupations,0.9997351765632629,1.2919529581267852e-05,2.5954494731195155e-07,4.366441862657666e-05,0.0001448777475161478,0.9998670816421509,0.9997351765632629,7.607210136484355e-05,0.00011970249033765867,2.554375839736167e-07,3.5747092397286906e-08
995,People & Occupations,People & Occupations,0.9997931718826294,People & Occupations,0.9997313618659973,1.3858338206773624e-05,2.241438892269798e-07,0.0001298857678193599,0.00017204559117089957,0.9997931718826294,0.9997313618659973,6.28166162641719e-05,9.64579448918812e-05,2.765609110610967e-07,3.678045601418489e-08
1408,People & Occupations,People & Occupations,0.9998881816864014,People & Occupations,0.9997656941413879,9.539337952446658e-06,2.0981200066216843e-07,4.3858490244019777e-05,0.000136745220515877,0.9998881816864014,0.9997656941413879,5.819516445626505e-05,9.732282342156395e-05,1.9296490449960402e-07,3.569027740013553e-08
3875,Nature & Space,Nature & Space,0.9997785091400146,Nature & Space,0.9996700882911682,1.1997614137726487e-06,7.226595926113077e-07,8.236695975938346e-06,2.48108847245021e-07,0.00010341555753257126,0.00012956272985320538,0.9997785091400146,0.9996700882911682,0.00010862298222491518,0.0001994016784010455
7869,Emotions & Actions,Emotions & Actions,0.9998276233673096,Emotions & Actions,0.9996978640556335,9.507350478088483e-05,0.00017540056433063,1.294032017540303e-06,1.0731272936936875e-07,3.223642011107586e-07,8.083011238113613e-08,7.570940942969173e-05,0.00012653390876948833,0.9998276233673096,0.9996978640556335
10709,Animals & Pets,Animals & Pets,0.9998021125793457,Animals & Pets,0.9996817708015442,0.9998021125793457,0.9996817708015442,6.387458415701985e-05,0.00014206377090886235,8.67940343596274e-06,4.254127929925744e-07,8.764172321207298e-07,4.1268143036177207e-07,0.000124478290672414,0.00017528086027596146
4367,People & Occupations,People & Occupations,0.9998416900634766,People & Occupations,0.9997325539588928,1.801377766241785e-05,2.632903033372713e-07,7.066103717079386e-05,0.00015368116146419197,0.9998416900634766,0.9997325539588928,6.934523116797209e-05,0.00011351108696544543,2.2222438644803333e-07,3.6792147994901825e-08
10236,Nature & Space,Nature & Space,0.9998288154602051,Nature & Space,0.9997212290763855,9.481184974902135e-07,6.174034297146136e-07,9.934041372616775e-06,2.5817098503466696e-07,7.934673340059817e-05,0.0001285395846934989,0.9998288154602051,0.9997212290763855,8.093100041151047e-05,0.00014927300799172372
4934,People & Occupations,People & Occupations,0.9998449087142944,People & Occupations,0.9997574687004089,1.2730914022540674e-05,2.318404739298785e-07,6.90379529260099e-05,0.00014053197810426354,0.9998449087142944,0.9997574687004089,7.301109144464135e-05,0.00010179902892559767,1.9023372033188934e-07,3.524895930695493e-08
3192,People & Occupations,People & Occupations,0.9998595714569092,People & Occupations,0.9997634291648865,1.1246327630942687e-05,2.290256873038743e-07,5.836479977006093e-05,0.0001443895453121513,0.9998595714569092,0.9997634291648865,7.073417509673163e-05,9.20477177714929e-05,1.7852022438091808e-07,3.2327090337958e-08
10939,Animals & Pets,Animals & Pets,0.9997619986534119,Animals & Pets,0.9995867609977722,0.9997619986534119,0.9995867609977722,0.00010176910291193053,0.00021483650198206306,1.1930355867662001e-05,6.037687967364036e-07,1.0543016060182708e-06,6.292786451922439e-07,0.00012324719864409417,0.00019722797151189297
10089,Emotions & Actions,Emotions & Actions,0.9998515844345093,Emotions & Actions,0.9997561573982239,5.71260679862462e-05,0.0001504559040768072,1.313460415985901e-06,9.972196579610682e-08,2.643542700297985e-07,5.979743633588441e-08,8.966441237134859e-05,9.32279581320472e-05,0.9998515844345093,0.9997561573982239
4305,Animals & Pets,Animals & Pets,0.999845027923584,Animals & Pets,0.9997161030769348,0.999845027923584,0.9997161030769348,5.525560845853761e-05,0.00013022102939430624,8.408613211940974e-06,4.063923029207217e-07,7.271834192579263e-07,3.598483431233035e-07,9.049754589796066e-05,0.00015291680756490678
6537,People & Occupations,People & Occupations,0.99983811378479,People & Occupations,0.9997361302375793,1.559788506710902e-05,2.584497735824698e-07,6.767797458451241e-05,0.0001402898196829483,0.99983811378479,0.9997361302375793,7.8324977948796e-05,0.00012330444587860256,2.340411953127841e-07,4.0516383137401135e-08
9226,Nature & Space,Nature & Space,0.9997904300689697,Nature & Space,0.9997430443763733,7.129645496206649e-07,4.802911348633643e-07,7.697551154706161e-06,2.2014698686234624e-07,4.404544961289503e-05,0.0001311136584263295,0.9997904300689697,0.9997430443763733,0.0001570789172546938,0.00012516335118561983
6352,Animals & Pets,Animals & Pets,0.9998397827148438,Animals & Pets,0.9997006058692932,0.9998397827148438,0.9997006058692932,4.798490772373043e-05,0.00014941334666218609,7.888248546805698e-06,4.118863330404565e-07,8.81753862813639e-07,3.743053298421728e-07,0.0001034193264786154,0.00014920842659194022
2647,Animals & Pets,Animals & Pets,0.9998314380645752,Animals & Pets,0.999696671962738,0.9998314380645752,0.999696671962738,4.9128426326205954e-05,0.00013865693472325802,7.723249836999457e-06,3.545203526300611e-07,7.426014008160564e-07,3.513500814733561e-07,0.00011091425403719768,0.00016397015133406967
11849,Animals & Pets,Animals & Pets,0.9998427629470825,Animals & Pets,0.9996842741966248,0.9998427629470825,0.9996842741966248,5.078809044789523e-05,0.00014529679901897907,6.6341149249637965e-06,3.642952037807845e-07,6.541044399455131e-07,3.1992405524761125e-07,9.916532144416124e-05,0.00016974414756987244
5643,People & Occupations,People & Occupations,0.9998283386230469,People & Occupations,0.9997085928916931,1.2016724213026464e-05,2.8579941613315896e-07,8.49072530400008e-05,0.00014273845590651035,0.9998283386230469,0.9997085928916931,7.452688441844657e-05,0.00014843003009445965,2.535354326482775e-07,4.653442431390431e-08
11367,Food & Fruits,Food & Fruits,0.9999003410339355,Food & Fruits,0.9997696280479431,4.907290713163093e-05,0.00010555422340985388,0.9999003410339355,0.9997696280479431,4.6370638301596045e-05,0.0001243768201675266,3.726583599927835e-06,2.2109038866346964e-07,5.25848633969872e-07,7.834870530132321e-08
1766,Food & Fruits,Food & Fruits,0.9997639060020447,Food & Fruits,0.9996408224105835,0.00010074830061057582,0.0001815999421523884,0.9997639060020447,0.9996408224105835,0.00012943655019626021,0.00017703912453725934,5.171071734366706e-06,3.713557532591949e-07,8.396876296501432e-07,9.428970315639162e-08
546,Emotions & Actions,Emotions & Actions,0.9998276233673096,Emotions & Actions,0.9996687769889832,8.516808884451166e-05,0.00020917825167998672,1.0784905271066236e-06,1.0041924269899027e-07,3.2882914524634543e-07,7.626871223465059e-08,8.577780681662261e-05,0.00012186862295493484,0.9998276233673096,0.9996687769889832
6704,Emotions & Actions,Emotions & Actions,0.9998174905776978,Emotions & Actions,0.9996888041496277,9.865938045550138e-05,0.00015504847397096455,1.1075954944317346e-06,9.912455567473444e-08,3.4426358297423576e-07,8.45649452685393e-08,8.238961163442582e-05,0.00015589925169479102,0.9998174905776978,0.9996888041496277
8425,Animals & Pets,Animals & Pets,0.9998451471328735,Animals & Pets,0.9997401833534241,0.9998451471328735,0.9997401833534241,4.9025900807464495e-05,0.00011976726091234013,8.268648343801033e-06,4.3100016000607866e-07,8.356168450518453e-07,3.598322848574753e-07,9.67603555181995e-05,0.00013916187162976712
11812,Animals & Pets,Animals & Pets,0.9998235702514648,Animals & Pets,0.999702513217926,0.9998235702514648,0.999702513217926,4.982703467248939e-05,0.0001180949475383386,8.236878784373403e-06,3.954500868985633e-07,7.924112424007035e-07,3.816416551671864e-07,0.00011756871390389279,0.00017862374079413712
11285,People & Occupations,People & Occupations,0.999788761138916,People & Occupations,0.9997021555900574,1.738638457027264e-05,2.9817263680342876e-07,0.00010965890396619216,0.00016715262609068304,0.999788761138916,0.9997021555900574,8.396485645789653e-05,0.00013036458403803408,2.6722332790996006e-07,4.273617548733455e-08
2433,Nature & Space,Nature & Space,0.9998037815093994,Nature & Space,0.9997325539588928,7.444867833328317e-07,5.660405122398515e-07,8.06304069556063e-06,2.100677249927685e-07,6.490954547189176e-05,0.00012973380216863006,0.9998037815093994,0.9997325539588928,0.00012234976748004556,0.00013693644723389298
1257,Nature & Space,Nature & Space,0.9998031854629517,Nature & Space,0.9996625185012817,1.225254095515993e-06,8.229627042055654e-07,6.905986992933322e-06,2.25445120349832e-07,7.08177249180153e-05,0.00011332402209518477,0.9998031854629517,0.9996625185012817,0.00011787695257226005,0.00022307218750938773
6141,Nature & Space,Nature & Space,0.9997996091842651,Nature & Space,0.9996678829193115,1.044248392645386e-06,6.863032240289613e-07,6.930816198291723e-06,2.5806170356190705e-07,8.936915401136503e-05,0.00017788470722734928,0.9997996091842651,0.9996678829193115,0.00010299647692590952,0.00015328056178987026
5258,Nature & Space,Nature & Space,0.9998384714126587,Nature & Space,0.9996793866157532,1.003875013338984e-06,6.567601644746901e-07,1.0065337846754119e-05,3.007762074958009e-07,7.774327241349965e-05,0.00015536199498455971,0.9998384714126587,0.9996793866157532,7.265112071763724e-05,0.0001642520073801279
11562,Nature & Space,Nature & Space,0.999839186668396,Nature & Space,0.9997491240501404,7.165022566368862e-07,5.342351983017579e-07,7.06286891727359e-06,2.0455075855352334e-07,6.065359775675461e-05,0.00011606873158598319,0.999839186668396,0.9997491240501404,9.234098251909018e-05,0.00013405014760792255
6705,People & Occupations,People & Occupations,0.9998733997344971,People & Occupations,0.9997681975364685,1.085301937564509e-05,2.2763425988614472e-07,4.22376069764141e-05,0.00012932592653669417,0.9998733997344971,0.9997681975364685,7.32837725081481e-05,0.00010220001422567293,1.8268529800025135e-07,3.715098273460171e-08
10039,Food & Fruits,Food & Fruits,0.9997913837432861,Food & Fruits,0.9996656179428101,9.68120148172602e-05,0.00018741298117674887,0.9997913837432861,0.9996656179428101,0.00010421228216728196,0.00014643784379586577,6.842309176136041e-06,3.994726114342484e-07,8.905998925001768e-07,1.1697469659566195e-07
1840,Emotions & Actions,Emotions & Actions,0.9997658133506775,Emotions & Actions,0.999652624130249,0.00013658335956279188,0.00017278427549172193,1.5179829233602504e-06,1.1819704326399005e-07,4.5458779140972183e-07,7.894161058175087e-08,9.566752123646438e-05,0.0001744210021570325,0.9997658133506775,0.999652624130249
9999,People & Occupations,People & Occupations,0.9998769760131836,People & Occupations,0.9997773170471191,9.678508831711952e-06,2.2565212987046834e-07,5.5990152759477496e-05,0.0001181283441837877,0.9998769760131836,0.9997773170471191,5.70972915738821e-05,0.00010429502435727045,2.474403686392179e-07,3.447726015792796e-08
4813,Emotions & Actions,Emotions & Actions,0.9998420476913452,Emotions & Actions,0.9997667670249939,9.342279372503981e-05,0.00011888339213328436,1.122388084695558e-06,9.933840772191616e-08,2.9210298180259997e-07,6.509977623636587e-08,6.304919952526689e-05,0.00011419076327001676,0.9998420476913452,0.9997667670249939
11630,Emotions & Actions,Emotions & Actions,0.9998339414596558,Emotions & Actions,0.999716579914093,6.77506614010781e-05,0.00014810528955422342,1.345529767604603e-06,9.67974287391371e-08,2.975049255837803e-07,6.282326836526408e-08,9.66339503065683e-05,0.00013516285980585963,0.9998339414596558,0.999716579914093
7700,Nature & Space,Nature & Space,0.9997879266738892,Nature & Space,0.9996817708015442,1.2187721267764573e-06,8.054659588196955e-07,8.413378964178264e-06,2.384982167313865e-07,0.00012530955427791923,0.00012414748198352754,0.9997879266738892,0.9996817708015442,7.714195089647546e-05,0.00019292555225547403
8866,Food & Fruits,Food & Fruits,0.9998419284820557,Food & Fruits,0.9997110962867737,7.542043022112921e-05,0.0001316309062531218,0.9998419284820557,0.9997110962867737,7.807090150890872e-05,0.00015679886564612389,3.906125584762776e-06,2.481838805579173e-07,6.019018883307581e-07,8.7735230636099e-08
9780,People & Occupations,People & Occupations,0.999787449836731,People & Occupations,0.9996132850646973,1.9232562408433296e-05,3.363450957749592e-07,0.0001064061070792377,0.00019340545986779034,0.999787449836731,0.9996132850646973,8.658315346110612e-05,0.0001929835561895743,3.655146656456054e-07,5.128648083996268e-08
893,People & Occupations,People & Occupations,0.9998303651809692,People & Occupations,0.9997414946556091,1.3256194506539032e-05,2.4588499059063906e-07,9.518099977867678e-05,0.00014663705951534212,0.9998303651809692,0.9997414946556091,6.0913451306987554e-05,0.00011165926116518676,2.3391643821923935e-07,3.678349358438027e-08
6320,Food & Fruits,Food & Fruits,0.9998592138290405,Food & Fruits,0.9996909499168396,6.532008410431445e-05,0.0001440028427168727,0.9998592138290405,0.9996909499168396,6.98477597325109e-05,0.00016471462731715292,4.899075975117739e-06,2.7614785835794464e-07,6.832591452621273e-07,9.276580215100694e-08
2318,Animals & Pets,Animals & Pets,0.9997973442077637,Animals & Pets,0.9996492862701416,0.9997973442077637,0.9996492862701416,7.650951738469303e-05,9.322723053628579e-05,9.766587936610449e-06,4.3751262523983314e-07,1.1052347872464452e-06,5.021113338443683e-07,0.00011522079876158386,0.00025653475313447416
3087,Food & Fruits,Food & Fruits,0.9998449087142944,Food & Fruits,0.999722421169281,7.639866817044094e-05,0.00015399561380036175,0.9998449087142944,0.999722421169281,7.39889801479876e-05,0.00012327970762271434,4.0072509364108555e-06,2.6298724264961493e-07,5.845624286848761e-07,8.257837436076443e-08
7233,People & Occupations,People & Occupations,0.999855637550354,People & Occupations,0.9997684359550476,1.0140015547221992e-05,2.3291075024189922e-07,6.461379234679043e-05,0.00014320897753350437,0.999855637550354,0.9997684359550476,6.942427717149258e-05,8.805482502793893e-05,2.794271836137341e-07,3.6347401533021184e-08
4831,Food & Fruits,Food & Fruits,0.9998728036880493,Food & Fruits,0.9997356534004211,5.939968832535669e-05,0.00012068328214809299,0.9998728036880493,0.9997356534004211,6.282360118348151e-05,0.00014323581126518548,4.460171112441458e-06,2.2942572286410723e-07,6.479712055806885e-07,8.769070802827628e-08
2885,Food & Fruits,Food & Fruits,0.999786376953125,Food & Fruits,0.9996297359466553,0.00010382954496890306,0.00017680331075098366,0.999786376953125,0.9996297359466553,0.00010355463018640876,0.0001929804711835459,5.5135428738140035e-06,3.29101908391749e-07,6.816896416239615e-07,9.491278518680701e-08
11198,Animals & Pets,Animals & Pets,0.9998219013214111,Animals & Pets,0.9996901154518127,0.9998219013214111,0.9996901154518127,6.35346004855819e-05,9.239970677299425e-05,8.260928552772384e-06,4.272321234566334e-07,7.635408110218123e-07,3.7715690837103466e-07,0.00010559921065578237,0.00021660624770447612
1830,Nature & Space,Nature & Space,0.9997804164886475,Nature & Space,0.9997010827064514,1.408436446581618e-06,8.448654966741742e-07,9.329990461992566e-06,2.7050819539908844e-07,0.00012024120223941281,0.0001489969145040959,0.9997804164886475,0.9997010827064514,8.851390157360584e-05,0.00014868122525513172
4297,Animals & Pets,Animals & Pets,0.9998129606246948,Animals & Pets,0.9996935725212097,0.9998129606246948,0.9996935725212097,7.162628025980666e-05,0.00011784110392909497,9.01884868653724e-06,4.3361077928238956e-07,8.849870596350229e-07,4.4389267372935137e-07,0.0001054688254953362,0.00018758630903903395
4131,Emotions & Actions,Emotions & Actions,0.9998151063919067,Emotions & Actions,0.9996828436851501,9.252810559701174e-05,0.00016839453019201756,1.4018119145475794e-06,1.084649170479679e-07,3.7543688335972547e-07,8.294337305869703e-08,9.051348024513572e-05,0.00014851214655209333,0.9998151063919067,0.9996828436851501
4819,Animals & Pets,Animals & Pets,0.9997737407684326,Animals & Pets,0.9996075630187988,0.9997737407684326,0.9996075630187988,9.625499660614878e-05,0.00017959624528884888,1.4324667972687166e-05,5.233815159044752e-07,1.2622554095287342e-06,5.701389227397158e-07,0.00011430356244090945,0.00021173460118006915
11681,Animals & Pets,Animals & Pets,0.9997652173042297,Animals & Pets,0.9995990991592407,0.9997652173042297,0.9995990991592407,7.845457730581984e-05,0.0002105614694301039,1.283496749238111e-05,5.338606570148841e-07,9.921068340190686e-07,5.584204245678848e-07,0.0001425982336513698,0.00018927115888800472
11239,People & Occupations,People & Occupations,0.9998677968978882,People & Occupations,0.9997831583023071,9.996660082833841e-06,2.164627090905924e-07,5.441248504212126e-05,0.00011732348502846435,0.9998677968978882,0.9997831583023071,6.761263648513705e-05,9.927958308253437e-05,2.168968364912871e-07,3.404811366181093e-08
7630,People & Occupations,People & Occupations,0.9998636245727539,People & Occupations,0.9997636675834656,9.847813089436386e-06,2.3030771956200624e-07,6.822541763540357e-05,0.00012313474144320935,0.9998636245727539,0.9997636675834656,5.805117325508036e-05,0.00011296934826532379,2.3026638018563972e-07,3.652249702668087e-08
1586,Food & Fruits,Food & Fruits,0.9998899698257446,Food & Fruits,0.9997372031211853,5.221607716521248e-05,0.00012271250307094306,0.9998899698257446,0.9997372031211853,5.327185135683976e-05,0.00013967668928671628,3.941030172427418e-06,2.3011543248685484e-07,5.657335577780032e-07,7.755593856018095e-08
9748,Food & Fruits,Food & Fruits,0.9997940063476562,Food & Fruits,0.9996510744094849,7.6028321927879e-05,0.0001789516390999779,0.9997940063476562,0.9996510744094849,0.00012404638982843608,0.00016951527504716069,5.028183295507915e-06,3.2157072382688057e-07,8.486515525873983e-07,1.0440550113344216e-07
1915,Nature & Space,Nature & Space,0.9997894763946533,Nature & Space,0.9996830821037292,1.0554714435784263e-06,6.211240588527289e-07,8.929493560572155e-06,2.607448266189749e-07,0.00012346927542239428,0.00015525103663094342,0.9997894763946533,0.9996830821037292,7.69912512623705e-05,0.0001607555605005473
3935,Animals & Pets,Animals & Pets,0.9997581839561462,Animals & Pets,0.9995779395103455,0.9997581839561462,0.9995779395103455,0.00010523328819544986,0.00019997762865386903,1.3427675185084809e-05,5.344086844161211e-07,1.1701437188094133e-06,5.815497274852532e-07,0.00012186256208224222,0.00022099816123954952
9126,Food & Fruits,Food & Fruits,0.999854564666748,Food & Fruits,0.9997115731239319,6.933422264410183e-05,0.00014289128012023866,0.999854564666748,0.9997115731239319,7.044892117846757e-05,0.00014510855544358492,4.860947228735313e-06,2.951325086542056e-07,7.716827781223401e-07,8.456881062102184e-08
1827,Animals & Pets,Animals & Pets,0.9998407363891602,Animals & Pets,0.9997050166130066,0.9998407363891602,0.9997050166130066,5.299166150507517e-05,0.0001314954861300066,1.2116193829569966e-05,3.837857889266161e-07,1.003992224468675e-06,4.1018063257070025e-07,9.306181891588494e-05,0.00016275601228699088
1712,People & Occupations,People & Occupations,0.9997884035110474,People & Occupations,0.9996227025985718,2.120757199008949e-05,3.376640904662054e-07,0.00010447129170643166,0.0001910694409161806,0.9997884035110474,0.9996227025985718,8.553551015211269e-05,0.0001858763280324638,3.688711558424984e-07,4.517580620699846e-08
11229,Emotions & Actions,Emotions & Actions,0.9998422861099243,Emotions & Actions,0.9997434020042419,5.980205605737865e-05,0.00015310206799767911,1.3833686125508393e-06,9.269479050999507e-08,2.6993225787919073e-07,6.614156689010997e-08,9.624287486076355e-05,0.00010331620433134958,0.9998422861099243,0.9997434020042419
3232,Food & Fruits,Food & Fruits,0.9998174905776978,Food & Fruits,0.9996759295463562,8.942958083935082e-05,0.00016181262617465109,0.9998174905776978,0.9996759295463562,8.773499575909227e-05,0.00016178902296815068,4.7925459512043744e-06,2.5829771743701713e-07,6.546489998981997e-07,8.867508682897096e-08
10770,People & Occupations,People & Occupations,0.9997761249542236,People & Occupations,0.9996269941329956,1.7540534827276133e-05,3.373905883563566e-07,0.00010930669668596238,0.00019581564993131906,0.9997761249542236,0.9996269941329956,9.663095261203125e-05,0.00017689389642328024,3.0579445819967077e-07,4.32047002618674e-08
5480,Nature & Space,Nature & Space,0.999829888343811,Nature & Space,0.9997066855430603,8.970411045083893e-07,6.040145876795577e-07,7.725197974650655e-06,2.53204234468285e-07,6.335232319543138e-05,0.0001577539078425616,0.999829888343811,0.9997066855430603,9.81483026407659e-05,0.00013465627853292972
7668,Emotions & Actions,Emotions & Actions,0.9997552037239075,Emotions & Actions,0.9995224475860596,0.00015166400407906622,0.0002502202696632594,2.089851477649063e-06,1.358216934477241e-07,5.613050575448142e-07,1.0090389679362488e-07,9.047120693139732e-05,0.00022714801889378577,0.9997552037239075,0.9995224475860596
7891,Animals & Pets,Animals & Pets,0.9997800588607788,Animals & Pets,0.9996772408485413,0.9997800588607788,0.9996772408485413,0.00010450998524902388,0.0001370716781821102,9.751640391186811e-06,4.2889749352070794e-07,9.455503118260822e-07,4.844631007472344e-07,0.00010467915853951126,0.00018470868235453963
11519,Animals & Pets,Animals & Pets,0.9998342990875244,Animals & Pets,0.9997292160987854,0.9998342990875244,0.9997292160987854,4.614449426298961e-05,0.00013359659351408482,8.536320819985121e-06,4.5249029767546745e-07,7.578597660540254e-07,3.50965024153993e-07,0.00011025238927686587,0.00013630485045723617
4370,Animals & Pets,Animals & Pets,0.9998208284378052,Animals & Pets,0.9996718764305115,0.9998208284378052,0.9996718764305115,7.729604840278625e-05,0.00015268140123225749,1.0381563697592355e-05,3.925968030671356e-07,9.127264206654218e-07,5.288704301165126e-07,9.046912600751966e-05,0.00017456196655984968
11911,Animals & Pets,Animals & Pets,0.9998524188995361,Animals & Pets,0.9997324347496033,0.9998524188995361,0.9997324347496033,3.892624954460189e-05,0.00011663402256090194,7.448330052284291e-06,3.6484993870544713e-07,7.240340096359432e-07,3.3336405635964184e-07,0.00010045940143754706,0.0001501662191003561
7043,Food & Fruits,Food & Fruits,0.9998608827590942,Food & Fruits,0.9997046589851379,7.094917236827314e-05,0.00016355681873392314,0.9998608827590942,0.9997046589851379,6.367258174577728e-05,0.00013141395174898207,3.8921662053326145e-06,2.4453035507576715e-07,5.776797138423717e-07,8.70379608386429e-08
8747,Food & Fruits,Food & Fruits,0.9998277425765991,Food & Fruits,0.9996439218521118,8.571281068725511e-05,0.0001547652791487053,0.9998277425765991,0.9996439218521118,8.130045171128586e-05,0.00020090093312319368,4.486684701987542e-06,2.949667532448075e-07,7.553683190053562e-07,8.868036616149766e-08
7625,Nature & Space,Nature & Space,0.9998224973678589,Nature & Space,0.9996451139450073,7.686693948016909e-07,6.417618578780093e-07,7.683473086217418e-06,2.409904880096292e-07,7.333884423132986e-05,0.00020332673739176244,0.9998224973678589,0.9996451139450073,9.565762593410909e-05,0.00015064219769556075
6979,People & Occupations,People & Occupations,0.999758780002594,People & Occupations,0.9996051788330078,2.4796576326480135e-05,3.355068827204377e-07,0.00011583818559302017,0.00017767451936379075,0.999758780002594,0.9996051788330078,0.00010006219235947356,0.00021675914467778057,4.29277463354083e-07,5.4782631764282996e-08
2986,Animals & Pets,Animals & Pets,0.9997931718826294,Animals & Pets,0.9996013641357422,0.9997931718826294,0.9996013641357422,9.098427835851908e-05,0.00023346701345872134,1.3738943380303681e-05,4.776014179697086e-07,1.1775194934671163e-06,5.809159233649552e-07,0.00010097854828927666,0.00016403741028625518
8111,Food & Fruits,Food & Fruits,0.9998461008071899,Food & Fruits,0.9996525049209595,7.338297291425988e-05,0.0001379925524815917,0.9998461008071899,0.9996525049209595,7.535639451816678e-05,0.0002091389469569549,4.381978669698583e-06,2.466669855039072e-07,6.936882073205197e-07,9.255404620489571e-08
11989,Animals & Pets,Animals & Pets,0.9997671246528625,Animals & Pets,0.9996417760848999,0.9997671246528625,0.9996417760848999,0.0001045654498739168,0.00014335602463688701,9.546200089971535e-06,3.8112094102871197e-07,1.0810665571625577e-06,4.0782921928439464e-07,0.0001177339581772685,0.0002141274744644761
2104,People & Occupations,People & Occupations,0.9997999668121338,People & Occupations,0.9996795058250427,1.677009458944667e-05,2.920967290265253e-07,9.74879803834483e-05,0.00015282795357052237,0.9997999668121338,0.9996795058250427,8.531694038538262e-05,0.00016733816300984472,3.410495708067174e-07,4.7944030967528306e-08
7795,Food & Fruits,Food & Fruits,0.9998501539230347,Food & Fruits,0.9997596144676208,5.8585974329616874e-05,0.00012197120668133721,0.9998501539230347,0.9997596144676208,8.606161281932145e-05,0.000118121417472139,4.445335434866138e-06,2.4916045049394597e-07,7.002179813753173e-07,8.63515339233345e-08
9754,Emotions & Actions,Emotions & Actions,0.999825119972229,Emotions & Actions,0.999690592288971,8.804092794889584e-05,0.00019416095165070146,1.451647676731227e-06,9.731397199175262e-08,2.8185061751173635e-07,7.085071729306947e-08,8.502398850396276e-05,0.00011501496192067862,0.999825119972229,0.999690592288971
10400,Animals & Pets,Animals & Pets,0.9998221397399902,Animals & Pets,0.9996915459632874,0.9998221397399902,0.9996915459632874,8.441012323601171e-05,0.00013692324864678085,9.519078957964666e-06,3.727371051809314e-07,8.854045745465555e-07,4.4273039634390443e-07,8.305456140078604e-05,0.00017065662541426718
3941,People & Occupations,People & Occupations,0.9997398257255554,People & Occupations,0.9996078014373779,1.9241773770772852e-05,3.7715821576966846e-07,0.0001391622208757326,0.00021806388394907117,0.9997398257255554,0.9996078014373779,0.00010139968799194321,0.0001737527345540002,3.2531755778109073e-07,5.0260574369076494e-08
3882,Nature & Space,Nature & Space,0.9998093843460083,Nature & Space,0.9997162222862244,1.0090731166201294e-06,7.085878337420581e-07,7.14431598680676e-06,2.3883444555394817e-07,9.565117943566293e-05,0.00011716021253960207,0.9998093843460083,0.9997162222862244,8.678776794113219e-05,0.00016569449508097023
3735,People & Occupations,People & Occupations,0.9997190833091736,People & Occupations,0.9996522665023804,1.6442567357444204e-05,3.0365794145836844e-07,0.00014020946400705725,0.00019684871949721128,0.9997190833091736,0.9996522665023804,0.00012395301018841565,0.00015058695862535387,3.0656508442916675e-07,4.3135798932780745e-08
3197,Animals & Pets,Animals & Pets,0.9997880458831787,Animals & Pets,0.9996669292449951,0.9997880458831787,0.9996669292449951,0.00010617919906508178,0.00016871911066118628,1.3402182048594113e-05,4.7463498731303844e-07,9.889516832117806e-07,4.7113269374676747e-07,9.138496534433216e-05,0.00016334161045961082
4699,People & Occupations,People & Occupations,0.9998142719268799,People & Occupations,0.9996387958526611,1.908970261865761e-05,3.1337381756202376e-07,7.771181844873354e-05,0.00018961109162773937,0.9998142719268799,0.9996387958526611,8.853437611833215e-05,0.0001712126104393974,3.0719485266672564e-07,4.912863005301915e-08
382,People & Occupations,People & Occupations,0.9998661279678345,People & Occupations,0.9997240900993347,1.3695766938326415e-05,2.5150546889562975e-07,5.636510468320921e-05,0.00014030632155481726,0.9998661279678345,0.9997240900993347,6.358887912938371e-05,0.00013536046026274562,2.2685682665724016e-07,3.721288877045481e-08
5469,Animals & Pets,Animals & Pets,0.9998272657394409,Animals & Pets,0.9997089505195618,0.9998272657394409,0.9997089505195618,7.034025475149974e-05,0.00015014306700322777,9.319978744315449e-06,4.82701523196738e-07,9.157463978226588e-07,4.4471306637206e-07,9.218431659974158e-05,0.00013989028229843825
9742,People & Occupations,People & Occupations,0.9998852014541626,People & Occupations,0.9997351765632629,1.169343613582896e-05,2.2001576382990606e-07,5.0490241847001016e-05,0.000129508669488132,0.9998852014541626,0.9997351765632629,5.2352748753037304e-05,0.0001350631791865453,2.015516002984441e-07,3.47432944636239e-08
3763,Animals & Pets,Animals & Pets,0.9997997283935547,Animals & Pets,0.9996272325515747,0.9997997283935547,0.9996272325515747,6.673567986581475e-05,0.0001570952299516648,1.1281767910986673e-05,4.0231157072412316e-07,9.621794561098795e-07,4.677866911606543e-07,0.000121224184113089,0.00021485974139068276
8631,Emotions & Actions,Emotions & Actions,0.9997190833091736,Emotions & Actions,0.9995360970497131,0.00020104389113839716,0.0002829724980983883,1.472050030315586e-06,1.4787666202664695e-07,6.240236416488187e-07,9.767919806336067e-08,7.773080142214894e-05,0.00018059911963064224,0.9997190833091736,0.9995360970497131
5964,People & Occupations,People & Occupations,0.9997869729995728,People & Occupations,0.9996453523635864,1.7905422282638028e-05,3.1896962582322885e-07,7.621195982210338e-05,0.00020680819579865783,0.9997869729995728,0.9996453523635864,0.00011858741345349699,0.00014748176909051836,2.8762488568645495e-07,4.040659362658516e-08
8339,Emotions & Actions,Emotions & Actions,0.9998342990875244,Emotions & Actions,0.9997190833091736,8.705843356437981e-05,0.00017638913413975388,1.2296118256927002e-06,1.0598931510230614e-07,3.6413661064216285e-07,8.627593217624963e-08,7.69912512623705e-05,0.00010433283023303375,0.9998342990875244,0.9997190833091736
5436,Emotions & Actions,Emotions & Actions,0.9997767210006714,Emotions & Actions,0.9996269941329956,9.908191714202985e-05,0.00020578998373821378,1.9343763142387616e-06,1.4088134037137934e-07,4.7273275072257093e-07,8.431524634033849e-08,0.00012174575385870412,0.00016698394028935581,0.9997767210006714,0.9996269941329956
5494,Food & Fruits,Food & Fruits,0.9997368454933167,Food & Fruits,0.9996827244758606,0.00012569583486765623,0.00017469025624450296,0.9997368454933167,0.9996827244758606,0.0001300832227570936,0.00014200971054378897,6.354782726702979e-06,3.9862547396296577e-07,9.772047633305192e-07,1.1846670133763837e-07
4304,People & Occupations,People & Occupations,0.9998561143875122,People & Occupations,0.9997299313545227,1.4132276191958226e-05,2.6683838427743467e-07,6.185346865095198e-05,0.00013341767771635205,0.9998561143875122,0.9997299313545227,6.75675692036748e-05,0.00013630832836497575,2.7525868517841445e-07,3.597981645953041e-08
9648,Food & Fruits,Food & Fruits,0.9998953342437744,Food & Fruits,0.9997672438621521,5.6643460993655026e-05,0.00011472152982605621,0.9998953342437744,0.9997672438621521,4.396638905745931e-05,0.00011767728574341163,3.451657221376081e-06,2.1125794091858552e-07,6.14265275089565e-07,7.591336981249697e-08
8173,Nature & Space,Nature & Space,0.9997325539588928,Nature & Space,0.999692976474762,1.4966682329031755e-06,7.837995781301288e-07,9.676584340923e-06,3.0111723958725634e-07,0.0001680714194662869,0.00013107348058838397,0.9997325539588928,0.999692976474762,8.815080946078524e-05,0.0001747883652569726
11791,Food & Fruits,Food & Fruits,0.9998968839645386,Food & Fruits,0.9997510313987732,4.985036503057927e-05,0.0001193923526443541,0.9998968839645386,0.9997510313987732,4.930884460918605e-05,0.00012920377776026726,3.3964552130782977e-06,2.0476389295254194e-07,5.51827440631314e-07,8.023610575946805e-08
1072,Emotions & Actions,Emotions & Actions,0.9997636675834656,Emotions & Actions,0.9996629953384399,8.027743024285883e-05,0.00016104233509395272,2.2546719264937565e-06,1.347936944284811e-07,4.370784836282837e-07,9.675348167093034e-08,0.0001533831236883998,0.00017568723706062883,0.9997636675834656,0.9996629953384399
11076,Emotions & Actions,Emotions & Actions,0.9997509121894836,Emotions & Actions,0.9996256828308105,8.779226482147351e-05,0.00020237428543623537,1.9701969904417638e-06,1.3487223782249202e-07,4.6431443934125127e-07,8.911739257655427e-08,0.00015884346794337034,0.00017167962505482137,0.9997509121894836,0.9996256828308105
5341,Emotions & Actions,Emotions & Actions,0.9996959567070007,Emotions & Actions,0.9995275139808655,0.00017749688413459808,0.0002780092472676188,1.5615763686582795e-06,1.307150654383804e-07,7.214718493742112e-07,9.628475083900412e-08,0.0001242428261321038,0.0001941646623890847,0.9996959567070007,0.9995275139808655
11852,Animals & Pets,Animals & Pets,0.9997192025184631,Animals & Pets,0.9995401501655579,0.9997192025184631,0.9995401501655579,0.00014692088006995618,0.00024143893097061664,1.6498990589752793e-05,4.6656222707497363e-07,1.0642836514307419e-06,5.451383344734495e-07,0.00011633276881184429,0.00021730904700234532
9486,Emotions & Actions,Emotions & Actions,0.9997531771659851,Emotions & Actions,0.9996291399002075,0.00011148457269882783,0.00018237151380162686,1.8830836552297114e-06,1.2654638226194947e-07,5.804558895761147e-07,9.013759694198598e-08,0.00013281687279231846,0.000188282152521424,0.9997531771659851,0.9996291399002075
4374,Animals & Pets,Animals & Pets,0.9997856616973877,Animals & Pets,0.9996822476387024,0.9997856616973877,0.9996822476387024,6.787867459934205e-05,0.0001582023105584085,9.19839021662483e-06,4.2414629319864616e-07,8.498780061927391e-07,4.3173622543690726e-07,0.00013630709145218134,0.00015853444347158074
2020,Animals & Pets,Animals & Pets,0.9998065233230591,Animals & Pets,0.9997127652168274,0.9998065233230591,0.9997127652168274,4.0506041841581464e-05,0.0001574280031491071,8.136406904668547e-06,4.3388962467361125e-07,8.211783324441058e-07,3.8532760981979663e-07,0.0001439796615159139,0.00012891340884380043
4760,Nature & Space,Nature & Space,0.9998055696487427,Nature & Space,0.999718964099884,9.008118695419398e-07,6.80200059832714e-07,7.663869837415405e-06,2.123141484844382e-07,6.016102997818962e-05,0.0001449550036340952,0.9998055696487427,0.999718964099884,0.00012559880269691348,0.00013512966688722372
1260,Nature & Space,Nature & Space,0.9998288154602051,Nature & Space,0.9997331500053406,9.084922680813179e-07,5.265499680717767e-07,6.217583631951129e-06,1.9263623585175083e-07,7.472754805348814e-05,0.0001262164587387815,0.9998288154602051,0.9997331500053406,8.92601819941774e-05,0.0001399195461999625
8014,People & Occupations,People & Occupations,0.9998210668563843,People & Occupations,0.9997099041938782,1.4930605175322853e-05,2.620296299937763e-07,9.399517875863239e-05,0.00015356515359599143,0.9998210668563843,0.9997099041938782,6.973415293032303e-05,0.00013615787611342967,2.3497069889799604e-07,4.066683345627098e-08
3416,Food & Fruits,Food & Fruits,0.999813437461853,Food & Fruits,0.999687135219574,8.32833829917945e-05,0.00015854625962674618,0.999813437461853,0.999687135219574,9.657384362071753e-05,0.00015381390403490514,5.8045015975949354e-06,3.4523324643487285e-07,8.093098244899011e-07,1.0621785406783602e-07
11134,Food & Fruits,Food & Fruits,0.9997779130935669,Food & Fruits,0.999640703201294,0.00010605749412206933,0.00019460543990135193,0.9997779130935669,0.999640703201294,0.0001086374104488641,0.00016426319780293852,6.331922122626565e-06,3.801277443926665e-07,9.319921900896588e-07,1.0967103492021124e-07
11867,Food & Fruits,Food & Fruits,0.9998425245285034,Food & Fruits,0.9996859431266785,6.54399482300505e-05,0.0001364952331641689,0.9998425245285034,0.9996859431266785,8.595079998485744e-05,0.0001772488176357001,5.357645477488404e-06,2.969289027987543e-07,7.535475674558256e-07,9.48591107885477e-08
7466,Nature & Space,Nature & Space,0.9997884035110474,Nature & Space,0.9996821284294128,1.1795167438322096e-06,7.082298907334916e-07,8.560752576158848e-06,3.00108268902477e-07,0.00010126786946784705,0.0001642584102228284,0.9997884035110474,0.9996821284294128,0.0001006081874947995,0.00015254280879162252
3820,Emotions & Actions,Emotions & Actions,0.9997522234916687,Emotions & Actions,0.9995921850204468,0.00011646027269307524,0.00021613128774333745,2.0360253074613865e-06,1.2648355607325357e-07,3.905877292709192e-07,7.826146486422658e-08,0.0001289310457650572,0.00019140521180815995,0.9997522234916687,0.9995921850204468
1368,People & Occupations,People & Occupations,0.9997966289520264,People & Occupations,0.9996418952941895,1.714734207780566e-05,3.120450458027335e-07,0.00011222248576814309,0.00022407456708606333,0.9997966289520264,0.9996418952941895,7.367756916210055e-05,0.00013364966434892267,3.92467597976065e-07,4.07050393391728e-08
